{"epoch":1,"_step":7,"ema_samples":{"width":64,"height":64,"_type":"image-file","sha256":"68552a673198f5bdcef8b3b3f94d4ac17b6bfae82f94a806389540e86994c8e1","size":9869,"path":"media/images/ema_samples_6_68552a673198f5bdcef8.png","format":"png"},"grad_norm":1.5408974885940552,"step":599,"_timestamp":1.7538594820096247e+09,"epoch_loss":0.68044833907485,"_runtime":75,"samples":{"height":64,"_type":"image-file","sha256":"baa628b53f431a5cd81a5f69da6f3e25a5965ff941cc189aa2ebd11a6b3aa366","size":2895,"path":"media/images/samples_6_baa628b53f431a5cd81a.png","format":"png","width":64},"loss":0.21240395307540894,"_wandb":{"runtime":75},"learning_rate":6.6654224444444435e-06}