l2_rel_error,l1_rel_error,mean_l2_rel_error,mean_l1_rel_error,std_l2_rel_error,std_l1_rel_error
0.5500187277793884,0.43315380811691284,0.47049116803705693,0.3414458035901189,0.058071016302838306,0.0643036685811522
0.47601866722106934,0.35233330726623535,0.47049116803705693,0.3414458035901189,0.058071016302838306,0.0643036685811522
0.40331628918647766,0.2391209602355957,0.47049116803705693,0.3414458035901189,0.058071016302838306,0.0643036685811522
0.5047177076339722,0.3879033327102661,0.47049116803705693,0.3414458035901189,0.058071016302838306,0.0643036685811522
0.42789289355278015,0.26702648401260376,0.47049116803705693,0.3414458035901189,0.058071016302838306,0.0643036685811522
0.4951004981994629,0.376066654920578,0.47049116803705693,0.3414458035901189,0.058071016302838306,0.0643036685811522
0.3970831334590912,0.22008389234542847,0.47049116803705693,0.3414458035901189,0.058071016302838306,0.0643036685811522
0.46378764510154724,0.3348454236984253,0.47049116803705693,0.3414458035901189,0.058071016302838306,0.0643036685811522
0.4406455159187317,0.32711970806121826,0.47049116803705693,0.3414458035901189,0.058071016302838306,0.0643036685811522
0.45628124475479126,0.3272385895252228,0.47049116803705693,0.3414458035901189,0.058071016302838306,0.0643036685811522
0.48926568031311035,0.3574969172477722,0.47049116803705693,0.3414458035901189,0.058071016302838306,0.0643036685811522
0.4883820116519928,0.3780175745487213,0.47049116803705693,0.3414458035901189,0.058071016302838306,0.0643036685811522
0.4291869103908539,0.3298890292644501,0.47049116803705693,0.3414458035901189,0.058071016302838306,0.0643036685811522
0.4340900480747223,0.32105278968811035,0.47049116803705693,0.3414458035901189,0.058071016302838306,0.0643036685811522
0.4297321140766144,0.2887577712535858,0.47049116803705693,0.3414458035901189,0.058071016302838306,0.0643036685811522
0.4148861765861511,0.30524158477783203,0.47049116803705693,0.3414458035901189,0.058071016302838306,0.0643036685811522
0.46481943130493164,0.2815716564655304,0.47049116803705693,0.3414458035901189,0.058071016302838306,0.0643036685811522
0.43197599053382874,0.29647332429885864,0.47049116803705693,0.3414458035901189,0.058071016302838306,0.0643036685811522
0.5421492457389832,0.4251296818256378,0.47049116803705693,0.3414458035901189,0.058071016302838306,0.0643036685811522
0.48791855573654175,0.3810107111930847,0.47049116803705693,0.3414458035901189,0.058071016302838306,0.0643036685811522
0.5200751423835754,0.3930572271347046,0.47049116803705693,0.3414458035901189,0.058071016302838306,0.0643036685811522
0.4372864365577698,0.3314354419708252,0.47049116803705693,0.3414458035901189,0.058071016302838306,0.0643036685811522
0.4387120008468628,0.3093383014202118,0.47049116803705693,0.3414458035901189,0.058071016302838306,0.0643036685811522
0.45503944158554077,0.3488031327724457,0.47049116803705693,0.3414458035901189,0.058071016302838306,0.0643036685811522
0.479172021150589,0.3400322198867798,0.47049116803705693,0.3414458035901189,0.058071016302838306,0.0643036685811522
0.304275780916214,0.19067607820034027,0.47049116803705693,0.3414458035901189,0.058071016302838306,0.0643036685811522
0.42981189489364624,0.25947076082229614,0.47049116803705693,0.3414458035901189,0.058071016302838306,0.0643036685811522
0.448235422372818,0.3270789682865143,0.47049116803705693,0.3414458035901189,0.058071016302838306,0.0643036685811522
0.3316965401172638,0.18029683828353882,0.47049116803705693,0.3414458035901189,0.058071016302838306,0.0643036685811522
0.4160924255847931,0.23663857579231262,0.47049116803705693,0.3414458035901189,0.058071016302838306,0.0643036685811522
0.511618971824646,0.3858167827129364,0.47049116803705693,0.3414458035901189,0.058071016302838306,0.0643036685811522
0.415207177400589,0.3127587139606476,0.47049116803705693,0.3414458035901189,0.058071016302838306,0.0643036685811522
0.4782705008983612,0.3529014587402344,0.47049116803705693,0.3414458035901189,0.058071016302838306,0.0643036685811522
0.39415332674980164,0.2545447051525116,0.47049116803705693,0.3414458035901189,0.058071016302838306,0.0643036685811522
0.546910285949707,0.38424745202064514,0.47049116803705693,0.3414458035901189,0.058071016302838306,0.0643036685811522
0.4321635663509369,0.2707374393939972,0.47049116803705693,0.3414458035901189,0.058071016302838306,0.0643036685811522
0.49865713715553284,0.38634243607521057,0.47049116803705693,0.3414458035901189,0.058071016302838306,0.0643036685811522
0.3978849947452545,0.22902925312519073,0.47049116803705693,0.3414458035901189,0.058071016302838306,0.0643036685811522
0.5848124027252197,0.4752412438392639,0.47049116803705693,0.3414458035901189,0.058071016302838306,0.0643036685811522
0.4610143005847931,0.2839430272579193,0.47049116803705693,0.3414458035901189,0.058071016302838306,0.0643036685811522
0.5052531957626343,0.3829953372478485,0.47049116803705693,0.3414458035901189,0.058071016302838306,0.0643036685811522
0.40980812907218933,0.2993486821651459,0.47049116803705693,0.3414458035901189,0.058071016302838306,0.0643036685811522
0.4710075557231903,0.3566306233406067,0.47049116803705693,0.3414458035901189,0.058071016302838306,0.0643036685811522
0.4522145986557007,0.35790374875068665,0.47049116803705693,0.3414458035901189,0.058071016302838306,0.0643036685811522
0.41211652755737305,0.31021130084991455,0.47049116803705693,0.3414458035901189,0.058071016302838306,0.0643036685811522
0.5352919697761536,0.4085221290588379,0.47049116803705693,0.3414458035901189,0.058071016302838306,0.0643036685811522
0.39046531915664673,0.24681544303894043,0.47049116803705693,0.3414458035901189,0.058071016302838306,0.0643036685811522
0.5548672080039978,0.45501023530960083,0.47049116803705693,0.3414458035901189,0.058071016302838306,0.0643036685811522
0.39698266983032227,0.28471142053604126,0.47049116803705693,0.3414458035901189,0.058071016302838306,0.0643036685811522
0.4473669230937958,0.3420295715332031,0.47049116803705693,0.3414458035901189,0.058071016302838306,0.0643036685811522
0.4745139479637146,0.3544307351112366,0.47049116803705693,0.3414458035901189,0.058071016302838306,0.0643036685811522
0.4503535032272339,0.332000732421875,0.47049116803705693,0.3414458035901189,0.058071016302838306,0.0643036685811522
0.441985160112381,0.29001370072364807,0.47049116803705693,0.3414458035901189,0.058071016302838306,0.0643036685811522
0.45006847381591797,0.33394894003868103,0.47049116803705693,0.3414458035901189,0.058071016302838306,0.0643036685811522
0.39345699548721313,0.25652381777763367,0.47049116803705693,0.3414458035901189,0.058071016302838306,0.0643036685811522
0.42284321784973145,0.29755309224128723,0.47049116803705693,0.3414458035901189,0.058071016302838306,0.0643036685811522
0.5465524196624756,0.3940254747867584,0.47049116803705693,0.3414458035901189,0.058071016302838306,0.0643036685811522
0.49478232860565186,0.3238433301448822,0.47049116803705693,0.3414458035901189,0.058071016302838306,0.0643036685811522
0.4674334228038788,0.3539433479309082,0.47049116803705693,0.3414458035901189,0.058071016302838306,0.0643036685811522
0.463657408952713,0.2904320955276489,0.47049116803705693,0.3414458035901189,0.058071016302838306,0.0643036685811522
0.45851007103919983,0.34275659918785095,0.47049116803705693,0.3414458035901189,0.058071016302838306,0.0643036685811522
0.4226018786430359,0.24220982193946838,0.47049116803705693,0.3414458035901189,0.058071016302838306,0.0643036685811522
0.5204256772994995,0.40085744857788086,0.47049116803705693,0.3414458035901189,0.058071016302838306,0.0643036685811522
0.4441930651664734,0.3225923776626587,0.47049116803705693,0.3414458035901189,0.058071016302838306,0.0643036685811522
0.42430004477500916,0.3255000710487366,0.47049116803705693,0.3414458035901189,0.058071016302838306,0.0643036685811522
0.39381036162376404,0.2301204800605774,0.47049116803705693,0.3414458035901189,0.058071016302838306,0.0643036685811522
0.4698902666568756,0.3672652542591095,0.47049116803705693,0.3414458035901189,0.058071016302838306,0.0643036685811522
0.43990376591682434,0.30647748708724976,0.47049116803705693,0.3414458035901189,0.058071016302838306,0.0643036685811522
0.3873833119869232,0.22710609436035156,0.47049116803705693,0.3414458035901189,0.058071016302838306,0.0643036685811522
0.5249029994010925,0.3785375952720642,0.47049116803705693,0.3414458035901189,0.058071016302838306,0.0643036685811522
0.5070443749427795,0.31847327947616577,0.47049116803705693,0.3414458035901189,0.058071016302838306,0.0643036685811522
0.5395301580429077,0.37142446637153625,0.47049116803705693,0.3414458035901189,0.058071016302838306,0.0643036685811522
0.4823777973651886,0.30024200677871704,0.47049116803705693,0.3414458035901189,0.058071016302838306,0.0643036685811522
0.4598856568336487,0.3590567409992218,0.47049116803705693,0.3414458035901189,0.058071016302838306,0.0643036685811522
0.4442394971847534,0.33135974407196045,0.47049116803705693,0.3414458035901189,0.058071016302838306,0.0643036685811522
0.4633347988128662,0.3558225631713867,0.47049116803705693,0.3414458035901189,0.058071016302838306,0.0643036685811522
0.4669415056705475,0.30210816860198975,0.47049116803705693,0.3414458035901189,0.058071016302838306,0.0643036685811522
0.47274625301361084,0.3419564664363861,0.47049116803705693,0.3414458035901189,0.058071016302838306,0.0643036685811522
0.42992863059043884,0.262332946062088,0.47049116803705693,0.3414458035901189,0.058071016302838306,0.0643036685811522
0.43427395820617676,0.3242070972919464,0.47049116803705693,0.3414458035901189,0.058071016302838306,0.0643036685811522
0.4786207377910614,0.3099876046180725,0.47049116803705693,0.3414458035901189,0.058071016302838306,0.0643036685811522
0.514377236366272,0.39603716135025024,0.47049116803705693,0.3414458035901189,0.058071016302838306,0.0643036685811522
0.44516488909721375,0.3497896194458008,0.47049116803705693,0.3414458035901189,0.058071016302838306,0.0643036685811522
0.5652828812599182,0.44417089223861694,0.47049116803705693,0.3414458035901189,0.058071016302838306,0.0643036685811522
0.3478129208087921,0.19313682615756989,0.47049116803705693,0.3414458035901189,0.058071016302838306,0.0643036685811522
0.43575024604797363,0.34096014499664307,0.47049116803705693,0.3414458035901189,0.058071016302838306,0.0643036685811522
0.49570053815841675,0.37755706906318665,0.47049116803705693,0.3414458035901189,0.058071016302838306,0.0643036685811522
0.644734799861908,0.5286397337913513,0.47049116803705693,0.3414458035901189,0.058071016302838306,0.0643036685811522
0.4107983410358429,0.30364134907722473,0.47049116803705693,0.3414458035901189,0.058071016302838306,0.0643036685811522
0.46588727831840515,0.35402050614356995,0.47049116803705693,0.3414458035901189,0.058071016302838306,0.0643036685811522
0.47448456287384033,0.3425087332725525,0.47049116803705693,0.3414458035901189,0.058071016302838306,0.0643036685811522
0.45517340302467346,0.3666616678237915,0.47049116803705693,0.3414458035901189,0.058071016302838306,0.0643036685811522
0.448053777217865,0.34410926699638367,0.47049116803705693,0.3414458035901189,0.058071016302838306,0.0643036685811522
0.4569169580936432,0.2926228642463684,0.47049116803705693,0.3414458035901189,0.058071016302838306,0.0643036685811522
0.46230369806289673,0.33658915758132935,0.47049116803705693,0.3414458035901189,0.058071016302838306,0.0643036685811522
0.3777768909931183,0.2358696460723877,0.47049116803705693,0.3414458035901189,0.058071016302838306,0.0643036685811522
0.5537197589874268,0.4310018718242645,0.47049116803705693,0.3414458035901189,0.058071016302838306,0.0643036685811522
0.5360307097434998,0.378280371427536,0.47049116803705693,0.3414458035901189,0.058071016302838306,0.0643036685811522
0.5144304037094116,0.3903897702693939,0.47049116803705693,0.3414458035901189,0.058071016302838306,0.0643036685811522
0.44467008113861084,0.3103645145893097,0.47049116803705693,0.3414458035901189,0.058071016302838306,0.0643036685811522
0.46863025426864624,0.3620726466178894,0.47049116803705693,0.3414458035901189,0.058071016302838306,0.0643036685811522
0.5790581107139587,0.45765796303749084,0.47049116803705693,0.3414458035901189,0.058071016302838306,0.0643036685811522
0.4350498914718628,0.33449336886405945,0.47049116803705693,0.3414458035901189,0.058071016302838306,0.0643036685811522
0.4945853352546692,0.31765085458755493,0.47049116803705693,0.3414458035901189,0.058071016302838306,0.0643036685811522
0.5600209832191467,0.41802698373794556,0.47049116803705693,0.3414458035901189,0.058071016302838306,0.0643036685811522
0.4768514037132263,0.36191776394844055,0.47049116803705693,0.3414458035901189,0.058071016302838306,0.0643036685811522
0.560798704624176,0.411225289106369,0.47049116803705693,0.3414458035901189,0.058071016302838306,0.0643036685811522
0.535773515701294,0.41799023747444153,0.47049116803705693,0.3414458035901189,0.058071016302838306,0.0643036685811522
0.4286065697669983,0.2554551959037781,0.47049116803705693,0.3414458035901189,0.058071016302838306,0.0643036685811522
0.5224428772926331,0.408681184053421,0.47049116803705693,0.3414458035901189,0.058071016302838306,0.0643036685811522
0.4982285499572754,0.3872532248497009,0.47049116803705693,0.3414458035901189,0.058071016302838306,0.0643036685811522
0.5842555165290833,0.4641893208026886,0.47049116803705693,0.3414458035901189,0.058071016302838306,0.0643036685811522
0.4224424958229065,0.32405319809913635,0.47049116803705693,0.3414458035901189,0.058071016302838306,0.0643036685811522
0.445341020822525,0.33453434705734253,0.47049116803705693,0.3414458035901189,0.058071016302838306,0.0643036685811522
0.490326851606369,0.360601007938385,0.47049116803705693,0.3414458035901189,0.058071016302838306,0.0643036685811522
0.5149426460266113,0.36595308780670166,0.47049116803705693,0.3414458035901189,0.058071016302838306,0.0643036685811522
0.44932687282562256,0.33648917078971863,0.47049116803705693,0.3414458035901189,0.058071016302838306,0.0643036685811522
0.6215021014213562,0.5063740015029907,0.47049116803705693,0.3414458035901189,0.058071016302838306,0.0643036685811522
0.4480196237564087,0.26574549078941345,0.47049116803705693,0.3414458035901189,0.058071016302838306,0.0643036685811522
0.5106285214424133,0.37674054503440857,0.47049116803705693,0.3414458035901189,0.058071016302838306,0.0643036685811522
0.5250453948974609,0.41570213437080383,0.47049116803705693,0.3414458035901189,0.058071016302838306,0.0643036685811522
0.46112513542175293,0.2739757299423218,0.47049116803705693,0.3414458035901189,0.058071016302838306,0.0643036685811522
0.48212066292762756,0.36659032106399536,0.47049116803705693,0.3414458035901189,0.058071016302838306,0.0643036685811522
0.4245575964450836,0.3184089958667755,0.47049116803705693,0.3414458035901189,0.058071016302838306,0.0643036685811522
0.4951731562614441,0.3672196567058563,0.47049116803705693,0.3414458035901189,0.058071016302838306,0.0643036685811522
0.3926531672477722,0.25292113423347473,0.47049116803705693,0.3414458035901189,0.058071016302838306,0.0643036685811522
0.41859379410743713,0.31296783685684204,0.47049116803705693,0.3414458035901189,0.058071016302838306,0.0643036685811522
0.4473680257797241,0.33691075444221497,0.47049116803705693,0.3414458035901189,0.058071016302838306,0.0643036685811522
0.446980357170105,0.335671067237854,0.47049116803705693,0.3414458035901189,0.058071016302838306,0.0643036685811522
0.44595831632614136,0.2696605324745178,0.47049116803705693,0.3414458035901189,0.058071016302838306,0.0643036685811522
0.42846596240997314,0.3084280490875244,0.47049116803705693,0.3414458035901189,0.058071016302838306,0.0643036685811522
0.6151896119117737,0.5037177205085754,0.47049116803705693,0.3414458035901189,0.058071016302838306,0.0643036685811522
0.4905477464199066,0.3692608177661896,0.47049116803705693,0.3414458035901189,0.058071016302838306,0.0643036685811522
0.4806677997112274,0.36528199911117554,0.47049116803705693,0.3414458035901189,0.058071016302838306,0.0643036685811522
0.6718251705169678,0.5562081933021545,0.47049116803705693,0.3414458035901189,0.058071016302838306,0.0643036685811522
0.4649655520915985,0.3502480387687683,0.47049116803705693,0.3414458035901189,0.058071016302838306,0.0643036685811522
0.5162562727928162,0.39589181542396545,0.47049116803705693,0.3414458035901189,0.058071016302838306,0.0643036685811522
0.3898872435092926,0.2239910066127777,0.47049116803705693,0.3414458035901189,0.058071016302838306,0.0643036685811522
0.45144471526145935,0.3444892168045044,0.47049116803705693,0.3414458035901189,0.058071016302838306,0.0643036685811522
0.4494287669658661,0.3413233160972595,0.47049116803705693,0.3414458035901189,0.058071016302838306,0.0643036685811522
0.45485469698905945,0.33758488297462463,0.47049116803705693,0.3414458035901189,0.058071016302838306,0.0643036685811522
0.5040491819381714,0.3217088580131531,0.47049116803705693,0.3414458035901189,0.058071016302838306,0.0643036685811522
0.42068004608154297,0.24812813103199005,0.47049116803705693,0.3414458035901189,0.058071016302838306,0.0643036685811522
0.6458644270896912,0.5357742309570312,0.47049116803705693,0.3414458035901189,0.058071016302838306,0.0643036685811522
0.5119752287864685,0.38028907775878906,0.47049116803705693,0.3414458035901189,0.058071016302838306,0.0643036685811522
0.5162414312362671,0.34991398453712463,0.47049116803705693,0.3414458035901189,0.058071016302838306,0.0643036685811522
0.5291647911071777,0.3786287009716034,0.47049116803705693,0.3414458035901189,0.058071016302838306,0.0643036685811522
0.5199394226074219,0.34486091136932373,0.47049116803705693,0.3414458035901189,0.058071016302838306,0.0643036685811522
0.45810845494270325,0.353325754404068,0.47049116803705693,0.3414458035901189,0.058071016302838306,0.0643036685811522
0.40274176001548767,0.2855653464794159,0.47049116803705693,0.3414458035901189,0.058071016302838306,0.0643036685811522
0.4687004089355469,0.3570287227630615,0.47049116803705693,0.3414458035901189,0.058071016302838306,0.0643036685811522
0.48058104515075684,0.3619263172149658,0.47049116803705693,0.3414458035901189,0.058071016302838306,0.0643036685811522
0.4459753632545471,0.297227144241333,0.47049116803705693,0.3414458035901189,0.058071016302838306,0.0643036685811522
0.4488871097564697,0.3387441039085388,0.47049116803705693,0.3414458035901189,0.058071016302838306,0.0643036685811522
0.44811317324638367,0.32957783341407776,0.47049116803705693,0.3414458035901189,0.058071016302838306,0.0643036685811522
0.49726301431655884,0.37077268958091736,0.47049116803705693,0.3414458035901189,0.058071016302838306,0.0643036685811522
0.5002180337905884,0.3815353810787201,0.47049116803705693,0.3414458035901189,0.058071016302838306,0.0643036685811522
0.4309322237968445,0.3298506736755371,0.47049116803705693,0.3414458035901189,0.058071016302838306,0.0643036685811522
0.39374515414237976,0.2714395225048065,0.47049116803705693,0.3414458035901189,0.058071016302838306,0.0643036685811522
0.45362982153892517,0.35869497060775757,0.47049116803705693,0.3414458035901189,0.058071016302838306,0.0643036685811522
0.547541618347168,0.4040300250053406,0.47049116803705693,0.3414458035901189,0.058071016302838306,0.0643036685811522
0.478384792804718,0.3706125319004059,0.47049116803705693,0.3414458035901189,0.058071016302838306,0.0643036685811522
0.48116007447242737,0.33809641003608704,0.47049116803705693,0.3414458035901189,0.058071016302838306,0.0643036685811522
0.5495156645774841,0.43364661931991577,0.47049116803705693,0.3414458035901189,0.058071016302838306,0.0643036685811522
0.47607964277267456,0.37308090925216675,0.47049116803705693,0.3414458035901189,0.058071016302838306,0.0643036685811522
0.5054561495780945,0.38853099942207336,0.47049116803705693,0.3414458035901189,0.058071016302838306,0.0643036685811522
0.4616050720214844,0.3258620500564575,0.47049116803705693,0.3414458035901189,0.058071016302838306,0.0643036685811522
0.5016990303993225,0.37778162956237793,0.47049116803705693,0.3414458035901189,0.058071016302838306,0.0643036685811522
0.4491102397441864,0.3441777229309082,0.47049116803705693,0.3414458035901189,0.058071016302838306,0.0643036685811522
0.4538525342941284,0.3488452732563019,0.47049116803705693,0.3414458035901189,0.058071016302838306,0.0643036685811522
0.47093454003334045,0.34682708978652954,0.47049116803705693,0.3414458035901189,0.058071016302838306,0.0643036685811522
0.5224448442459106,0.41199952363967896,0.47049116803705693,0.3414458035901189,0.058071016302838306,0.0643036685811522
0.4674450159072876,0.3661719560623169,0.47049116803705693,0.3414458035901189,0.058071016302838306,0.0643036685811522
0.4868866503238678,0.3895534574985504,0.47049116803705693,0.3414458035901189,0.058071016302838306,0.0643036685811522
0.5008460879325867,0.35706382989883423,0.47049116803705693,0.3414458035901189,0.058071016302838306,0.0643036685811522
0.4741489291191101,0.3552418351173401,0.47049116803705693,0.3414458035901189,0.058071016302838306,0.0643036685811522
0.4241076111793518,0.3267630934715271,0.47049116803705693,0.3414458035901189,0.058071016302838306,0.0643036685811522
0.4567631185054779,0.2920295000076294,0.47049116803705693,0.3414458035901189,0.058071016302838306,0.0643036685811522
0.5032405853271484,0.37232106924057007,0.47049116803705693,0.3414458035901189,0.058071016302838306,0.0643036685811522
0.5016465187072754,0.38637638092041016,0.47049116803705693,0.3414458035901189,0.058071016302838306,0.0643036685811522
0.5017485618591309,0.3766753077507019,0.47049116803705693,0.3414458035901189,0.058071016302838306,0.0643036685811522
0.5082071423530579,0.3849390149116516,0.47049116803705693,0.3414458035901189,0.058071016302838306,0.0643036685811522
0.4332805275917053,0.2979184687137604,0.47049116803705693,0.3414458035901189,0.058071016302838306,0.0643036685811522
0.516555905342102,0.38945284485816956,0.47049116803705693,0.3414458035901189,0.058071016302838306,0.0643036685811522
0.5017798542976379,0.37913501262664795,0.47049116803705693,0.3414458035901189,0.058071016302838306,0.0643036685811522
0.5919767022132874,0.4563184380531311,0.47049116803705693,0.3414458035901189,0.058071016302838306,0.0643036685811522
0.5425774455070496,0.4119965732097626,0.47049116803705693,0.3414458035901189,0.058071016302838306,0.0643036685811522
0.3865034282207489,0.23284783959388733,0.47049116803705693,0.3414458035901189,0.058071016302838306,0.0643036685811522
0.5141096711158752,0.3920840620994568,0.47049116803705693,0.3414458035901189,0.058071016302838306,0.0643036685811522
0.49607735872268677,0.3930061459541321,0.47049116803705693,0.3414458035901189,0.058071016302838306,0.0643036685811522
0.4435119926929474,0.28256699442863464,0.47049116803705693,0.3414458035901189,0.058071016302838306,0.0643036685811522
0.5334405303001404,0.4188351631164551,0.47049116803705693,0.3414458035901189,0.058071016302838306,0.0643036685811522
0.4432631731033325,0.34291625022888184,0.47049116803705693,0.3414458035901189,0.058071016302838306,0.0643036685811522
0.5216459035873413,0.3656620383262634,0.47049116803705693,0.3414458035901189,0.058071016302838306,0.0643036685811522
0.5071772336959839,0.39430156350135803,0.47049116803705693,0.3414458035901189,0.058071016302838306,0.0643036685811522
0.4560973346233368,0.34248432517051697,0.47049116803705693,0.3414458035901189,0.058071016302838306,0.0643036685811522
0.42461442947387695,0.25159308314323425,0.47049116803705693,0.3414458035901189,0.058071016302838306,0.0643036685811522
0.47041627764701843,0.3320113718509674,0.47049116803705693,0.3414458035901189,0.058071016302838306,0.0643036685811522
0.44551587104797363,0.35192880034446716,0.47049116803705693,0.3414458035901189,0.058071016302838306,0.0643036685811522
0.4904397130012512,0.38021570444107056,0.47049116803705693,0.3414458035901189,0.058071016302838306,0.0643036685811522
0.4634600579738617,0.33427003026008606,0.47049116803705693,0.3414458035901189,0.058071016302838306,0.0643036685811522
0.5583868026733398,0.36931312084198,0.47049116803705693,0.3414458035901189,0.058071016302838306,0.0643036685811522
0.4706732928752899,0.35229310393333435,0.47049116803705693,0.3414458035901189,0.058071016302838306,0.0643036685811522
0.4833587408065796,0.3841332197189331,0.47049116803705693,0.3414458035901189,0.058071016302838306,0.0643036685811522
0.3737848997116089,0.2596924901008606,0.47049116803705693,0.3414458035901189,0.058071016302838306,0.0643036685811522
0.5249758958816528,0.3436884582042694,0.47049116803705693,0.3414458035901189,0.058071016302838306,0.0643036685811522
0.4672403931617737,0.3535083532333374,0.47049116803705693,0.3414458035901189,0.058071016302838306,0.0643036685811522
0.43966707587242126,0.3402998149394989,0.47049116803705693,0.3414458035901189,0.058071016302838306,0.0643036685811522
0.4919660985469818,0.38208240270614624,0.47049116803705693,0.3414458035901189,0.058071016302838306,0.0643036685811522
0.4544789493083954,0.3496590852737427,0.47049116803705693,0.3414458035901189,0.058071016302838306,0.0643036685811522
0.48013487458229065,0.36573320627212524,0.47049116803705693,0.3414458035901189,0.058071016302838306,0.0643036685811522
0.5074446201324463,0.39010006189346313,0.47049116803705693,0.3414458035901189,0.058071016302838306,0.0643036685811522
0.4534236788749695,0.34534555673599243,0.47049116803705693,0.3414458035901189,0.058071016302838306,0.0643036685811522
0.4508764445781708,0.34090790152549744,0.47049116803705693,0.3414458035901189,0.058071016302838306,0.0643036685811522
0.5204753279685974,0.3973194658756256,0.47049116803705693,0.3414458035901189,0.058071016302838306,0.0643036685811522
0.3639419972896576,0.2478059083223343,0.47049116803705693,0.3414458035901189,0.058071016302838306,0.0643036685811522
0.4386175572872162,0.3378196656703949,0.47049116803705693,0.3414458035901189,0.058071016302838306,0.0643036685811522
0.5167157649993896,0.3714858293533325,0.47049116803705693,0.3414458035901189,0.058071016302838306,0.0643036685811522
0.4875444173812866,0.3582674562931061,0.47049116803705693,0.3414458035901189,0.058071016302838306,0.0643036685811522
0.4900728166103363,0.3687633275985718,0.47049116803705693,0.3414458035901189,0.058071016302838306,0.0643036685811522
0.4986274540424347,0.3704521059989929,0.47049116803705693,0.3414458035901189,0.058071016302838306,0.0643036685811522
0.46594756841659546,0.35993528366088867,0.47049116803705693,0.3414458035901189,0.058071016302838306,0.0643036685811522
0.42876213788986206,0.31699180603027344,0.47049116803705693,0.3414458035901189,0.058071016302838306,0.0643036685811522
0.48447543382644653,0.36879873275756836,0.47049116803705693,0.3414458035901189,0.058071016302838306,0.0643036685811522
0.46874839067459106,0.3505638837814331,0.47049116803705693,0.3414458035901189,0.058071016302838306,0.0643036685811522
0.42306989431381226,0.3160317540168762,0.47049116803705693,0.3414458035901189,0.058071016302838306,0.0643036685811522
0.4472368061542511,0.2767302691936493,0.47049116803705693,0.3414458035901189,0.058071016302838306,0.0643036685811522
0.5639277100563049,0.44521352648735046,0.47049116803705693,0.3414458035901189,0.058071016302838306,0.0643036685811522
0.513265073299408,0.3892596364021301,0.47049116803705693,0.3414458035901189,0.058071016302838306,0.0643036685811522
0.4416726231575012,0.3150787949562073,0.47049116803705693,0.3414458035901189,0.058071016302838306,0.0643036685811522
0.47042593359947205,0.3704407215118408,0.47049116803705693,0.3414458035901189,0.058071016302838306,0.0643036685811522
0.4197571575641632,0.27645277976989746,0.47049116803705693,0.3414458035901189,0.058071016302838306,0.0643036685811522
0.5350200533866882,0.39664143323898315,0.47049116803705693,0.3414458035901189,0.058071016302838306,0.0643036685811522
0.4451312720775604,0.2854348421096802,0.47049116803705693,0.3414458035901189,0.058071016302838306,0.0643036685811522
0.5454174876213074,0.41970235109329224,0.47049116803705693,0.3414458035901189,0.058071016302838306,0.0643036685811522
0.4908234179019928,0.37064769864082336,0.47049116803705693,0.3414458035901189,0.058071016302838306,0.0643036685811522
0.48526903986930847,0.3204718232154846,0.47049116803705693,0.3414458035901189,0.058071016302838306,0.0643036685811522
0.4412899613380432,0.3287683129310608,0.47049116803705693,0.3414458035901189,0.058071016302838306,0.0643036685811522
0.5496751666069031,0.4036337733268738,0.47049116803705693,0.3414458035901189,0.058071016302838306,0.0643036685811522
0.55318683385849,0.4398261606693268,0.47049116803705693,0.3414458035901189,0.058071016302838306,0.0643036685811522
0.4575074017047882,0.2789265513420105,0.47049116803705693,0.3414458035901189,0.058071016302838306,0.0643036685811522
0.4461880624294281,0.34635812044143677,0.47049116803705693,0.3414458035901189,0.058071016302838306,0.0643036685811522
0.5742535591125488,0.45696255564689636,0.47049116803705693,0.3414458035901189,0.058071016302838306,0.0643036685811522
0.3241477906703949,0.1844273805618286,0.47049116803705693,0.3414458035901189,0.058071016302838306,0.0643036685811522
0.48308315873146057,0.3677487373352051,0.47049116803705693,0.3414458035901189,0.058071016302838306,0.0643036685811522
0.49947625398635864,0.3832952082157135,0.47049116803705693,0.3414458035901189,0.058071016302838306,0.0643036685811522
0.43999725580215454,0.323731929063797,0.47049116803705693,0.3414458035901189,0.058071016302838306,0.0643036685811522
0.40067559480667114,0.27377715706825256,0.47049116803705693,0.3414458035901189,0.058071016302838306,0.0643036685811522
0.48192867636680603,0.34908756613731384,0.47049116803705693,0.3414458035901189,0.058071016302838306,0.0643036685811522
0.5388948321342468,0.35086843371391296,0.47049116803705693,0.3414458035901189,0.058071016302838306,0.0643036685811522
0.5493702292442322,0.36017730832099915,0.47049116803705693,0.3414458035901189,0.058071016302838306,0.0643036685811522
0.3721567690372467,0.24290768802165985,0.47049116803705693,0.3414458035901189,0.058071016302838306,0.0643036685811522
0.4694983959197998,0.32232463359832764,0.47049116803705693,0.3414458035901189,0.058071016302838306,0.0643036685811522
0.4066529870033264,0.24376842379570007,0.47049116803705693,0.3414458035901189,0.058071016302838306,0.0643036685811522
0.5137699842453003,0.325174480676651,0.47049116803705693,0.3414458035901189,0.058071016302838306,0.0643036685811522
0.5185129642486572,0.3810279071331024,0.47049116803705693,0.3414458035901189,0.058071016302838306,0.0643036685811522
0.47329989075660706,0.3535969853401184,0.47049116803705693,0.3414458035901189,0.058071016302838306,0.0643036685811522
0.5021499395370483,0.37460005283355713,0.47049116803705693,0.3414458035901189,0.058071016302838306,0.0643036685811522
0.5671029686927795,0.4417671859264374,0.47049116803705693,0.3414458035901189,0.058071016302838306,0.0643036685811522
0.4876989424228668,0.3741680383682251,0.47049116803705693,0.3414458035901189,0.058071016302838306,0.0643036685811522
0.5190379023551941,0.40802526473999023,0.47049116803705693,0.3414458035901189,0.058071016302838306,0.0643036685811522
0.48629847168922424,0.35860058665275574,0.47049116803705693,0.3414458035901189,0.058071016302838306,0.0643036685811522
0.5062878131866455,0.38450950384140015,0.47049116803705693,0.3414458035901189,0.058071016302838306,0.0643036685811522
0.3719210922718048,0.24634848535060883,0.47049116803705693,0.3414458035901189,0.058071016302838306,0.0643036685811522
0.539864182472229,0.4203616976737976,0.47049116803705693,0.3414458035901189,0.058071016302838306,0.0643036685811522
0.48088783025741577,0.3535033166408539,0.47049116803705693,0.3414458035901189,0.058071016302838306,0.0643036685811522
0.6524325013160706,0.5392112731933594,0.47049116803705693,0.3414458035901189,0.058071016302838306,0.0643036685811522
0.5472266674041748,0.4296172261238098,0.47049116803705693,0.3414458035901189,0.058071016302838306,0.0643036685811522
0.33205220103263855,0.18490912020206451,0.47049116803705693,0.3414458035901189,0.058071016302838306,0.0643036685811522
0.4911990463733673,0.38802868127822876,0.47049116803705693,0.3414458035901189,0.058071016302838306,0.0643036685811522
0.49153995513916016,0.3799009621143341,0.47049116803705693,0.3414458035901189,0.058071016302838306,0.0643036685811522
0.5412050485610962,0.37951481342315674,0.47049116803705693,0.3414458035901189,0.058071016302838306,0.0643036685811522
0.4718126654624939,0.35648319125175476,0.47049116803705693,0.3414458035901189,0.058071016302838306,0.0643036685811522
0.37398290634155273,0.21838492155075073,0.47049116803705693,0.3414458035901189,0.058071016302838306,0.0643036685811522
0.5693455338478088,0.4660682678222656,0.47049116803705693,0.3414458035901189,0.058071016302838306,0.0643036685811522
0.541546106338501,0.38532647490501404,0.47049116803705693,0.3414458035901189,0.058071016302838306,0.0643036685811522
0.43557778000831604,0.3379051685333252,0.47049116803705693,0.3414458035901189,0.058071016302838306,0.0643036685811522
0.4828146994113922,0.3805331289768219,0.47049116803705693,0.3414458035901189,0.058071016302838306,0.0643036685811522
0.3968947231769562,0.2558697760105133,0.47049116803705693,0.3414458035901189,0.058071016302838306,0.0643036685811522
0.4657198190689087,0.35570064187049866,0.47049116803705693,0.3414458035901189,0.058071016302838306,0.0643036685811522
0.4689663350582123,0.2772926986217499,0.47049116803705693,0.3414458035901189,0.058071016302838306,0.0643036685811522
0.6177220940589905,0.47958236932754517,0.47049116803705693,0.3414458035901189,0.058071016302838306,0.0643036685811522
0.4295676648616791,0.32764652371406555,0.47049116803705693,0.3414458035901189,0.058071016302838306,0.0643036685811522
0.44952353835105896,0.33320116996765137,0.47049116803705693,0.3414458035901189,0.058071016302838306,0.0643036685811522
0.34929078817367554,0.2067115306854248,0.47049116803705693,0.3414458035901189,0.058071016302838306,0.0643036685811522
0.6077401041984558,0.48869532346725464,0.47049116803705693,0.3414458035901189,0.058071016302838306,0.0643036685811522
0.6184981465339661,0.5025621652603149,0.47049116803705693,0.3414458035901189,0.058071016302838306,0.0643036685811522
0.5275689959526062,0.3651890456676483,0.47049116803705693,0.3414458035901189,0.058071016302838306,0.0643036685811522
0.5292305946350098,0.3369559645652771,0.47049116803705693,0.3414458035901189,0.058071016302838306,0.0643036685811522
0.5179981589317322,0.36849352717399597,0.47049116803705693,0.3414458035901189,0.058071016302838306,0.0643036685811522
0.3851962685585022,0.23484130203723907,0.47049116803705693,0.3414458035901189,0.058071016302838306,0.0643036685811522
0.5172922611236572,0.4024069309234619,0.47049116803705693,0.3414458035901189,0.058071016302838306,0.0643036685811522
0.4991331994533539,0.3864266574382782,0.47049116803705693,0.3414458035901189,0.058071016302838306,0.0643036685811522
0.493518203496933,0.37407609820365906,0.47049116803705693,0.3414458035901189,0.058071016302838306,0.0643036685811522
0.4110430181026459,0.25414443016052246,0.47049116803705693,0.3414458035901189,0.058071016302838306,0.0643036685811522
0.45824742317199707,0.3531562089920044,0.47049116803705693,0.3414458035901189,0.058071016302838306,0.0643036685811522
0.4570097029209137,0.3494306802749634,0.47049116803705693,0.3414458035901189,0.058071016302838306,0.0643036685811522
0.4714794158935547,0.3362584710121155,0.47049116803705693,0.3414458035901189,0.058071016302838306,0.0643036685811522
0.44624197483062744,0.3281813859939575,0.47049116803705693,0.3414458035901189,0.058071016302838306,0.0643036685811522
0.5280157923698425,0.4110061228275299,0.47049116803705693,0.3414458035901189,0.058071016302838306,0.0643036685811522
0.5852408409118652,0.4487210512161255,0.47049116803705693,0.3414458035901189,0.058071016302838306,0.0643036685811522
0.46522057056427,0.3256795108318329,0.47049116803705693,0.3414458035901189,0.058071016302838306,0.0643036685811522
0.4833165109157562,0.3625178337097168,0.47049116803705693,0.3414458035901189,0.058071016302838306,0.0643036685811522
0.4800063669681549,0.3599860966205597,0.47049116803705693,0.3414458035901189,0.058071016302838306,0.0643036685811522
0.4078463017940521,0.2579156160354614,0.47049116803705693,0.3414458035901189,0.058071016302838306,0.0643036685811522
0.500916600227356,0.38641783595085144,0.47049116803705693,0.3414458035901189,0.058071016302838306,0.0643036685811522
0.4406242370605469,0.34445920586586,0.47049116803705693,0.3414458035901189,0.058071016302838306,0.0643036685811522
0.5362381935119629,0.40070611238479614,0.47049116803705693,0.3414458035901189,0.058071016302838306,0.0643036685811522
0.5102232098579407,0.3445189893245697,0.47049116803705693,0.3414458035901189,0.058071016302838306,0.0643036685811522
0.5107899904251099,0.3670186400413513,0.47049116803705693,0.3414458035901189,0.058071016302838306,0.0643036685811522
0.47789466381073,0.3269909918308258,0.47049116803705693,0.3414458035901189,0.058071016302838306,0.0643036685811522
0.44713136553764343,0.3163723349571228,0.47049116803705693,0.3414458035901189,0.058071016302838306,0.0643036685811522
0.43397384881973267,0.32217681407928467,0.47049116803705693,0.3414458035901189,0.058071016302838306,0.0643036685811522
0.47613319754600525,0.3719278573989868,0.47049116803705693,0.3414458035901189,0.058071016302838306,0.0643036685811522
0.4900161623954773,0.3793928921222687,0.47049116803705693,0.3414458035901189,0.058071016302838306,0.0643036685811522
0.4848009943962097,0.36713555455207825,0.47049116803705693,0.3414458035901189,0.058071016302838306,0.0643036685811522
0.465156227350235,0.3468642830848694,0.47049116803705693,0.3414458035901189,0.058071016302838306,0.0643036685811522
0.5703728795051575,0.4469715654850006,0.47049116803705693,0.3414458035901189,0.058071016302838306,0.0643036685811522
0.3846589922904968,0.2226673811674118,0.47049116803705693,0.3414458035901189,0.058071016302838306,0.0643036685811522
0.4334166944026947,0.34287595748901367,0.47049116803705693,0.3414458035901189,0.058071016302838306,0.0643036685811522
0.49757665395736694,0.3804738223552704,0.47049116803705693,0.3414458035901189,0.058071016302838306,0.0643036685811522
0.46720367670059204,0.36035969853401184,0.47049116803705693,0.3414458035901189,0.058071016302838306,0.0643036685811522
0.44537022709846497,0.33447468280792236,0.47049116803705693,0.3414458035901189,0.058071016302838306,0.0643036685811522
0.5118322372436523,0.37601372599601746,0.47049116803705693,0.3414458035901189,0.058071016302838306,0.0643036685811522
0.4148079454898834,0.2942410111427307,0.47049116803705693,0.3414458035901189,0.058071016302838306,0.0643036685811522
0.4457160532474518,0.2750512957572937,0.47049116803705693,0.3414458035901189,0.058071016302838306,0.0643036685811522
0.4321219027042389,0.33168110251426697,0.47049116803705693,0.3414458035901189,0.058071016302838306,0.0643036685811522
0.5005342960357666,0.35576221346855164,0.47049116803705693,0.3414458035901189,0.058071016302838306,0.0643036685811522
0.4581226110458374,0.34209495782852173,0.47049116803705693,0.3414458035901189,0.058071016302838306,0.0643036685811522
0.5031329393386841,0.37545520067214966,0.47049116803705693,0.3414458035901189,0.058071016302838306,0.0643036685811522
0.5331283211708069,0.4088504910469055,0.47049116803705693,0.3414458035901189,0.058071016302838306,0.0643036685811522
0.5031142830848694,0.38684821128845215,0.47049116803705693,0.3414458035901189,0.058071016302838306,0.0643036685811522
0.45533454418182373,0.35724130272865295,0.47049116803705693,0.3414458035901189,0.058071016302838306,0.0643036685811522
0.44127964973449707,0.2924916446208954,0.47049116803705693,0.3414458035901189,0.058071016302838306,0.0643036685811522
0.4461038112640381,0.26973822712898254,0.47049116803705693,0.3414458035901189,0.058071016302838306,0.0643036685811522
0.4543769657611847,0.36289799213409424,0.47049116803705693,0.3414458035901189,0.058071016302838306,0.0643036685811522
0.5596930384635925,0.4417662024497986,0.47049116803705693,0.3414458035901189,0.058071016302838306,0.0643036685811522
0.45020726323127747,0.28984570503234863,0.47049116803705693,0.3414458035901189,0.058071016302838306,0.0643036685811522
0.4860680103302002,0.30250614881515503,0.47049116803705693,0.3414458035901189,0.058071016302838306,0.0643036685811522
0.461806058883667,0.34560197591781616,0.47049116803705693,0.3414458035901189,0.058071016302838306,0.0643036685811522
0.44406166672706604,0.32965901494026184,0.47049116803705693,0.3414458035901189,0.058071016302838306,0.0643036685811522
0.3796781301498413,0.2104647010564804,0.47049116803705693,0.3414458035901189,0.058071016302838306,0.0643036685811522
0.4604540467262268,0.34222933650016785,0.47049116803705693,0.3414458035901189,0.058071016302838306,0.0643036685811522
0.5289166569709778,0.3996124863624573,0.47049116803705693,0.3414458035901189,0.058071016302838306,0.0643036685811522
0.4866802394390106,0.35887250304222107,0.47049116803705693,0.3414458035901189,0.058071016302838306,0.0643036685811522
0.49229609966278076,0.3786926567554474,0.47049116803705693,0.3414458035901189,0.058071016302838306,0.0643036685811522
0.4661899507045746,0.3308537006378174,0.47049116803705693,0.3414458035901189,0.058071016302838306,0.0643036685811522
0.5401538610458374,0.4197448194026947,0.47049116803705693,0.3414458035901189,0.058071016302838306,0.0643036685811522
0.47336533665657043,0.3606984615325928,0.47049116803705693,0.3414458035901189,0.058071016302838306,0.0643036685811522
0.4024497866630554,0.24322453141212463,0.47049116803705693,0.3414458035901189,0.058071016302838306,0.0643036685811522
0.44366511702537537,0.3414224684238434,0.47049116803705693,0.3414458035901189,0.058071016302838306,0.0643036685811522
0.4514663517475128,0.3471987545490265,0.47049116803705693,0.3414458035901189,0.058071016302838306,0.0643036685811522
0.4566161036491394,0.3211328983306885,0.47049116803705693,0.3414458035901189,0.058071016302838306,0.0643036685811522
0.4631689786911011,0.3556419909000397,0.47049116803705693,0.3414458035901189,0.058071016302838306,0.0643036685811522
0.5248619914054871,0.39385855197906494,0.47049116803705693,0.3414458035901189,0.058071016302838306,0.0643036685811522
0.6195820569992065,0.4341057538986206,0.47049116803705693,0.3414458035901189,0.058071016302838306,0.0643036685811522
0.5404056310653687,0.4139350652694702,0.47049116803705693,0.3414458035901189,0.058071016302838306,0.0643036685811522
0.5330477356910706,0.40517282485961914,0.47049116803705693,0.3414458035901189,0.058071016302838306,0.0643036685811522
0.499162495136261,0.37560051679611206,0.47049116803705693,0.3414458035901189,0.058071016302838306,0.0643036685811522
0.46254855394363403,0.36669230461120605,0.47049116803705693,0.3414458035901189,0.058071016302838306,0.0643036685811522
0.43589988350868225,0.33099547028541565,0.47049116803705693,0.3414458035901189,0.058071016302838306,0.0643036685811522
0.32996463775634766,0.18899378180503845,0.47049116803705693,0.3414458035901189,0.058071016302838306,0.0643036685811522
0.4689164459705353,0.3525055944919586,0.47049116803705693,0.3414458035901189,0.058071016302838306,0.0643036685811522
0.46980130672454834,0.3504147231578827,0.47049116803705693,0.3414458035901189,0.058071016302838306,0.0643036685811522
0.4099038541316986,0.24699664115905762,0.47049116803705693,0.3414458035901189,0.058071016302838306,0.0643036685811522
0.4224700629711151,0.27989017963409424,0.47049116803705693,0.3414458035901189,0.058071016302838306,0.0643036685811522
0.49945709109306335,0.36127176880836487,0.47049116803705693,0.3414458035901189,0.058071016302838306,0.0643036685811522
0.48353976011276245,0.36782947182655334,0.47049116803705693,0.3414458035901189,0.058071016302838306,0.0643036685811522
0.5092646479606628,0.3838396370410919,0.47049116803705693,0.3414458035901189,0.058071016302838306,0.0643036685811522
0.4309675395488739,0.3175344169139862,0.47049116803705693,0.3414458035901189,0.058071016302838306,0.0643036685811522
0.4436473548412323,0.33220332860946655,0.47049116803705693,0.3414458035901189,0.058071016302838306,0.0643036685811522
0.47162365913391113,0.2990926504135132,0.47049116803705693,0.3414458035901189,0.058071016302838306,0.0643036685811522
0.4337066113948822,0.31772100925445557,0.47049116803705693,0.3414458035901189,0.058071016302838306,0.0643036685811522
0.4886780083179474,0.36640891432762146,0.47049116803705693,0.3414458035901189,0.058071016302838306,0.0643036685811522
0.4315445125102997,0.2984042763710022,0.47049116803705693,0.3414458035901189,0.058071016302838306,0.0643036685811522
0.37649932503700256,0.20920225977897644,0.47049116803705693,0.3414458035901189,0.058071016302838306,0.0643036685811522
0.5738003849983215,0.44586819410324097,0.47049116803705693,0.3414458035901189,0.058071016302838306,0.0643036685811522
0.43983975052833557,0.3090294599533081,0.47049116803705693,0.3414458035901189,0.058071016302838306,0.0643036685811522
0.4282197654247284,0.25433066487312317,0.47049116803705693,0.3414458035901189,0.058071016302838306,0.0643036685811522
0.48006731271743774,0.3404683768749237,0.47049116803705693,0.3414458035901189,0.058071016302838306,0.0643036685811522
0.35275205969810486,0.19440729916095734,0.47049116803705693,0.3414458035901189,0.058071016302838306,0.0643036685811522
0.49652305245399475,0.38893160223960876,0.47049116803705693,0.3414458035901189,0.058071016302838306,0.0643036685811522
0.46077221632003784,0.34403494000434875,0.47049116803705693,0.3414458035901189,0.058071016302838306,0.0643036685811522
0.4431351125240326,0.33708855509757996,0.47049116803705693,0.3414458035901189,0.058071016302838306,0.0643036685811522
0.44929438829421997,0.2847572863101959,0.47049116803705693,0.3414458035901189,0.058071016302838306,0.0643036685811522
0.6377944350242615,0.4578535556793213,0.47049116803705693,0.3414458035901189,0.058071016302838306,0.0643036685811522
0.4354761838912964,0.3173590302467346,0.47049116803705693,0.3414458035901189,0.058071016302838306,0.0643036685811522
0.4421751797199249,0.3369513750076294,0.47049116803705693,0.3414458035901189,0.058071016302838306,0.0643036685811522
0.4468463659286499,0.3440697193145752,0.47049116803705693,0.3414458035901189,0.058071016302838306,0.0643036685811522
0.3893481194972992,0.22356407344341278,0.47049116803705693,0.3414458035901189,0.058071016302838306,0.0643036685811522
0.5049585103988647,0.37551358342170715,0.47049116803705693,0.3414458035901189,0.058071016302838306,0.0643036685811522
0.4522356688976288,0.34987837076187134,0.47049116803705693,0.3414458035901189,0.058071016302838306,0.0643036685811522
0.4017672538757324,0.23830503225326538,0.47049116803705693,0.3414458035901189,0.058071016302838306,0.0643036685811522
0.4745841324329376,0.37062475085258484,0.47049116803705693,0.3414458035901189,0.058071016302838306,0.0643036685811522
0.4596232771873474,0.34560495615005493,0.47049116803705693,0.3414458035901189,0.058071016302838306,0.0643036685811522
0.4405773878097534,0.33541908860206604,0.47049116803705693,0.3414458035901189,0.058071016302838306,0.0643036685811522
0.4493677616119385,0.3438830077648163,0.47049116803705693,0.3414458035901189,0.058071016302838306,0.0643036685811522
0.48466917872428894,0.3655402660369873,0.47049116803705693,0.3414458035901189,0.058071016302838306,0.0643036685811522
0.525589644908905,0.40938034653663635,0.47049116803705693,0.3414458035901189,0.058071016302838306,0.0643036685811522
0.48397934436798096,0.3740728497505188,0.47049116803705693,0.3414458035901189,0.058071016302838306,0.0643036685811522
0.44628506898880005,0.35278961062431335,0.47049116803705693,0.3414458035901189,0.058071016302838306,0.0643036685811522
0.5251026749610901,0.33756494522094727,0.47049116803705693,0.3414458035901189,0.058071016302838306,0.0643036685811522
0.567165732383728,0.42904922366142273,0.47049116803705693,0.3414458035901189,0.058071016302838306,0.0643036685811522
0.41024038195610046,0.30303195118904114,0.47049116803705693,0.3414458035901189,0.058071016302838306,0.0643036685811522
0.30854758620262146,0.16757036745548248,0.47049116803705693,0.3414458035901189,0.058071016302838306,0.0643036685811522
0.49680477380752563,0.38724249601364136,0.47049116803705693,0.3414458035901189,0.058071016302838306,0.0643036685811522
0.44679582118988037,0.3194630444049835,0.47049116803705693,0.3414458035901189,0.058071016302838306,0.0643036685811522
0.4160221815109253,0.24730300903320312,0.47049116803705693,0.3414458035901189,0.058071016302838306,0.0643036685811522
0.4561576843261719,0.3571644425392151,0.47049116803705693,0.3414458035901189,0.058071016302838306,0.0643036685811522
0.49821099638938904,0.38954320549964905,0.47049116803705693,0.3414458035901189,0.058071016302838306,0.0643036685811522
0.47753676772117615,0.3589063584804535,0.47049116803705693,0.3414458035901189,0.058071016302838306,0.0643036685811522
0.48548126220703125,0.37080618739128113,0.47049116803705693,0.3414458035901189,0.058071016302838306,0.0643036685811522
0.4024733006954193,0.2797791659832001,0.47049116803705693,0.3414458035901189,0.058071016302838306,0.0643036685811522
0.46430325508117676,0.3547447621822357,0.47049116803705693,0.3414458035901189,0.058071016302838306,0.0643036685811522
0.439081609249115,0.268265038728714,0.47049116803705693,0.3414458035901189,0.058071016302838306,0.0643036685811522
0.4391515851020813,0.270374596118927,0.47049116803705693,0.3414458035901189,0.058071016302838306,0.0643036685811522
0.3140341341495514,0.1935991495847702,0.47049116803705693,0.3414458035901189,0.058071016302838306,0.0643036685811522
0.5764410495758057,0.4516652226448059,0.47049116803705693,0.3414458035901189,0.058071016302838306,0.0643036685811522
0.4295412600040436,0.342979371547699,0.47049116803705693,0.3414458035901189,0.058071016302838306,0.0643036685811522
0.4753638505935669,0.35913047194480896,0.47049116803705693,0.3414458035901189,0.058071016302838306,0.0643036685811522
0.37540072202682495,0.20826825499534607,0.47049116803705693,0.3414458035901189,0.058071016302838306,0.0643036685811522
0.5574010014533997,0.43401771783828735,0.47049116803705693,0.3414458035901189,0.058071016302838306,0.0643036685811522
0.43357419967651367,0.3431967794895172,0.47049116803705693,0.3414458035901189,0.058071016302838306,0.0643036685811522
0.44111168384552,0.32705339789390564,0.47049116803705693,0.3414458035901189,0.058071016302838306,0.0643036685811522
0.4489101767539978,0.3227296769618988,0.47049116803705693,0.3414458035901189,0.058071016302838306,0.0643036685811522
0.49087247252464294,0.33816641569137573,0.47049116803705693,0.3414458035901189,0.058071016302838306,0.0643036685811522
0.609218180179596,0.48431316018104553,0.47049116803705693,0.3414458035901189,0.058071016302838306,0.0643036685811522
0.36344650387763977,0.20469439029693604,0.47049116803705693,0.3414458035901189,0.058071016302838306,0.0643036685811522
0.44438743591308594,0.3379463255405426,0.47049116803705693,0.3414458035901189,0.058071016302838306,0.0643036685811522
0.5281254053115845,0.40542250871658325,0.47049116803705693,0.3414458035901189,0.058071016302838306,0.0643036685811522
0.5161160826683044,0.4017171561717987,0.47049116803705693,0.3414458035901189,0.058071016302838306,0.0643036685811522
0.4268755614757538,0.23790410161018372,0.47049116803705693,0.3414458035901189,0.058071016302838306,0.0643036685811522
0.5879135131835938,0.4666489064693451,0.47049116803705693,0.3414458035901189,0.058071016302838306,0.0643036685811522
0.48711466789245605,0.336206316947937,0.47049116803705693,0.3414458035901189,0.058071016302838306,0.0643036685811522
0.45401284098625183,0.2710970342159271,0.47049116803705693,0.3414458035901189,0.058071016302838306,0.0643036685811522
0.486113965511322,0.3540252149105072,0.47049116803705693,0.3414458035901189,0.058071016302838306,0.0643036685811522
0.47174131870269775,0.36260583996772766,0.47049116803705693,0.3414458035901189,0.058071016302838306,0.0643036685811522
0.4212726056575775,0.2704932987689972,0.47049116803705693,0.3414458035901189,0.058071016302838306,0.0643036685811522
0.46414920687675476,0.3520067632198334,0.47049116803705693,0.3414458035901189,0.058071016302838306,0.0643036685811522
0.4992434084415436,0.3887634873390198,0.47049116803705693,0.3414458035901189,0.058071016302838306,0.0643036685811522
0.4233699440956116,0.3270556926727295,0.47049116803705693,0.3414458035901189,0.058071016302838306,0.0643036685811522
0.3416440784931183,0.19880713522434235,0.47049116803705693,0.3414458035901189,0.058071016302838306,0.0643036685811522
0.44938769936561584,0.3561355769634247,0.47049116803705693,0.3414458035901189,0.058071016302838306,0.0643036685811522
0.3982729911804199,0.24166563153266907,0.47049116803705693,0.3414458035901189,0.058071016302838306,0.0643036685811522
0.45221200585365295,0.3420928716659546,0.47049116803705693,0.3414458035901189,0.058071016302838306,0.0643036685811522
0.5147888660430908,0.3813484311103821,0.47049116803705693,0.3414458035901189,0.058071016302838306,0.0643036685811522
0.4348635673522949,0.32981348037719727,0.47049116803705693,0.3414458035901189,0.058071016302838306,0.0643036685811522
0.48398974537849426,0.34646356105804443,0.47049116803705693,0.3414458035901189,0.058071016302838306,0.0643036685811522
0.3731272220611572,0.23474405705928802,0.47049116803705693,0.3414458035901189,0.058071016302838306,0.0643036685811522
0.454443097114563,0.31916630268096924,0.47049116803705693,0.3414458035901189,0.058071016302838306,0.0643036685811522
0.44181913137435913,0.2753334939479828,0.47049116803705693,0.3414458035901189,0.058071016302838306,0.0643036685811522
0.4596606194972992,0.3539327383041382,0.47049116803705693,0.3414458035901189,0.058071016302838306,0.0643036685811522
0.45122236013412476,0.34396132826805115,0.47049116803705693,0.3414458035901189,0.058071016302838306,0.0643036685811522
0.45291444659233093,0.35174381732940674,0.47049116803705693,0.3414458035901189,0.058071016302838306,0.0643036685811522
0.4506837725639343,0.3403915464878082,0.47049116803705693,0.3414458035901189,0.058071016302838306,0.0643036685811522
0.5136581659317017,0.3899698853492737,0.47049116803705693,0.3414458035901189,0.058071016302838306,0.0643036685811522
0.5183280110359192,0.38243791460990906,0.47049116803705693,0.3414458035901189,0.058071016302838306,0.0643036685811522
0.5123310685157776,0.38575950264930725,0.47049116803705693,0.3414458035901189,0.058071016302838306,0.0643036685811522
0.4650081396102905,0.3587183356285095,0.47049116803705693,0.3414458035901189,0.058071016302838306,0.0643036685811522
0.4200262427330017,0.32231396436691284,0.47049116803705693,0.3414458035901189,0.058071016302838306,0.0643036685811522
0.3424471914768219,0.19820308685302734,0.47049116803705693,0.3414458035901189,0.058071016302838306,0.0643036685811522
0.33771610260009766,0.19178679585456848,0.47049116803705693,0.3414458035901189,0.058071016302838306,0.0643036685811522
0.4883357286453247,0.3770368695259094,0.47049116803705693,0.3414458035901189,0.058071016302838306,0.0643036685811522
0.43822798132896423,0.3441033363342285,0.47049116803705693,0.3414458035901189,0.058071016302838306,0.0643036685811522
0.5195541381835938,0.41058704257011414,0.47049116803705693,0.3414458035901189,0.058071016302838306,0.0643036685811522
0.3641892075538635,0.2275538295507431,0.47049116803705693,0.3414458035901189,0.058071016302838306,0.0643036685811522
0.45159050822257996,0.35111191868782043,0.47049116803705693,0.3414458035901189,0.058071016302838306,0.0643036685811522
0.38141244649887085,0.21240513026714325,0.47049116803705693,0.3414458035901189,0.058071016302838306,0.0643036685811522
0.5051800608634949,0.38198086619377136,0.47049116803705693,0.3414458035901189,0.058071016302838306,0.0643036685811522
0.4212723970413208,0.3090343773365021,0.47049116803705693,0.3414458035901189,0.058071016302838306,0.0643036685811522
0.440195769071579,0.31346017122268677,0.47049116803705693,0.3414458035901189,0.058071016302838306,0.0643036685811522
0.5191981196403503,0.39884060621261597,0.47049116803705693,0.3414458035901189,0.058071016302838306,0.0643036685811522
0.4926612377166748,0.3827323913574219,0.47049116803705693,0.3414458035901189,0.058071016302838306,0.0643036685811522
0.4717782437801361,0.3199012577533722,0.47049116803705693,0.3414458035901189,0.058071016302838306,0.0643036685811522
0.4102557301521301,0.24093489348888397,0.47049116803705693,0.3414458035901189,0.058071016302838306,0.0643036685811522
0.4856206178665161,0.3709704577922821,0.47049116803705693,0.3414458035901189,0.058071016302838306,0.0643036685811522
0.3442952632904053,0.18363669514656067,0.47049116803705693,0.3414458035901189,0.058071016302838306,0.0643036685811522
0.48122426867485046,0.353406697511673,0.47049116803705693,0.3414458035901189,0.058071016302838306,0.0643036685811522
0.3989313542842865,0.2278243601322174,0.47049116803705693,0.3414458035901189,0.058071016302838306,0.0643036685811522
0.4486900269985199,0.325324147939682,0.47049116803705693,0.3414458035901189,0.058071016302838306,0.0643036685811522
0.45573970675468445,0.35890260338783264,0.47049116803705693,0.3414458035901189,0.058071016302838306,0.0643036685811522
0.47371140122413635,0.34684446454048157,0.47049116803705693,0.3414458035901189,0.058071016302838306,0.0643036685811522
0.4701305031776428,0.3554491102695465,0.47049116803705693,0.3414458035901189,0.058071016302838306,0.0643036685811522
0.37043094635009766,0.21211382746696472,0.47049116803705693,0.3414458035901189,0.058071016302838306,0.0643036685811522
0.5110321044921875,0.40265604853630066,0.47049116803705693,0.3414458035901189,0.058071016302838306,0.0643036685811522
0.4453250765800476,0.30904528498649597,0.47049116803705693,0.3414458035901189,0.058071016302838306,0.0643036685811522
0.4496225118637085,0.34114158153533936,0.47049116803705693,0.3414458035901189,0.058071016302838306,0.0643036685811522
0.4359874427318573,0.3338793218135834,0.47049116803705693,0.3414458035901189,0.058071016302838306,0.0643036685811522
0.3975428640842438,0.257674902677536,0.47049116803705693,0.3414458035901189,0.058071016302838306,0.0643036685811522
0.5790521502494812,0.44280806183815,0.47049116803705693,0.3414458035901189,0.058071016302838306,0.0643036685811522
0.5009230375289917,0.38490796089172363,0.47049116803705693,0.3414458035901189,0.058071016302838306,0.0643036685811522
0.3434731960296631,0.21879611909389496,0.47049116803705693,0.3414458035901189,0.058071016302838306,0.0643036685811522
0.5321182012557983,0.4285428524017334,0.47049116803705693,0.3414458035901189,0.058071016302838306,0.0643036685811522
0.45700597763061523,0.33497360348701477,0.47049116803705693,0.3414458035901189,0.058071016302838306,0.0643036685811522
0.4245603382587433,0.3201062083244324,0.47049116803705693,0.3414458035901189,0.058071016302838306,0.0643036685811522
0.4808492660522461,0.30254843831062317,0.47049116803705693,0.3414458035901189,0.058071016302838306,0.0643036685811522
0.5128539204597473,0.3906170427799225,0.47049116803705693,0.3414458035901189,0.058071016302838306,0.0643036685811522
0.46880921721458435,0.35222920775413513,0.47049116803705693,0.3414458035901189,0.058071016302838306,0.0643036685811522
0.4757959842681885,0.36431562900543213,0.47049116803705693,0.3414458035901189,0.058071016302838306,0.0643036685811522
0.41109901666641235,0.24303820729255676,0.47049116803705693,0.3414458035901189,0.058071016302838306,0.0643036685811522
0.5565672516822815,0.4252985119819641,0.47049116803705693,0.3414458035901189,0.058071016302838306,0.0643036685811522
0.5460198521614075,0.4271511733531952,0.47049116803705693,0.3414458035901189,0.058071016302838306,0.0643036685811522
0.436950147151947,0.26003098487854004,0.47049116803705693,0.3414458035901189,0.058071016302838306,0.0643036685811522
0.46693089604377747,0.35815170407295227,0.47049116803705693,0.3414458035901189,0.058071016302838306,0.0643036685811522
0.439926415681839,0.2984738051891327,0.47049116803705693,0.3414458035901189,0.058071016302838306,0.0643036685811522
0.5102127194404602,0.3945821225643158,0.47049116803705693,0.3414458035901189,0.058071016302838306,0.0643036685811522
0.48409244418144226,0.3069312572479248,0.47049116803705693,0.3414458035901189,0.058071016302838306,0.0643036685811522
0.4427185356616974,0.34539827704429626,0.47049116803705693,0.3414458035901189,0.058071016302838306,0.0643036685811522
0.5098386406898499,0.36902710795402527,0.47049116803705693,0.3414458035901189,0.058071016302838306,0.0643036685811522
0.5267047882080078,0.3839528262615204,0.47049116803705693,0.3414458035901189,0.058071016302838306,0.0643036685811522
0.45118048787117004,0.3574454188346863,0.47049116803705693,0.3414458035901189,0.058071016302838306,0.0643036685811522
0.4207829236984253,0.30526360869407654,0.47049116803705693,0.3414458035901189,0.058071016302838306,0.0643036685811522
0.40909814834594727,0.29613420367240906,0.47049116803705693,0.3414458035901189,0.058071016302838306,0.0643036685811522
0.5307523012161255,0.4151260256767273,0.47049116803705693,0.3414458035901189,0.058071016302838306,0.0643036685811522
0.43577468395233154,0.288199782371521,0.47049116803705693,0.3414458035901189,0.058071016302838306,0.0643036685811522
0.5335074663162231,0.4044990837574005,0.47049116803705693,0.3414458035901189,0.058071016302838306,0.0643036685811522
0.3282816410064697,0.18726235628128052,0.47049116803705693,0.3414458035901189,0.058071016302838306,0.0643036685811522
0.4448021352291107,0.3381280303001404,0.47049116803705693,0.3414458035901189,0.058071016302838306,0.0643036685811522
0.37943413853645325,0.22138051688671112,0.47049116803705693,0.3414458035901189,0.058071016302838306,0.0643036685811522
0.5203233957290649,0.4120284914970398,0.47049116803705693,0.3414458035901189,0.058071016302838306,0.0643036685811522
0.4608210325241089,0.3023197054862976,0.47049116803705693,0.3414458035901189,0.058071016302838306,0.0643036685811522
0.3824547529220581,0.23712040483951569,0.47049116803705693,0.3414458035901189,0.058071016302838306,0.0643036685811522
0.5386322736740112,0.41746634244918823,0.47049116803705693,0.3414458035901189,0.058071016302838306,0.0643036685811522
0.4623751640319824,0.30435165762901306,0.47049116803705693,0.3414458035901189,0.058071016302838306,0.0643036685811522
0.5119081735610962,0.3428122401237488,0.47049116803705693,0.3414458035901189,0.058071016302838306,0.0643036685811522
0.4730730950832367,0.368377149105072,0.47049116803705693,0.3414458035901189,0.058071016302838306,0.0643036685811522
0.536190390586853,0.38658586144447327,0.47049116803705693,0.3414458035901189,0.058071016302838306,0.0643036685811522
0.4984210729598999,0.3745923638343811,0.47049116803705693,0.3414458035901189,0.058071016302838306,0.0643036685811522
0.4818289279937744,0.3497273921966553,0.47049116803705693,0.3414458035901189,0.058071016302838306,0.0643036685811522
0.597240149974823,0.437468558549881,0.47049116803705693,0.3414458035901189,0.058071016302838306,0.0643036685811522
0.4865836203098297,0.36687296628952026,0.47049116803705693,0.3414458035901189,0.058071016302838306,0.0643036685811522
0.39082738757133484,0.2325211465358734,0.47049116803705693,0.3414458035901189,0.058071016302838306,0.0643036685811522
0.46312934160232544,0.35155734419822693,0.47049116803705693,0.3414458035901189,0.058071016302838306,0.0643036685811522
0.4190286695957184,0.25532078742980957,0.47049116803705693,0.3414458035901189,0.058071016302838306,0.0643036685811522
0.5195016264915466,0.38539063930511475,0.47049116803705693,0.3414458035901189,0.058071016302838306,0.0643036685811522
0.5060550570487976,0.3787546455860138,0.47049116803705693,0.3414458035901189,0.058071016302838306,0.0643036685811522
0.5786154866218567,0.4590488374233246,0.47049116803705693,0.3414458035901189,0.058071016302838306,0.0643036685811522
0.44304391741752625,0.3231363296508789,0.47049116803705693,0.3414458035901189,0.058071016302838306,0.0643036685811522
0.4566669166088104,0.3446519076824188,0.47049116803705693,0.3414458035901189,0.058071016302838306,0.0643036685811522
0.5118991136550903,0.39412927627563477,0.47049116803705693,0.3414458035901189,0.058071016302838306,0.0643036685811522
0.41414642333984375,0.24474290013313293,0.47049116803705693,0.3414458035901189,0.058071016302838306,0.0643036685811522
0.44115516543388367,0.32949668169021606,0.47049116803705693,0.3414458035901189,0.058071016302838306,0.0643036685811522
0.4811024069786072,0.3629724681377411,0.47049116803705693,0.3414458035901189,0.058071016302838306,0.0643036685811522
0.4326950013637543,0.33718496561050415,0.47049116803705693,0.3414458035901189,0.058071016302838306,0.0643036685811522
0.44537660479545593,0.34015581011772156,0.47049116803705693,0.3414458035901189,0.058071016302838306,0.0643036685811522
0.5210561752319336,0.40594935417175293,0.47049116803705693,0.3414458035901189,0.058071016302838306,0.0643036685811522
0.455840140581131,0.33517858386039734,0.47049116803705693,0.3414458035901189,0.058071016302838306,0.0643036685811522
0.4765174686908722,0.334414005279541,0.47049116803705693,0.3414458035901189,0.058071016302838306,0.0643036685811522
0.5181818008422852,0.36902812123298645,0.47049116803705693,0.3414458035901189,0.058071016302838306,0.0643036685811522
0.4259208142757416,0.3108235001564026,0.47049116803705693,0.3414458035901189,0.058071016302838306,0.0643036685811522
0.5039758086204529,0.4035659432411194,0.47049116803705693,0.3414458035901189,0.058071016302838306,0.0643036685811522
0.5051635503768921,0.38609442114830017,0.47049116803705693,0.3414458035901189,0.058071016302838306,0.0643036685811522
0.47483307123184204,0.3376249074935913,0.47049116803705693,0.3414458035901189,0.058071016302838306,0.0643036685811522
0.4977710247039795,0.3805466294288635,0.47049116803705693,0.3414458035901189,0.058071016302838306,0.0643036685811522
0.4673459529876709,0.35466375946998596,0.47049116803705693,0.3414458035901189,0.058071016302838306,0.0643036685811522
0.4283956289291382,0.29135796427726746,0.47049116803705693,0.3414458035901189,0.058071016302838306,0.0643036685811522
0.49805185198783875,0.36781516671180725,0.47049116803705693,0.3414458035901189,0.058071016302838306,0.0643036685811522
0.5575874447822571,0.43590375781059265,0.47049116803705693,0.3414458035901189,0.058071016302838306,0.0643036685811522
0.47078317403793335,0.3145894706249237,0.47049116803705693,0.3414458035901189,0.058071016302838306,0.0643036685811522
0.4480779469013214,0.34495770931243896,0.47049116803705693,0.3414458035901189,0.058071016302838306,0.0643036685811522
0.5041317343711853,0.39151516556739807,0.47049116803705693,0.3414458035901189,0.058071016302838306,0.0643036685811522
0.6610574126243591,0.5450300574302673,0.47049116803705693,0.3414458035901189,0.058071016302838306,0.0643036685811522
0.333181768655777,0.1842653602361679,0.47049116803705693,0.3414458035901189,0.058071016302838306,0.0643036685811522
0.5121526122093201,0.38820844888687134,0.47049116803705693,0.3414458035901189,0.058071016302838306,0.0643036685811522
0.5575169324874878,0.43746814131736755,0.47049116803705693,0.3414458035901189,0.058071016302838306,0.0643036685811522
0.5036625862121582,0.39260023832321167,0.47049116803705693,0.3414458035901189,0.058071016302838306,0.0643036685811522
0.4627322554588318,0.34533464908599854,0.47049116803705693,0.3414458035901189,0.058071016302838306,0.0643036685811522
0.5898979306221008,0.46015211939811707,0.47049116803705693,0.3414458035901189,0.058071016302838306,0.0643036685811522
0.5117133855819702,0.3295351266860962,0.47049116803705693,0.3414458035901189,0.058071016302838306,0.0643036685811522
0.5137460827827454,0.3969648480415344,0.47049116803705693,0.3414458035901189,0.058071016302838306,0.0643036685811522
0.5708114504814148,0.4496089816093445,0.47049116803705693,0.3414458035901189,0.058071016302838306,0.0643036685811522
0.46621614694595337,0.36177757382392883,0.47049116803705693,0.3414458035901189,0.058071016302838306,0.0643036685811522
0.5022345781326294,0.389036625623703,0.47049116803705693,0.3414458035901189,0.058071016302838306,0.0643036685811522
0.3930830955505371,0.24975939095020294,0.47049116803705693,0.3414458035901189,0.058071016302838306,0.0643036685811522
0.5191687345504761,0.39711833000183105,0.47049116803705693,0.3414458035901189,0.058071016302838306,0.0643036685811522
0.43091192841529846,0.3333251476287842,0.47049116803705693,0.3414458035901189,0.058071016302838306,0.0643036685811522
0.5166053771972656,0.39513540267944336,0.47049116803705693,0.3414458035901189,0.058071016302838306,0.0643036685811522
0.4373432993888855,0.33078086376190186,0.47049116803705693,0.3414458035901189,0.058071016302838306,0.0643036685811522
0.4526517689228058,0.35243120789527893,0.47049116803705693,0.3414458035901189,0.058071016302838306,0.0643036685811522
0.5249637365341187,0.4151404798030853,0.47049116803705693,0.3414458035901189,0.058071016302838306,0.0643036685811522
0.457833856344223,0.34941166639328003,0.47049116803705693,0.3414458035901189,0.058071016302838306,0.0643036685811522
0.5957905650138855,0.4769436717033386,0.47049116803705693,0.3414458035901189,0.058071016302838306,0.0643036685811522
0.47365492582321167,0.3550941050052643,0.47049116803705693,0.3414458035901189,0.058071016302838306,0.0643036685811522
0.42713215947151184,0.2978045344352722,0.47049116803705693,0.3414458035901189,0.058071016302838306,0.0643036685811522
0.4381145238876343,0.2781631648540497,0.47049116803705693,0.3414458035901189,0.058071016302838306,0.0643036685811522
0.4959205090999603,0.33926478028297424,0.47049116803705693,0.3414458035901189,0.058071016302838306,0.0643036685811522
0.44213131070137024,0.31557345390319824,0.47049116803705693,0.3414458035901189,0.058071016302838306,0.0643036685811522
0.4581012427806854,0.32744237780570984,0.47049116803705693,0.3414458035901189,0.058071016302838306,0.0643036685811522
0.43905800580978394,0.3305310606956482,0.47049116803705693,0.3414458035901189,0.058071016302838306,0.0643036685811522
0.43909168243408203,0.2668914198875427,0.47049116803705693,0.3414458035901189,0.058071016302838306,0.0643036685811522
0.5083624720573425,0.3930055499076843,0.47049116803705693,0.3414458035901189,0.058071016302838306,0.0643036685811522
0.5031629800796509,0.3787902891635895,0.47049116803705693,0.3414458035901189,0.058071016302838306,0.0643036685811522
0.5596015453338623,0.43082281947135925,0.47049116803705693,0.3414458035901189,0.058071016302838306,0.0643036685811522
0.4852113127708435,0.30940017104148865,0.47049116803705693,0.3414458035901189,0.058071016302838306,0.0643036685811522
0.4041115641593933,0.27081191539764404,0.47049116803705693,0.3414458035901189,0.058071016302838306,0.0643036685811522
0.48592233657836914,0.33121368288993835,0.47049116803705693,0.3414458035901189,0.058071016302838306,0.0643036685811522
0.42022398114204407,0.281048059463501,0.47049116803705693,0.3414458035901189,0.058071016302838306,0.0643036685811522
0.38494792580604553,0.2686334252357483,0.47049116803705693,0.3414458035901189,0.058071016302838306,0.0643036685811522
0.44239500164985657,0.3448231816291809,0.47049116803705693,0.3414458035901189,0.058071016302838306,0.0643036685811522
0.5889462232589722,0.4269111156463623,0.47049116803705693,0.3414458035901189,0.058071016302838306,0.0643036685811522
0.4382209777832031,0.3023812770843506,0.47049116803705693,0.3414458035901189,0.058071016302838306,0.0643036685811522
0.43492600321769714,0.3153829872608185,0.47049116803705693,0.3414458035901189,0.058071016302838306,0.0643036685811522
0.46490639448165894,0.35883426666259766,0.47049116803705693,0.3414458035901189,0.058071016302838306,0.0643036685811522
0.42562761902809143,0.3210371732711792,0.47049116803705693,0.3414458035901189,0.058071016302838306,0.0643036685811522
0.3349815309047699,0.20761223137378693,0.47049116803705693,0.3414458035901189,0.058071016302838306,0.0643036685811522
0.4818275570869446,0.36614683270454407,0.47049116803705693,0.3414458035901189,0.058071016302838306,0.0643036685811522
0.5038778781890869,0.3425266742706299,0.47049116803705693,0.3414458035901189,0.058071016302838306,0.0643036685811522
0.5496505498886108,0.3661722242832184,0.47049116803705693,0.3414458035901189,0.058071016302838306,0.0643036685811522
0.47081804275512695,0.3676217198371887,0.47049116803705693,0.3414458035901189,0.058071016302838306,0.0643036685811522
0.45693904161453247,0.34528762102127075,0.47049116803705693,0.3414458035901189,0.058071016302838306,0.0643036685811522
0.3797966241836548,0.26171621680259705,0.47049116803705693,0.3414458035901189,0.058071016302838306,0.0643036685811522
0.4418479800224304,0.33725419640541077,0.47049116803705693,0.3414458035901189,0.058071016302838306,0.0643036685811522
0.5200362801551819,0.4178991913795471,0.47049116803705693,0.3414458035901189,0.058071016302838306,0.0643036685811522
0.4562108516693115,0.34577828645706177,0.47049116803705693,0.3414458035901189,0.058071016302838306,0.0643036685811522
0.5499073266983032,0.4518249034881592,0.47049116803705693,0.3414458035901189,0.058071016302838306,0.0643036685811522
0.5347147583961487,0.4101133644580841,0.47049116803705693,0.3414458035901189,0.058071016302838306,0.0643036685811522
0.5088616609573364,0.378393292427063,0.47049116803705693,0.3414458035901189,0.058071016302838306,0.0643036685811522
0.499257892370224,0.364552766084671,0.47049116803705693,0.3414458035901189,0.058071016302838306,0.0643036685811522
0.648436427116394,0.5314117074012756,0.47049116803705693,0.3414458035901189,0.058071016302838306,0.0643036685811522
0.33003050088882446,0.19310441613197327,0.47049116803705693,0.3414458035901189,0.058071016302838306,0.0643036685811522
0.43013572692871094,0.3311309218406677,0.47049116803705693,0.3414458035901189,0.058071016302838306,0.0643036685811522
0.5098577737808228,0.38334521651268005,0.47049116803705693,0.3414458035901189,0.058071016302838306,0.0643036685811522
0.4556012451648712,0.3391358554363251,0.47049116803705693,0.3414458035901189,0.058071016302838306,0.0643036685811522
0.4048721194267273,0.2643086314201355,0.47049116803705693,0.3414458035901189,0.058071016302838306,0.0643036685811522
0.4513621926307678,0.34146860241889954,0.47049116803705693,0.3414458035901189,0.058071016302838306,0.0643036685811522
0.453687459230423,0.32458290457725525,0.47049116803705693,0.3414458035901189,0.058071016302838306,0.0643036685811522
0.39507684111595154,0.27843838930130005,0.47049116803705693,0.3414458035901189,0.058071016302838306,0.0643036685811522
0.4138769805431366,0.26490485668182373,0.47049116803705693,0.3414458035901189,0.058071016302838306,0.0643036685811522
0.4402105510234833,0.311023473739624,0.47049116803705693,0.3414458035901189,0.058071016302838306,0.0643036685811522
0.5221079587936401,0.35660654306411743,0.47049116803705693,0.3414458035901189,0.058071016302838306,0.0643036685811522
0.40195441246032715,0.25869184732437134,0.47049116803705693,0.3414458035901189,0.058071016302838306,0.0643036685811522
0.5425111651420593,0.4238981008529663,0.47049116803705693,0.3414458035901189,0.058071016302838306,0.0643036685811522
0.3850884437561035,0.2260032296180725,0.47049116803705693,0.3414458035901189,0.058071016302838306,0.0643036685811522
0.4956479072570801,0.37388497591018677,0.47049116803705693,0.3414458035901189,0.058071016302838306,0.0643036685811522
0.6449862122535706,0.5273151993751526,0.47049116803705693,0.3414458035901189,0.058071016302838306,0.0643036685811522
0.4581947326660156,0.30110836029052734,0.47049116803705693,0.3414458035901189,0.058071016302838306,0.0643036685811522
0.4464661478996277,0.3397018611431122,0.47049116803705693,0.3414458035901189,0.058071016302838306,0.0643036685811522
0.49751582741737366,0.3617895543575287,0.47049116803705693,0.3414458035901189,0.058071016302838306,0.0643036685811522
0.4851793348789215,0.3648853898048401,0.47049116803705693,0.3414458035901189,0.058071016302838306,0.0643036685811522
0.4106082320213318,0.2309301495552063,0.47049116803705693,0.3414458035901189,0.058071016302838306,0.0643036685811522
0.43760815262794495,0.2592403292655945,0.47049116803705693,0.3414458035901189,0.058071016302838306,0.0643036685811522
0.4238681197166443,0.29804861545562744,0.47049116803705693,0.3414458035901189,0.058071016302838306,0.0643036685811522
0.45396000146865845,0.3437385559082031,0.47049116803705693,0.3414458035901189,0.058071016302838306,0.0643036685811522
0.5044516921043396,0.3821837902069092,0.47049116803705693,0.3414458035901189,0.058071016302838306,0.0643036685811522
0.4645291864871979,0.33966872096061707,0.47049116803705693,0.3414458035901189,0.058071016302838306,0.0643036685811522
0.521942138671875,0.4028511345386505,0.47049116803705693,0.3414458035901189,0.058071016302838306,0.0643036685811522
0.42941343784332275,0.32810747623443604,0.47049116803705693,0.3414458035901189,0.058071016302838306,0.0643036685811522
0.43859413266181946,0.28238949179649353,0.47049116803705693,0.3414458035901189,0.058071016302838306,0.0643036685811522
0.5108818411827087,0.3941122591495514,0.47049116803705693,0.3414458035901189,0.058071016302838306,0.0643036685811522
0.48590871691703796,0.36042115092277527,0.47049116803705693,0.3414458035901189,0.058071016302838306,0.0643036685811522
0.4515075087547302,0.34942150115966797,0.47049116803705693,0.3414458035901189,0.058071016302838306,0.0643036685811522
0.48150867223739624,0.37826040387153625,0.47049116803705693,0.3414458035901189,0.058071016302838306,0.0643036685811522
0.47242602705955505,0.3614228367805481,0.47049116803705693,0.3414458035901189,0.058071016302838306,0.0643036685811522
0.3565731346607208,0.21004915237426758,0.47049116803705693,0.3414458035901189,0.058071016302838306,0.0643036685811522
0.5175262093544006,0.3770017623901367,0.47049116803705693,0.3414458035901189,0.058071016302838306,0.0643036685811522
0.4145641028881073,0.2785799205303192,0.47049116803705693,0.3414458035901189,0.058071016302838306,0.0643036685811522
0.4219103157520294,0.29678720235824585,0.47049116803705693,0.3414458035901189,0.058071016302838306,0.0643036685811522
0.5492480993270874,0.36552438139915466,0.47049116803705693,0.3414458035901189,0.058071016302838306,0.0643036685811522
0.4799342155456543,0.36440983414649963,0.47049116803705693,0.3414458035901189,0.058071016302838306,0.0643036685811522
0.43492770195007324,0.3188817501068115,0.47049116803705693,0.3414458035901189,0.058071016302838306,0.0643036685811522
0.5020973086357117,0.39948511123657227,0.47049116803705693,0.3414458035901189,0.058071016302838306,0.0643036685811522
0.5565949082374573,0.44715332984924316,0.47049116803705693,0.3414458035901189,0.058071016302838306,0.0643036685811522
0.4205884635448456,0.24314042925834656,0.47049116803705693,0.3414458035901189,0.058071016302838306,0.0643036685811522
0.5128375887870789,0.38857200741767883,0.47049116803705693,0.3414458035901189,0.058071016302838306,0.0643036685811522
0.36858391761779785,0.22797293961048126,0.47049116803705693,0.3414458035901189,0.058071016302838306,0.0643036685811522
0.4705566465854645,0.3507487177848816,0.47049116803705693,0.3414458035901189,0.058071016302838306,0.0643036685811522
0.41746214032173157,0.32153111696243286,0.47049116803705693,0.3414458035901189,0.058071016302838306,0.0643036685811522
0.44986632466316223,0.3035407066345215,0.47049116803705693,0.3414458035901189,0.058071016302838306,0.0643036685811522
0.4648610055446625,0.3575393259525299,0.47049116803705693,0.3414458035901189,0.058071016302838306,0.0643036685811522
0.35262006521224976,0.19931423664093018,0.47049116803705693,0.3414458035901189,0.058071016302838306,0.0643036685811522
0.4791565239429474,0.3690054714679718,0.47049116803705693,0.3414458035901189,0.058071016302838306,0.0643036685811522
0.4676792323589325,0.304431289434433,0.47049116803705693,0.3414458035901189,0.058071016302838306,0.0643036685811522
0.3920219838619232,0.22453121840953827,0.47049116803705693,0.3414458035901189,0.058071016302838306,0.0643036685811522
0.5422847867012024,0.4170151352882385,0.47049116803705693,0.3414458035901189,0.058071016302838306,0.0643036685811522
0.2696470022201538,0.15644103288650513,0.47049116803705693,0.3414458035901189,0.058071016302838306,0.0643036685811522
0.39812955260276794,0.22706080973148346,0.47049116803705693,0.3414458035901189,0.058071016302838306,0.0643036685811522
0.4628581702709198,0.3614256680011749,0.47049116803705693,0.3414458035901189,0.058071016302838306,0.0643036685811522
0.3693898320198059,0.20526403188705444,0.47049116803705693,0.3414458035901189,0.058071016302838306,0.0643036685811522
0.41870659589767456,0.2361488938331604,0.47049116803705693,0.3414458035901189,0.058071016302838306,0.0643036685811522
0.5677911043167114,0.4250984787940979,0.47049116803705693,0.3414458035901189,0.058071016302838306,0.0643036685811522
0.5154548287391663,0.3568377196788788,0.47049116803705693,0.3414458035901189,0.058071016302838306,0.0643036685811522
0.42072632908821106,0.24156931042671204,0.47049116803705693,0.3414458035901189,0.058071016302838306,0.0643036685811522
0.442959189414978,0.3316064178943634,0.47049116803705693,0.3414458035901189,0.058071016302838306,0.0643036685811522
0.46293652057647705,0.35028207302093506,0.47049116803705693,0.3414458035901189,0.058071016302838306,0.0643036685811522
0.49529311060905457,0.3960554599761963,0.47049116803705693,0.3414458035901189,0.058071016302838306,0.0643036685811522
0.48163825273513794,0.3647881746292114,0.47049116803705693,0.3414458035901189,0.058071016302838306,0.0643036685811522
0.5384109020233154,0.4135085344314575,0.47049116803705693,0.3414458035901189,0.058071016302838306,0.0643036685811522
0.5396285057067871,0.4241582751274109,0.47049116803705693,0.3414458035901189,0.058071016302838306,0.0643036685811522
0.4868704676628113,0.3588455617427826,0.47049116803705693,0.3414458035901189,0.058071016302838306,0.0643036685811522
0.42641642689704895,0.3211483061313629,0.47049116803705693,0.3414458035901189,0.058071016302838306,0.0643036685811522
0.42176079750061035,0.322987824678421,0.47049116803705693,0.3414458035901189,0.058071016302838306,0.0643036685811522
0.46806207299232483,0.3687185049057007,0.47049116803705693,0.3414458035901189,0.058071016302838306,0.0643036685811522
0.42703115940093994,0.27883341908454895,0.47049116803705693,0.3414458035901189,0.058071016302838306,0.0643036685811522
0.47390326857566833,0.347022145986557,0.47049116803705693,0.3414458035901189,0.058071016302838306,0.0643036685811522
0.445802241563797,0.3344607353210449,0.47049116803705693,0.3414458035901189,0.058071016302838306,0.0643036685811522
0.4290730357170105,0.3238428235054016,0.47049116803705693,0.3414458035901189,0.058071016302838306,0.0643036685811522
0.44680824875831604,0.3296983540058136,0.47049116803705693,0.3414458035901189,0.058071016302838306,0.0643036685811522
0.47779348492622375,0.3594375252723694,0.47049116803705693,0.3414458035901189,0.058071016302838306,0.0643036685811522
0.5466616153717041,0.35953882336616516,0.47049116803705693,0.3414458035901189,0.058071016302838306,0.0643036685811522
0.5355923175811768,0.41846224665641785,0.47049116803705693,0.3414458035901189,0.058071016302838306,0.0643036685811522
0.5057912468910217,0.3839486837387085,0.47049116803705693,0.3414458035901189,0.058071016302838306,0.0643036685811522
0.4758228063583374,0.35458821058273315,0.47049116803705693,0.3414458035901189,0.058071016302838306,0.0643036685811522
0.6478391885757446,0.504719614982605,0.47049116803705693,0.3414458035901189,0.058071016302838306,0.0643036685811522
0.44383248686790466,0.3410694897174835,0.47049116803705693,0.3414458035901189,0.058071016302838306,0.0643036685811522
0.44963181018829346,0.34411492943763733,0.47049116803705693,0.3414458035901189,0.058071016302838306,0.0643036685811522
0.5860253572463989,0.4419701397418976,0.47049116803705693,0.3414458035901189,0.058071016302838306,0.0643036685811522
0.5279608368873596,0.4177979528903961,0.47049116803705693,0.3414458035901189,0.058071016302838306,0.0643036685811522
0.6002064347267151,0.4219818711280823,0.47049116803705693,0.3414458035901189,0.058071016302838306,0.0643036685811522
0.4266684949398041,0.27243226766586304,0.47049116803705693,0.3414458035901189,0.058071016302838306,0.0643036685811522
0.5028308629989624,0.38460928201675415,0.47049116803705693,0.3414458035901189,0.058071016302838306,0.0643036685811522
0.4216388761997223,0.311331570148468,0.47049116803705693,0.3414458035901189,0.058071016302838306,0.0643036685811522
0.5250706672668457,0.4069675803184509,0.47049116803705693,0.3414458035901189,0.058071016302838306,0.0643036685811522
0.5040434002876282,0.3863488733768463,0.47049116803705693,0.3414458035901189,0.058071016302838306,0.0643036685811522
0.4500005543231964,0.3224283456802368,0.47049116803705693,0.3414458035901189,0.058071016302838306,0.0643036685811522
0.4394994378089905,0.31784868240356445,0.47049116803705693,0.3414458035901189,0.058071016302838306,0.0643036685811522
0.41923952102661133,0.3185739815235138,0.47049116803705693,0.3414458035901189,0.058071016302838306,0.0643036685811522
0.43570831418037415,0.3286479413509369,0.47049116803705693,0.3414458035901189,0.058071016302838306,0.0643036685811522
0.5577588081359863,0.4314291477203369,0.47049116803705693,0.3414458035901189,0.058071016302838306,0.0643036685811522
0.536658763885498,0.3856941759586334,0.47049116803705693,0.3414458035901189,0.058071016302838306,0.0643036685811522
0.47261378169059753,0.3613309860229492,0.47049116803705693,0.3414458035901189,0.058071016302838306,0.0643036685811522
0.5397458672523499,0.3558805286884308,0.47049116803705693,0.3414458035901189,0.058071016302838306,0.0643036685811522
0.4813762605190277,0.3515439033508301,0.47049116803705693,0.3414458035901189,0.058071016302838306,0.0643036685811522
0.4594385325908661,0.3277638256549835,0.47049116803705693,0.3414458035901189,0.058071016302838306,0.0643036685811522
0.5609539151191711,0.44857683777809143,0.47049116803705693,0.3414458035901189,0.058071016302838306,0.0643036685811522
0.4155973494052887,0.24361518025398254,0.47049116803705693,0.3414458035901189,0.058071016302838306,0.0643036685811522
0.4597179889678955,0.3428902328014374,0.47049116803705693,0.3414458035901189,0.058071016302838306,0.0643036685811522
0.44406622648239136,0.2880721986293793,0.47049116803705693,0.3414458035901189,0.058071016302838306,0.0643036685811522
0.5281179547309875,0.4130660593509674,0.47049116803705693,0.3414458035901189,0.058071016302838306,0.0643036685811522
0.5842586755752563,0.47416597604751587,0.47049116803705693,0.3414458035901189,0.058071016302838306,0.0643036685811522
0.4977666437625885,0.35992908477783203,0.47049116803705693,0.3414458035901189,0.058071016302838306,0.0643036685811522
0.47623515129089355,0.360878050327301,0.47049116803705693,0.3414458035901189,0.058071016302838306,0.0643036685811522
0.5179536938667297,0.4054243266582489,0.47049116803705693,0.3414458035901189,0.058071016302838306,0.0643036685811522
0.45574498176574707,0.34548136591911316,0.47049116803705693,0.3414458035901189,0.058071016302838306,0.0643036685811522
0.5335065126419067,0.4304737448692322,0.47049116803705693,0.3414458035901189,0.058071016302838306,0.0643036685811522
0.6522068977355957,0.490885853767395,0.47049116803705693,0.3414458035901189,0.058071016302838306,0.0643036685811522
0.595630407333374,0.472698837518692,0.47049116803705693,0.3414458035901189,0.058071016302838306,0.0643036685811522
0.29053348302841187,0.16158631443977356,0.47049116803705693,0.3414458035901189,0.058071016302838306,0.0643036685811522
0.44492465257644653,0.3185334801673889,0.47049116803705693,0.3414458035901189,0.058071016302838306,0.0643036685811522
0.3713896870613098,0.20400863885879517,0.47049116803705693,0.3414458035901189,0.058071016302838306,0.0643036685811522
0.4480186998844147,0.3332568407058716,0.47049116803705693,0.3414458035901189,0.058071016302838306,0.0643036685811522
0.558087944984436,0.45007088780403137,0.47049116803705693,0.3414458035901189,0.058071016302838306,0.0643036685811522
0.5451368093490601,0.40231814980506897,0.47049116803705693,0.3414458035901189,0.058071016302838306,0.0643036685811522
0.5344454050064087,0.4106670320034027,0.47049116803705693,0.3414458035901189,0.058071016302838306,0.0643036685811522
0.4264072775840759,0.3119712173938751,0.47049116803705693,0.3414458035901189,0.058071016302838306,0.0643036685811522
0.48791345953941345,0.3509393334388733,0.47049116803705693,0.3414458035901189,0.058071016302838306,0.0643036685811522
0.41742953658103943,0.3165847063064575,0.47049116803705693,0.3414458035901189,0.058071016302838306,0.0643036685811522
0.5436042547225952,0.4317733645439148,0.47049116803705693,0.3414458035901189,0.058071016302838306,0.0643036685811522
0.5245917439460754,0.3338511288166046,0.47049116803705693,0.3414458035901189,0.058071016302838306,0.0643036685811522
0.5221086740493774,0.40590232610702515,0.47049116803705693,0.3414458035901189,0.058071016302838306,0.0643036685811522
0.6003331542015076,0.4760635197162628,0.47049116803705693,0.3414458035901189,0.058071016302838306,0.0643036685811522
0.546467661857605,0.4278590977191925,0.47049116803705693,0.3414458035901189,0.058071016302838306,0.0643036685811522
0.4908086359500885,0.3858645260334015,0.47049116803705693,0.3414458035901189,0.058071016302838306,0.0643036685811522
0.4182293117046356,0.23914849758148193,0.47049116803705693,0.3414458035901189,0.058071016302838306,0.0643036685811522
0.3675314486026764,0.20016388595104218,0.47049116803705693,0.3414458035901189,0.058071016302838306,0.0643036685811522
0.46837130188941956,0.3441840708255768,0.47049116803705693,0.3414458035901189,0.058071016302838306,0.0643036685811522
0.462988018989563,0.36129072308540344,0.47049116803705693,0.3414458035901189,0.058071016302838306,0.0643036685811522
0.43144491314888,0.33970481157302856,0.47049116803705693,0.3414458035901189,0.058071016302838306,0.0643036685811522
0.39326560497283936,0.2494882494211197,0.47049116803705693,0.3414458035901189,0.058071016302838306,0.0643036685811522
0.4621289074420929,0.36739382147789,0.47049116803705693,0.3414458035901189,0.058071016302838306,0.0643036685811522
0.6331357359886169,0.5185473561286926,0.47049116803705693,0.3414458035901189,0.058071016302838306,0.0643036685811522
0.502685010433197,0.38189512491226196,0.47049116803705693,0.3414458035901189,0.058071016302838306,0.0643036685811522
0.45629823207855225,0.33513858914375305,0.47049116803705693,0.3414458035901189,0.058071016302838306,0.0643036685811522
0.5329220294952393,0.41888272762298584,0.47049116803705693,0.3414458035901189,0.058071016302838306,0.0643036685811522
0.6551803350448608,0.5377974510192871,0.47049116803705693,0.3414458035901189,0.058071016302838306,0.0643036685811522
0.4511492848396301,0.27000361680984497,0.47049116803705693,0.3414458035901189,0.058071016302838306,0.0643036685811522
0.49319109320640564,0.3678582012653351,0.47049116803705693,0.3414458035901189,0.058071016302838306,0.0643036685811522
0.4181639552116394,0.23420539498329163,0.47049116803705693,0.3414458035901189,0.058071016302838306,0.0643036685811522
0.5211650729179382,0.4040791392326355,0.47049116803705693,0.3414458035901189,0.058071016302838306,0.0643036685811522
0.42985281348228455,0.332681268453598,0.47049116803705693,0.3414458035901189,0.058071016302838306,0.0643036685811522
0.4354166090488434,0.32397085428237915,0.47049116803705693,0.3414458035901189,0.058071016302838306,0.0643036685811522
0.48855820298194885,0.37308308482170105,0.47049116803705693,0.3414458035901189,0.058071016302838306,0.0643036685811522
0.4733504354953766,0.30045533180236816,0.47049116803705693,0.3414458035901189,0.058071016302838306,0.0643036685811522
0.5082228183746338,0.3314913213253021,0.47049116803705693,0.3414458035901189,0.058071016302838306,0.0643036685811522
0.4755331575870514,0.33610597252845764,0.47049116803705693,0.3414458035901189,0.058071016302838306,0.0643036685811522
0.5153263807296753,0.3906433582305908,0.47049116803705693,0.3414458035901189,0.058071016302838306,0.0643036685811522
0.5028091669082642,0.38308608531951904,0.47049116803705693,0.3414458035901189,0.058071016302838306,0.0643036685811522
0.541459321975708,0.4204871356487274,0.47049116803705693,0.3414458035901189,0.058071016302838306,0.0643036685811522
0.4904124438762665,0.36150404810905457,0.47049116803705693,0.3414458035901189,0.058071016302838306,0.0643036685811522
0.5142270922660828,0.35718825459480286,0.47049116803705693,0.3414458035901189,0.058071016302838306,0.0643036685811522
0.4736705422401428,0.33009830117225647,0.47049116803705693,0.3414458035901189,0.058071016302838306,0.0643036685811522
0.5115894675254822,0.37299785017967224,0.47049116803705693,0.3414458035901189,0.058071016302838306,0.0643036685811522
0.43864378333091736,0.2864837646484375,0.47049116803705693,0.3414458035901189,0.058071016302838306,0.0643036685811522
0.553809642791748,0.4325770139694214,0.47049116803705693,0.3414458035901189,0.058071016302838306,0.0643036685811522
0.45636728405952454,0.3590048551559448,0.47049116803705693,0.3414458035901189,0.058071016302838306,0.0643036685811522
0.4729520082473755,0.3546353876590729,0.47049116803705693,0.3414458035901189,0.058071016302838306,0.0643036685811522
0.43350955843925476,0.32187360525131226,0.47049116803705693,0.3414458035901189,0.058071016302838306,0.0643036685811522
0.5064283609390259,0.35336238145828247,0.47049116803705693,0.3414458035901189,0.058071016302838306,0.0643036685811522
0.5099982619285583,0.3874402940273285,0.47049116803705693,0.3414458035901189,0.058071016302838306,0.0643036685811522
0.460563063621521,0.34671857953071594,0.47049116803705693,0.3414458035901189,0.058071016302838306,0.0643036685811522
0.4256074130535126,0.3098290264606476,0.47049116803705693,0.3414458035901189,0.058071016302838306,0.0643036685811522
0.5990436673164368,0.4641992151737213,0.47049116803705693,0.3414458035901189,0.058071016302838306,0.0643036685811522
0.49938634037971497,0.3763096332550049,0.47049116803705693,0.3414458035901189,0.058071016302838306,0.0643036685811522
0.37890541553497314,0.2202722728252411,0.47049116803705693,0.3414458035901189,0.058071016302838306,0.0643036685811522
0.29720354080200195,0.1625632494688034,0.47049116803705693,0.3414458035901189,0.058071016302838306,0.0643036685811522
0.6132829785346985,0.4332033395767212,0.47049116803705693,0.3414458035901189,0.058071016302838306,0.0643036685811522
0.411380797624588,0.23240970075130463,0.47049116803705693,0.3414458035901189,0.058071016302838306,0.0643036685811522
0.47692203521728516,0.3567796051502228,0.47049116803705693,0.3414458035901189,0.058071016302838306,0.0643036685811522
0.35370397567749023,0.20624865591526031,0.47049116803705693,0.3414458035901189,0.058071016302838306,0.0643036685811522
0.40188881754875183,0.26151084899902344,0.47049116803705693,0.3414458035901189,0.058071016302838306,0.0643036685811522
0.4621618092060089,0.3143119215965271,0.47049116803705693,0.3414458035901189,0.058071016302838306,0.0643036685811522
0.4958436191082001,0.37805426120758057,0.47049116803705693,0.3414458035901189,0.058071016302838306,0.0643036685811522
0.49847230315208435,0.36695224046707153,0.47049116803705693,0.3414458035901189,0.058071016302838306,0.0643036685811522
0.49126136302948,0.3638887107372284,0.47049116803705693,0.3414458035901189,0.058071016302838306,0.0643036685811522
0.4962053894996643,0.36892521381378174,0.47049116803705693,0.3414458035901189,0.058071016302838306,0.0643036685811522
0.5092881917953491,0.38996297121047974,0.47049116803705693,0.3414458035901189,0.058071016302838306,0.0643036685811522
0.425665020942688,0.32129383087158203,0.47049116803705693,0.3414458035901189,0.058071016302838306,0.0643036685811522
0.40393495559692383,0.23241084814071655,0.47049116803705693,0.3414458035901189,0.058071016302838306,0.0643036685811522
0.4397662580013275,0.3417205512523651,0.47049116803705693,0.3414458035901189,0.058071016302838306,0.0643036685811522
0.45741403102874756,0.3351316750049591,0.47049116803705693,0.3414458035901189,0.058071016302838306,0.0643036685811522
0.4662332534790039,0.3590804636478424,0.47049116803705693,0.3414458035901189,0.058071016302838306,0.0643036685811522
0.48430129885673523,0.37844452261924744,0.47049116803705693,0.3414458035901189,0.058071016302838306,0.0643036685811522
0.4170929193496704,0.30955466628074646,0.47049116803705693,0.3414458035901189,0.058071016302838306,0.0643036685811522
0.36591073870658875,0.23053570091724396,0.47049116803705693,0.3414458035901189,0.058071016302838306,0.0643036685811522
0.5607441067695618,0.44237837195396423,0.47049116803705693,0.3414458035901189,0.058071016302838306,0.0643036685811522
0.5099805593490601,0.3847118020057678,0.47049116803705693,0.3414458035901189,0.058071016302838306,0.0643036685811522
0.45281675457954407,0.3357120752334595,0.47049116803705693,0.3414458035901189,0.058071016302838306,0.0643036685811522
0.4499172270298004,0.34317702054977417,0.47049116803705693,0.3414458035901189,0.058071016302838306,0.0643036685811522
0.5619943737983704,0.4361928403377533,0.47049116803705693,0.3414458035901189,0.058071016302838306,0.0643036685811522
0.4734037220478058,0.35165297985076904,0.47049116803705693,0.3414458035901189,0.058071016302838306,0.0643036685811522
0.4342520833015442,0.2737559378147125,0.47049116803705693,0.3414458035901189,0.058071016302838306,0.0643036685811522
0.47687238454818726,0.3661853075027466,0.47049116803705693,0.3414458035901189,0.058071016302838306,0.0643036685811522
0.35788339376449585,0.19641713798046112,0.47049116803705693,0.3414458035901189,0.058071016302838306,0.0643036685811522
0.5631251931190491,0.4319288432598114,0.47049116803705693,0.3414458035901189,0.058071016302838306,0.0643036685811522
0.4561263918876648,0.3343375623226166,0.47049116803705693,0.3414458035901189,0.058071016302838306,0.0643036685811522
0.45692315697669983,0.28094515204429626,0.47049116803705693,0.3414458035901189,0.058071016302838306,0.0643036685811522
0.515786349773407,0.40104347467422485,0.47049116803705693,0.3414458035901189,0.058071016302838306,0.0643036685811522
0.43547341227531433,0.3377240300178528,0.47049116803705693,0.3414458035901189,0.058071016302838306,0.0643036685811522
0.5193589329719543,0.388919472694397,0.47049116803705693,0.3414458035901189,0.058071016302838306,0.0643036685811522
0.3565249443054199,0.20487089455127716,0.47049116803705693,0.3414458035901189,0.058071016302838306,0.0643036685811522
0.5175518989562988,0.37744948267936707,0.47049116803705693,0.3414458035901189,0.058071016302838306,0.0643036685811522
0.3970065414905548,0.2803425192832947,0.47049116803705693,0.3414458035901189,0.058071016302838306,0.0643036685811522
0.4861135184764862,0.37531575560569763,0.47049116803705693,0.3414458035901189,0.058071016302838306,0.0643036685811522
0.35519304871559143,0.22923849523067474,0.47049116803705693,0.3414458035901189,0.058071016302838306,0.0643036685811522
0.4125148355960846,0.29179954528808594,0.47049116803705693,0.3414458035901189,0.058071016302838306,0.0643036685811522
0.46927911043167114,0.3524235486984253,0.47049116803705693,0.3414458035901189,0.058071016302838306,0.0643036685811522
0.4249662160873413,0.30049118399620056,0.47049116803705693,0.3414458035901189,0.058071016302838306,0.0643036685811522
0.41327857971191406,0.2969800531864166,0.47049116803705693,0.3414458035901189,0.058071016302838306,0.0643036685811522
0.4759429693222046,0.3637201488018036,0.47049116803705693,0.3414458035901189,0.058071016302838306,0.0643036685811522
0.47589242458343506,0.3635924458503723,0.47049116803705693,0.3414458035901189,0.058071016302838306,0.0643036685811522
0.4929577112197876,0.3583412170410156,0.47049116803705693,0.3414458035901189,0.058071016302838306,0.0643036685811522
0.43104296922683716,0.33366355299949646,0.47049116803705693,0.3414458035901189,0.058071016302838306,0.0643036685811522
0.4512536823749542,0.3471779227256775,0.47049116803705693,0.3414458035901189,0.058071016302838306,0.0643036685811522
0.4225454330444336,0.3254425823688507,0.47049116803705693,0.3414458035901189,0.058071016302838306,0.0643036685811522
0.5535817742347717,0.39095163345336914,0.47049116803705693,0.3414458035901189,0.058071016302838306,0.0643036685811522
0.4563941955566406,0.34698304533958435,0.47049116803705693,0.3414458035901189,0.058071016302838306,0.0643036685811522
0.47952359914779663,0.36877211928367615,0.47049116803705693,0.3414458035901189,0.058071016302838306,0.0643036685811522
0.4190566837787628,0.256942480802536,0.47049116803705693,0.3414458035901189,0.058071016302838306,0.0643036685811522
0.4994628131389618,0.379890114068985,0.47049116803705693,0.3414458035901189,0.058071016302838306,0.0643036685811522
0.4128146767616272,0.2507958710193634,0.47049116803705693,0.3414458035901189,0.058071016302838306,0.0643036685811522
0.49025610089302063,0.3747403621673584,0.47049116803705693,0.3414458035901189,0.058071016302838306,0.0643036685811522
0.4740683436393738,0.34134525060653687,0.47049116803705693,0.3414458035901189,0.058071016302838306,0.0643036685811522
0.4224699139595032,0.3138166069984436,0.47049116803705693,0.3414458035901189,0.058071016302838306,0.0643036685811522
0.35173389315605164,0.2089454084634781,0.47049116803705693,0.3414458035901189,0.058071016302838306,0.0643036685811522
0.4893781840801239,0.37835609912872314,0.47049116803705693,0.3414458035901189,0.058071016302838306,0.0643036685811522
0.5427728891372681,0.42319169640541077,0.47049116803705693,0.3414458035901189,0.058071016302838306,0.0643036685811522
0.5096181035041809,0.39427486062049866,0.47049116803705693,0.3414458035901189,0.058071016302838306,0.0643036685811522
0.4434148371219635,0.31076037883758545,0.47049116803705693,0.3414458035901189,0.058071016302838306,0.0643036685811522
0.37957796454429626,0.22393696010112762,0.47049116803705693,0.3414458035901189,0.058071016302838306,0.0643036685811522
0.4323969781398773,0.32054612040519714,0.47049116803705693,0.3414458035901189,0.058071016302838306,0.0643036685811522
0.5076403021812439,0.38088861107826233,0.47049116803705693,0.3414458035901189,0.058071016302838306,0.0643036685811522
0.4338277578353882,0.33786430954933167,0.47049116803705693,0.3414458035901189,0.058071016302838306,0.0643036685811522
0.4613860547542572,0.3409792482852936,0.47049116803705693,0.3414458035901189,0.058071016302838306,0.0643036685811522
0.37595996260643005,0.2061183750629425,0.47049116803705693,0.3414458035901189,0.058071016302838306,0.0643036685811522
0.42377346754074097,0.31906095147132874,0.47049116803705693,0.3414458035901189,0.058071016302838306,0.0643036685811522
0.4057821035385132,0.2763109803199768,0.47049116803705693,0.3414458035901189,0.058071016302838306,0.0643036685811522
0.49986371397972107,0.3627379536628723,0.47049116803705693,0.3414458035901189,0.058071016302838306,0.0643036685811522
0.4292169213294983,0.2530532777309418,0.47049116803705693,0.3414458035901189,0.058071016302838306,0.0643036685811522
0.47399142384529114,0.36094775795936584,0.47049116803705693,0.3414458035901189,0.058071016302838306,0.0643036685811522
0.4291478097438812,0.3236871361732483,0.47049116803705693,0.3414458035901189,0.058071016302838306,0.0643036685811522
0.2897239327430725,0.17215466499328613,0.47049116803705693,0.3414458035901189,0.058071016302838306,0.0643036685811522
0.4475448727607727,0.312427282333374,0.47049116803705693,0.3414458035901189,0.058071016302838306,0.0643036685811522
0.5495702028274536,0.3591524362564087,0.47049116803705693,0.3414458035901189,0.058071016302838306,0.0643036685811522
0.43830084800720215,0.3031192719936371,0.47049116803705693,0.3414458035901189,0.058071016302838306,0.0643036685811522
0.3445513844490051,0.18497052788734436,0.47049116803705693,0.3414458035901189,0.058071016302838306,0.0643036685811522
0.47409823536872864,0.35721850395202637,0.47049116803705693,0.3414458035901189,0.058071016302838306,0.0643036685811522
0.49955645203590393,0.38384199142456055,0.47049116803705693,0.3414458035901189,0.058071016302838306,0.0643036685811522
0.41734543442726135,0.324887752532959,0.47049116803705693,0.3414458035901189,0.058071016302838306,0.0643036685811522
0.6361591219902039,0.5294714570045471,0.47049116803705693,0.3414458035901189,0.058071016302838306,0.0643036685811522
0.45544299483299255,0.35480189323425293,0.47049116803705693,0.3414458035901189,0.058071016302838306,0.0643036685811522
0.6107622385025024,0.44908782839775085,0.47049116803705693,0.3414458035901189,0.058071016302838306,0.0643036685811522
0.4756026864051819,0.37350475788116455,0.47049116803705693,0.3414458035901189,0.058071016302838306,0.0643036685811522
0.4902636408805847,0.31289932131767273,0.47049116803705693,0.3414458035901189,0.058071016302838306,0.0643036685811522
0.48446279764175415,0.3702087700366974,0.47049116803705693,0.3414458035901189,0.058071016302838306,0.0643036685811522
0.5916004180908203,0.47260263562202454,0.47049116803705693,0.3414458035901189,0.058071016302838306,0.0643036685811522
0.4397234618663788,0.25411897897720337,0.47049116803705693,0.3414458035901189,0.058071016302838306,0.0643036685811522
0.4906582832336426,0.376899778842926,0.47049116803705693,0.3414458035901189,0.058071016302838306,0.0643036685811522
0.6439056396484375,0.5359503030776978,0.47049116803705693,0.3414458035901189,0.058071016302838306,0.0643036685811522
0.4851571023464203,0.3716859519481659,0.47049116803705693,0.3414458035901189,0.058071016302838306,0.0643036685811522
0.5061569809913635,0.3868386149406433,0.47049116803705693,0.3414458035901189,0.058071016302838306,0.0643036685811522
0.4328377842903137,0.33139514923095703,0.47049116803705693,0.3414458035901189,0.058071016302838306,0.0643036685811522
0.4400215744972229,0.3327902555465698,0.47049116803705693,0.3414458035901189,0.058071016302838306,0.0643036685811522
0.47874629497528076,0.2960177958011627,0.47049116803705693,0.3414458035901189,0.058071016302838306,0.0643036685811522
0.4732201099395752,0.3681288957595825,0.47049116803705693,0.3414458035901189,0.058071016302838306,0.0643036685811522
0.4759657680988312,0.3609253168106079,0.47049116803705693,0.3414458035901189,0.058071016302838306,0.0643036685811522
0.35595327615737915,0.2049671709537506,0.47049116803705693,0.3414458035901189,0.058071016302838306,0.0643036685811522
0.5097848176956177,0.36671844124794006,0.47049116803705693,0.3414458035901189,0.058071016302838306,0.0643036685811522
0.45883843302726746,0.3468928337097168,0.47049116803705693,0.3414458035901189,0.058071016302838306,0.0643036685811522
0.42786115407943726,0.2507174611091614,0.47049116803705693,0.3414458035901189,0.058071016302838306,0.0643036685811522
0.46412280201911926,0.3461648225784302,0.47049116803705693,0.3414458035901189,0.058071016302838306,0.0643036685811522
0.42331284284591675,0.2427646666765213,0.47049116803705693,0.3414458035901189,0.058071016302838306,0.0643036685811522
0.4482463598251343,0.3439772427082062,0.47049116803705693,0.3414458035901189,0.058071016302838306,0.0643036685811522
0.46705004572868347,0.35627999901771545,0.47049116803705693,0.3414458035901189,0.058071016302838306,0.0643036685811522
0.44394451379776,0.33666902780532837,0.47049116803705693,0.3414458035901189,0.058071016302838306,0.0643036685811522
0.38902536034584045,0.21957875788211823,0.47049116803705693,0.3414458035901189,0.058071016302838306,0.0643036685811522
0.4629746973514557,0.34799057245254517,0.47049116803705693,0.3414458035901189,0.058071016302838306,0.0643036685811522
0.4859614074230194,0.34686803817749023,0.47049116803705693,0.3414458035901189,0.058071016302838306,0.0643036685811522
0.4746350049972534,0.36200469732284546,0.47049116803705693,0.3414458035901189,0.058071016302838306,0.0643036685811522
0.4334105849266052,0.3247794806957245,0.47049116803705693,0.3414458035901189,0.058071016302838306,0.0643036685811522
0.543326735496521,0.42258378863334656,0.47049116803705693,0.3414458035901189,0.058071016302838306,0.0643036685811522
0.4865292012691498,0.33290567994117737,0.47049116803705693,0.3414458035901189,0.058071016302838306,0.0643036685811522
0.4708769619464874,0.3351202607154846,0.47049116803705693,0.3414458035901189,0.058071016302838306,0.0643036685811522
0.6443943977355957,0.5102185606956482,0.47049116803705693,0.3414458035901189,0.058071016302838306,0.0643036685811522
0.5011560320854187,0.38078394532203674,0.47049116803705693,0.3414458035901189,0.058071016302838306,0.0643036685811522
0.4623766243457794,0.3447554409503937,0.47049116803705693,0.3414458035901189,0.058071016302838306,0.0643036685811522
0.5021284818649292,0.40700870752334595,0.47049116803705693,0.3414458035901189,0.058071016302838306,0.0643036685811522
0.5280760526657104,0.4077192544937134,0.47049116803705693,0.3414458035901189,0.058071016302838306,0.0643036685811522
0.5343106985092163,0.399101585149765,0.47049116803705693,0.3414458035901189,0.058071016302838306,0.0643036685811522
0.5092992186546326,0.3772452771663666,0.47049116803705693,0.3414458035901189,0.058071016302838306,0.0643036685811522
0.5283538699150085,0.40926074981689453,0.47049116803705693,0.3414458035901189,0.058071016302838306,0.0643036685811522
0.45895931124687195,0.31523215770721436,0.47049116803705693,0.3414458035901189,0.058071016302838306,0.0643036685811522
0.5890755653381348,0.48107749223709106,0.47049116803705693,0.3414458035901189,0.058071016302838306,0.0643036685811522
0.4559072256088257,0.3656288683414459,0.47049116803705693,0.3414458035901189,0.058071016302838306,0.0643036685811522
0.46549394726753235,0.35523056983947754,0.47049116803705693,0.3414458035901189,0.058071016302838306,0.0643036685811522
0.5115348100662231,0.38310426473617554,0.47049116803705693,0.3414458035901189,0.058071016302838306,0.0643036685811522
0.49624690413475037,0.36692994832992554,0.47049116803705693,0.3414458035901189,0.058071016302838306,0.0643036685811522
0.4654691517353058,0.3100860118865967,0.47049116803705693,0.3414458035901189,0.058071016302838306,0.0643036685811522
0.4509606659412384,0.333844393491745,0.47049116803705693,0.3414458035901189,0.058071016302838306,0.0643036685811522
0.5345556735992432,0.3595690429210663,0.47049116803705693,0.3414458035901189,0.058071016302838306,0.0643036685811522
0.4594467878341675,0.35818520188331604,0.47049116803705693,0.3414458035901189,0.058071016302838306,0.0643036685811522
0.5252926349639893,0.3844771981239319,0.47049116803705693,0.3414458035901189,0.058071016302838306,0.0643036685811522
0.43053898215293884,0.31957507133483887,0.47049116803705693,0.3414458035901189,0.058071016302838306,0.0643036685811522
0.488834023475647,0.36383071541786194,0.47049116803705693,0.3414458035901189,0.058071016302838306,0.0643036685811522
0.4804743528366089,0.3516992926597595,0.47049116803705693,0.3414458035901189,0.058071016302838306,0.0643036685811522
0.49531978368759155,0.37704572081565857,0.47049116803705693,0.3414458035901189,0.058071016302838306,0.0643036685811522
0.5164168477058411,0.3857384920120239,0.47049116803705693,0.3414458035901189,0.058071016302838306,0.0643036685811522
0.4140852093696594,0.27344372868537903,0.47049116803705693,0.3414458035901189,0.058071016302838306,0.0643036685811522
0.49555960297584534,0.3659397065639496,0.47049116803705693,0.3414458035901189,0.058071016302838306,0.0643036685811522
0.349370539188385,0.1999788135290146,0.47049116803705693,0.3414458035901189,0.058071016302838306,0.0643036685811522
0.4438885748386383,0.3116566240787506,0.47049116803705693,0.3414458035901189,0.058071016302838306,0.0643036685811522
0.5769724249839783,0.46911951899528503,0.47049116803705693,0.3414458035901189,0.058071016302838306,0.0643036685811522
0.47975003719329834,0.36354121565818787,0.47049116803705693,0.3414458035901189,0.058071016302838306,0.0643036685811522
0.4546284079551697,0.3139342963695526,0.47049116803705693,0.3414458035901189,0.058071016302838306,0.0643036685811522
0.465922474861145,0.35192835330963135,0.47049116803705693,0.3414458035901189,0.058071016302838306,0.0643036685811522
0.45727476477622986,0.3212568163871765,0.47049116803705693,0.3414458035901189,0.058071016302838306,0.0643036685811522
0.49518826603889465,0.3807014226913452,0.47049116803705693,0.3414458035901189,0.058071016302838306,0.0643036685811522
0.4249520003795624,0.30106547474861145,0.47049116803705693,0.3414458035901189,0.058071016302838306,0.0643036685811522
0.4613111615180969,0.36748623847961426,0.47049116803705693,0.3414458035901189,0.058071016302838306,0.0643036685811522
0.4522930383682251,0.2944394648075104,0.47049116803705693,0.3414458035901189,0.058071016302838306,0.0643036685811522
0.42473646998405457,0.2970777750015259,0.47049116803705693,0.3414458035901189,0.058071016302838306,0.0643036685811522
0.5111004710197449,0.3640044629573822,0.47049116803705693,0.3414458035901189,0.058071016302838306,0.0643036685811522
0.4711610972881317,0.344274640083313,0.47049116803705693,0.3414458035901189,0.058071016302838306,0.0643036685811522
0.4571738839149475,0.28634798526763916,0.47049116803705693,0.3414458035901189,0.058071016302838306,0.0643036685811522
0.47863829135894775,0.37161093950271606,0.47049116803705693,0.3414458035901189,0.058071016302838306,0.0643036685811522
0.47755300998687744,0.35739654302597046,0.47049116803705693,0.3414458035901189,0.058071016302838306,0.0643036685811522
0.5355825424194336,0.38837867975234985,0.47049116803705693,0.3414458035901189,0.058071016302838306,0.0643036685811522
0.4013964533805847,0.2747515141963959,0.47049116803705693,0.3414458035901189,0.058071016302838306,0.0643036685811522
0.4829508364200592,0.36790892481803894,0.47049116803705693,0.3414458035901189,0.058071016302838306,0.0643036685811522
0.5205634236335754,0.345081627368927,0.47049116803705693,0.3414458035901189,0.058071016302838306,0.0643036685811522
0.46964964270591736,0.30518782138824463,0.47049116803705693,0.3414458035901189,0.058071016302838306,0.0643036685811522
0.4580425024032593,0.3413239121437073,0.47049116803705693,0.3414458035901189,0.058071016302838306,0.0643036685811522
0.49271824955940247,0.38721776008605957,0.47049116803705693,0.3414458035901189,0.058071016302838306,0.0643036685811522
0.4583752155303955,0.3645860254764557,0.47049116803705693,0.3414458035901189,0.058071016302838306,0.0643036685811522
0.4888911545276642,0.3686462938785553,0.47049116803705693,0.3414458035901189,0.058071016302838306,0.0643036685811522
0.42702212929725647,0.29883790016174316,0.47049116803705693,0.3414458035901189,0.058071016302838306,0.0643036685811522
0.42240071296691895,0.3186626732349396,0.47049116803705693,0.3414458035901189,0.058071016302838306,0.0643036685811522
0.6223956942558289,0.5097399353981018,0.47049116803705693,0.3414458035901189,0.058071016302838306,0.0643036685811522
0.6157494187355042,0.4357239305973053,0.47049116803705693,0.3414458035901189,0.058071016302838306,0.0643036685811522
0.4896739721298218,0.3749679923057556,0.47049116803705693,0.3414458035901189,0.058071016302838306,0.0643036685811522
0.47041818499565125,0.2807699739933014,0.47049116803705693,0.3414458035901189,0.058071016302838306,0.0643036685811522
0.37887752056121826,0.20284490287303925,0.47049116803705693,0.3414458035901189,0.058071016302838306,0.0643036685811522
0.45436587929725647,0.33718544244766235,0.47049116803705693,0.3414458035901189,0.058071016302838306,0.0643036685811522
0.5487870573997498,0.36381837725639343,0.47049116803705693,0.3414458035901189,0.058071016302838306,0.0643036685811522
0.41166889667510986,0.23284174501895905,0.47049116803705693,0.3414458035901189,0.058071016302838306,0.0643036685811522
0.5202416181564331,0.40189939737319946,0.47049116803705693,0.3414458035901189,0.058071016302838306,0.0643036685811522
0.38504117727279663,0.23568207025527954,0.47049116803705693,0.3414458035901189,0.058071016302838306,0.0643036685811522
0.5026829838752747,0.3825474977493286,0.47049116803705693,0.3414458035901189,0.058071016302838306,0.0643036685811522
0.36296334862709045,0.23112943768501282,0.47049116803705693,0.3414458035901189,0.058071016302838306,0.0643036685811522
0.3919793963432312,0.24709834158420563,0.47049116803705693,0.3414458035901189,0.058071016302838306,0.0643036685811522
0.46600422263145447,0.35867637395858765,0.47049116803705693,0.3414458035901189,0.058071016302838306,0.0643036685811522
0.42925575375556946,0.32621511816978455,0.47049116803705693,0.3414458035901189,0.058071016302838306,0.0643036685811522
0.4358857572078705,0.27222955226898193,0.47049116803705693,0.3414458035901189,0.058071016302838306,0.0643036685811522
0.4363323450088501,0.32358646392822266,0.47049116803705693,0.3414458035901189,0.058071016302838306,0.0643036685811522
0.44855016469955444,0.3428790271282196,0.47049116803705693,0.3414458035901189,0.058071016302838306,0.0643036685811522
0.3947880268096924,0.25080665946006775,0.47049116803705693,0.3414458035901189,0.058071016302838306,0.0643036685811522
0.4284728169441223,0.2914200723171234,0.47049116803705693,0.3414458035901189,0.058071016302838306,0.0643036685811522
0.33923012018203735,0.19086113572120667,0.47049116803705693,0.3414458035901189,0.058071016302838306,0.0643036685811522
0.5468248724937439,0.4266682267189026,0.47049116803705693,0.3414458035901189,0.058071016302838306,0.0643036685811522
0.3585941195487976,0.20239078998565674,0.47049116803705693,0.3414458035901189,0.058071016302838306,0.0643036685811522
0.47295674681663513,0.30277273058891296,0.47049116803705693,0.3414458035901189,0.058071016302838306,0.0643036685811522
0.4980074167251587,0.36856067180633545,0.47049116803705693,0.3414458035901189,0.058071016302838306,0.0643036685811522
0.5064218640327454,0.3806178867816925,0.47049116803705693,0.3414458035901189,0.058071016302838306,0.0643036685811522
0.442481130361557,0.272689551115036,0.47049116803705693,0.3414458035901189,0.058071016302838306,0.0643036685811522
0.5040946006774902,0.37851956486701965,0.47049116803705693,0.3414458035901189,0.058071016302838306,0.0643036685811522
0.46610933542251587,0.3322453796863556,0.47049116803705693,0.3414458035901189,0.058071016302838306,0.0643036685811522
0.432585209608078,0.3313014805316925,0.47049116803705693,0.3414458035901189,0.058071016302838306,0.0643036685811522
0.5048560500144958,0.3642451763153076,0.47049116803705693,0.3414458035901189,0.058071016302838306,0.0643036685811522
0.4015354812145233,0.2512623071670532,0.47049116803705693,0.3414458035901189,0.058071016302838306,0.0643036685811522
0.48868438601493835,0.3636121153831482,0.47049116803705693,0.3414458035901189,0.058071016302838306,0.0643036685811522
0.46026039123535156,0.34019553661346436,0.47049116803705693,0.3414458035901189,0.058071016302838306,0.0643036685811522
0.5229334831237793,0.39542949199676514,0.47049116803705693,0.3414458035901189,0.058071016302838306,0.0643036685811522
0.46193742752075195,0.35066813230514526,0.47049116803705693,0.3414458035901189,0.058071016302838306,0.0643036685811522
0.4887336790561676,0.37345895171165466,0.47049116803705693,0.3414458035901189,0.058071016302838306,0.0643036685811522
0.4667624831199646,0.3448706567287445,0.47049116803705693,0.3414458035901189,0.058071016302838306,0.0643036685811522
0.46978121995925903,0.34869927167892456,0.47049116803705693,0.3414458035901189,0.058071016302838306,0.0643036685811522
0.41424837708473206,0.24281813204288483,0.47049116803705693,0.3414458035901189,0.058071016302838306,0.0643036685811522
0.38639453053474426,0.22362543642520905,0.47049116803705693,0.3414458035901189,0.058071016302838306,0.0643036685811522
0.4536881446838379,0.3452722430229187,0.47049116803705693,0.3414458035901189,0.058071016302838306,0.0643036685811522
0.4602135419845581,0.32503801584243774,0.47049116803705693,0.3414458035901189,0.058071016302838306,0.0643036685811522
0.4298720955848694,0.2684345841407776,0.47049116803705693,0.3414458035901189,0.058071016302838306,0.0643036685811522
0.4417169392108917,0.34612375497817993,0.47049116803705693,0.3414458035901189,0.058071016302838306,0.0643036685811522
0.4687005877494812,0.3067079782485962,0.47049116803705693,0.3414458035901189,0.058071016302838306,0.0643036685811522
0.5429556965827942,0.4072713851928711,0.47049116803705693,0.3414458035901189,0.058071016302838306,0.0643036685811522
0.4976530969142914,0.3822427988052368,0.47049116803705693,0.3414458035901189,0.058071016302838306,0.0643036685811522
0.4975590109825134,0.38115936517715454,0.47049116803705693,0.3414458035901189,0.058071016302838306,0.0643036685811522
0.45390933752059937,0.33314409852027893,0.47049116803705693,0.3414458035901189,0.058071016302838306,0.0643036685811522
0.4660119414329529,0.3661480247974396,0.47049116803705693,0.3414458035901189,0.058071016302838306,0.0643036685811522
0.36846527457237244,0.20717406272888184,0.47049116803705693,0.3414458035901189,0.058071016302838306,0.0643036685811522
0.4793880879878998,0.3580251634120941,0.47049116803705693,0.3414458035901189,0.058071016302838306,0.0643036685811522
0.6264194846153259,0.48592737317085266,0.47049116803705693,0.3414458035901189,0.058071016302838306,0.0643036685811522
0.5421239733695984,0.4141887128353119,0.47049116803705693,0.3414458035901189,0.058071016302838306,0.0643036685811522
0.5047609210014343,0.37985023856163025,0.47049116803705693,0.3414458035901189,0.058071016302838306,0.0643036685811522
0.4971620440483093,0.345357209444046,0.47049116803705693,0.3414458035901189,0.058071016302838306,0.0643036685811522
0.4914517402648926,0.362716943025589,0.47049116803705693,0.3414458035901189,0.058071016302838306,0.0643036685811522
0.5535014867782593,0.4242947995662689,0.47049116803705693,0.3414458035901189,0.058071016302838306,0.0643036685811522
0.5124840140342712,0.33871543407440186,0.47049116803705693,0.3414458035901189,0.058071016302838306,0.0643036685811522
0.5563257336616516,0.37326809763908386,0.47049116803705693,0.3414458035901189,0.058071016302838306,0.0643036685811522
0.4066123068332672,0.24340982735157013,0.47049116803705693,0.3414458035901189,0.058071016302838306,0.0643036685811522
0.4786349833011627,0.3781072199344635,0.47049116803705693,0.3414458035901189,0.058071016302838306,0.0643036685811522
0.4400063455104828,0.2758559584617615,0.47049116803705693,0.3414458035901189,0.058071016302838306,0.0643036685811522
0.42791152000427246,0.30701690912246704,0.47049116803705693,0.3414458035901189,0.058071016302838306,0.0643036685811522
0.46260175108909607,0.35948750376701355,0.47049116803705693,0.3414458035901189,0.058071016302838306,0.0643036685811522
0.5159924626350403,0.39523446559906006,0.47049116803705693,0.3414458035901189,0.058071016302838306,0.0643036685811522
0.4999859035015106,0.3706514835357666,0.47049116803705693,0.3414458035901189,0.058071016302838306,0.0643036685811522
0.635528028011322,0.5268540382385254,0.47049116803705693,0.3414458035901189,0.058071016302838306,0.0643036685811522
0.4103100001811981,0.2558477520942688,0.47049116803705693,0.3414458035901189,0.058071016302838306,0.0643036685811522
0.4642167389392853,0.35787415504455566,0.47049116803705693,0.3414458035901189,0.058071016302838306,0.0643036685811522
0.5132986903190613,0.37571603059768677,0.47049116803705693,0.3414458035901189,0.058071016302838306,0.0643036685811522
0.46465131640434265,0.34904834628105164,0.47049116803705693,0.3414458035901189,0.058071016302838306,0.0643036685811522
0.4699257016181946,0.3647040128707886,0.47049116803705693,0.3414458035901189,0.058071016302838306,0.0643036685811522
0.4128335118293762,0.3091072142124176,0.47049116803705693,0.3414458035901189,0.058071016302838306,0.0643036685811522
0.4550325274467468,0.3485454320907593,0.47049116803705693,0.3414458035901189,0.058071016302838306,0.0643036685811522
0.46283239126205444,0.36200183629989624,0.47049116803705693,0.3414458035901189,0.058071016302838306,0.0643036685811522
0.5000231266021729,0.3836876153945923,0.47049116803705693,0.3414458035901189,0.058071016302838306,0.0643036685811522
0.42588895559310913,0.3285869359970093,0.47049116803705693,0.3414458035901189,0.058071016302838306,0.0643036685811522
0.5885408520698547,0.45463767647743225,0.47049116803705693,0.3414458035901189,0.058071016302838306,0.0643036685811522
0.37516823410987854,0.21930427849292755,0.47049116803705693,0.3414458035901189,0.058071016302838306,0.0643036685811522
0.5180867910385132,0.38786977529525757,0.47049116803705693,0.3414458035901189,0.058071016302838306,0.0643036685811522
0.5749326348304749,0.4740888774394989,0.47049116803705693,0.3414458035901189,0.058071016302838306,0.0643036685811522
0.4763699769973755,0.3526240587234497,0.47049116803705693,0.3414458035901189,0.058071016302838306,0.0643036685811522
0.4762531518936157,0.2853977680206299,0.47049116803705693,0.3414458035901189,0.058071016302838306,0.0643036685811522
0.40989547967910767,0.2683435380458832,0.47049116803705693,0.3414458035901189,0.058071016302838306,0.0643036685811522
0.4666518568992615,0.3411675989627838,0.47049116803705693,0.3414458035901189,0.058071016302838306,0.0643036685811522
0.46163687109947205,0.34527331590652466,0.47049116803705693,0.3414458035901189,0.058071016302838306,0.0643036685811522
0.4990578591823578,0.36948561668395996,0.47049116803705693,0.3414458035901189,0.058071016302838306,0.0643036685811522
0.5915195345878601,0.47541552782058716,0.47049116803705693,0.3414458035901189,0.058071016302838306,0.0643036685811522
0.4723320007324219,0.3298865854740143,0.47049116803705693,0.3414458035901189,0.058071016302838306,0.0643036685811522
0.4706273078918457,0.35647982358932495,0.47049116803705693,0.3414458035901189,0.058071016302838306,0.0643036685811522
0.4810697138309479,0.3666518032550812,0.47049116803705693,0.3414458035901189,0.058071016302838306,0.0643036685811522
0.4061381220817566,0.2697979211807251,0.47049116803705693,0.3414458035901189,0.058071016302838306,0.0643036685811522
0.40850818157196045,0.29960718750953674,0.47049116803705693,0.3414458035901189,0.058071016302838306,0.0643036685811522
0.4827343225479126,0.3360280394554138,0.47049116803705693,0.3414458035901189,0.058071016302838306,0.0643036685811522
0.4896508753299713,0.3046703040599823,0.47049116803705693,0.3414458035901189,0.058071016302838306,0.0643036685811522
0.4097849130630493,0.30381837487220764,0.47049116803705693,0.3414458035901189,0.058071016302838306,0.0643036685811522
0.44937485456466675,0.30613118410110474,0.47049116803705693,0.3414458035901189,0.058071016302838306,0.0643036685811522
0.42983829975128174,0.3173794448375702,0.47049116803705693,0.3414458035901189,0.058071016302838306,0.0643036685811522
0.46392080187797546,0.35191482305526733,0.47049116803705693,0.3414458035901189,0.058071016302838306,0.0643036685811522
0.4298311769962311,0.31967127323150635,0.47049116803705693,0.3414458035901189,0.058071016302838306,0.0643036685811522
0.48880454897880554,0.37750187516212463,0.47049116803705693,0.3414458035901189,0.058071016302838306,0.0643036685811522
0.5389968156814575,0.4394471049308777,0.47049116803705693,0.3414458035901189,0.058071016302838306,0.0643036685811522
0.5298338532447815,0.3909702003002167,0.47049116803705693,0.3414458035901189,0.058071016302838306,0.0643036685811522
0.5277462601661682,0.40435895323753357,0.47049116803705693,0.3414458035901189,0.058071016302838306,0.0643036685811522
0.4375774562358856,0.2651218771934509,0.47049116803705693,0.3414458035901189,0.058071016302838306,0.0643036685811522
0.4943704605102539,0.3673778772354126,0.47049116803705693,0.3414458035901189,0.058071016302838306,0.0643036685811522
0.4482061266899109,0.2865431308746338,0.47049116803705693,0.3414458035901189,0.058071016302838306,0.0643036685811522
0.4423254132270813,0.35038408637046814,0.47049116803705693,0.3414458035901189,0.058071016302838306,0.0643036685811522
0.4443686902523041,0.33153048157691956,0.47049116803705693,0.3414458035901189,0.058071016302838306,0.0643036685811522
0.5318365693092346,0.3862605690956116,0.47049116803705693,0.3414458035901189,0.058071016302838306,0.0643036685811522
0.462057888507843,0.3495705723762512,0.47049116803705693,0.3414458035901189,0.058071016302838306,0.0643036685811522
0.4910188615322113,0.3895866572856903,0.47049116803705693,0.3414458035901189,0.058071016302838306,0.0643036685811522
0.4537723660469055,0.3306076228618622,0.47049116803705693,0.3414458035901189,0.058071016302838306,0.0643036685811522
0.44541555643081665,0.3140627145767212,0.47049116803705693,0.3414458035901189,0.058071016302838306,0.0643036685811522
0.4602351784706116,0.35792186856269836,0.47049116803705693,0.3414458035901189,0.058071016302838306,0.0643036685811522
0.5469825267791748,0.4285215139389038,0.47049116803705693,0.3414458035901189,0.058071016302838306,0.0643036685811522
0.46667060256004333,0.35543105006217957,0.47049116803705693,0.3414458035901189,0.058071016302838306,0.0643036685811522
0.4417949616909027,0.32970282435417175,0.47049116803705693,0.3414458035901189,0.058071016302838306,0.0643036685811522
0.5066325068473816,0.374674528837204,0.47049116803705693,0.3414458035901189,0.058071016302838306,0.0643036685811522
0.4092801511287689,0.24267789721488953,0.47049116803705693,0.3414458035901189,0.058071016302838306,0.0643036685811522
0.47306597232818604,0.35826238989830017,0.47049116803705693,0.3414458035901189,0.058071016302838306,0.0643036685811522
0.292011559009552,0.18129539489746094,0.47049116803705693,0.3414458035901189,0.058071016302838306,0.0643036685811522
0.47943273186683655,0.37168753147125244,0.47049116803705693,0.3414458035901189,0.058071016302838306,0.0643036685811522
0.45100054144859314,0.3503668010234833,0.47049116803705693,0.3414458035901189,0.058071016302838306,0.0643036685811522
0.5020822286605835,0.3343094289302826,0.47049116803705693,0.3414458035901189,0.058071016302838306,0.0643036685811522
0.3716684579849243,0.2573617994785309,0.47049116803705693,0.3414458035901189,0.058071016302838306,0.0643036685811522
0.41653573513031006,0.3090057075023651,0.47049116803705693,0.3414458035901189,0.058071016302838306,0.0643036685811522
0.5436117649078369,0.41359496116638184,0.47049116803705693,0.3414458035901189,0.058071016302838306,0.0643036685811522
0.3673195540904999,0.20203575491905212,0.47049116803705693,0.3414458035901189,0.058071016302838306,0.0643036685811522
0.4263198673725128,0.3139757513999939,0.47049116803705693,0.3414458035901189,0.058071016302838306,0.0643036685811522
0.45596393942832947,0.34221363067626953,0.47049116803705693,0.3414458035901189,0.058071016302838306,0.0643036685811522
0.5386102199554443,0.413708359003067,0.47049116803705693,0.3414458035901189,0.058071016302838306,0.0643036685811522
0.5111217498779297,0.35447221994400024,0.47049116803705693,0.3414458035901189,0.058071016302838306,0.0643036685811522
0.48464763164520264,0.3682423532009125,0.47049116803705693,0.3414458035901189,0.058071016302838306,0.0643036685811522
0.4993269741535187,0.3075433671474457,0.47049116803705693,0.3414458035901189,0.058071016302838306,0.0643036685811522
0.5131497979164124,0.3817202150821686,0.47049116803705693,0.3414458035901189,0.058071016302838306,0.0643036685811522
0.47880521416664124,0.33896705508232117,0.47049116803705693,0.3414458035901189,0.058071016302838306,0.0643036685811522
0.4580431282520294,0.33954447507858276,0.47049116803705693,0.3414458035901189,0.058071016302838306,0.0643036685811522
0.4291391968727112,0.3166693449020386,0.47049116803705693,0.3414458035901189,0.058071016302838306,0.0643036685811522
0.5900806784629822,0.4575207233428955,0.47049116803705693,0.3414458035901189,0.058071016302838306,0.0643036685811522
0.4825535714626312,0.3660678565502167,0.47049116803705693,0.3414458035901189,0.058071016302838306,0.0643036685811522
0.41232624650001526,0.32605990767478943,0.47049116803705693,0.3414458035901189,0.058071016302838306,0.0643036685811522
0.48102879524230957,0.37001627683639526,0.47049116803705693,0.3414458035901189,0.058071016302838306,0.0643036685811522
0.507966935634613,0.33318910002708435,0.47049116803705693,0.3414458035901189,0.058071016302838306,0.0643036685811522
0.4573293626308441,0.3225749731063843,0.47049116803705693,0.3414458035901189,0.058071016302838306,0.0643036685811522
0.4921312630176544,0.37080711126327515,0.47049116803705693,0.3414458035901189,0.058071016302838306,0.0643036685811522
0.5162109136581421,0.39907145500183105,0.47049116803705693,0.3414458035901189,0.058071016302838306,0.0643036685811522
0.44351181387901306,0.32645654678344727,0.47049116803705693,0.3414458035901189,0.058071016302838306,0.0643036685811522
0.5135625004768372,0.3932361304759979,0.47049116803705693,0.3414458035901189,0.058071016302838306,0.0643036685811522
0.528454601764679,0.3925989866256714,0.47049116803705693,0.3414458035901189,0.058071016302838306,0.0643036685811522
0.4556049406528473,0.35239723324775696,0.47049116803705693,0.3414458035901189,0.058071016302838306,0.0643036685811522
0.5273169279098511,0.4089256823062897,0.47049116803705693,0.3414458035901189,0.058071016302838306,0.0643036685811522
0.4400148093700409,0.34027594327926636,0.47049116803705693,0.3414458035901189,0.058071016302838306,0.0643036685811522
0.45126843452453613,0.32836833596229553,0.47049116803705693,0.3414458035901189,0.058071016302838306,0.0643036685811522
0.41767555475234985,0.30857107043266296,0.47049116803705693,0.3414458035901189,0.058071016302838306,0.0643036685811522
0.5204449892044067,0.4065050780773163,0.47049116803705693,0.3414458035901189,0.058071016302838306,0.0643036685811522
0.453767329454422,0.3372744917869568,0.47049116803705693,0.3414458035901189,0.058071016302838306,0.0643036685811522
0.5362244844436646,0.33421263098716736,0.47049116803705693,0.3414458035901189,0.058071016302838306,0.0643036685811522
0.4624532461166382,0.3443277180194855,0.47049116803705693,0.3414458035901189,0.058071016302838306,0.0643036685811522
0.2783926725387573,0.1627204865217209,0.47049116803705693,0.3414458035901189,0.058071016302838306,0.0643036685811522
0.5004309415817261,0.38150668144226074,0.47049116803705693,0.3414458035901189,0.058071016302838306,0.0643036685811522
0.4586394131183624,0.3597051501274109,0.47049116803705693,0.3414458035901189,0.058071016302838306,0.0643036685811522
0.48441651463508606,0.36347725987434387,0.47049116803705693,0.3414458035901189,0.058071016302838306,0.0643036685811522
0.47689393162727356,0.36855196952819824,0.47049116803705693,0.3414458035901189,0.058071016302838306,0.0643036685811522
0.4750342071056366,0.330297589302063,0.47049116803705693,0.3414458035901189,0.058071016302838306,0.0643036685811522
0.4392031729221344,0.3241058886051178,0.47049116803705693,0.3414458035901189,0.058071016302838306,0.0643036685811522
0.473928302526474,0.3648378849029541,0.47049116803705693,0.3414458035901189,0.058071016302838306,0.0643036685811522
0.4094507098197937,0.30433544516563416,0.47049116803705693,0.3414458035901189,0.058071016302838306,0.0643036685811522
0.46319249272346497,0.3338477611541748,0.47049116803705693,0.3414458035901189,0.058071016302838306,0.0643036685811522
0.45956507325172424,0.35100382566452026,0.47049116803705693,0.3414458035901189,0.058071016302838306,0.0643036685811522
0.4679833650588989,0.3715454638004303,0.47049116803705693,0.3414458035901189,0.058071016302838306,0.0643036685811522
0.5266197323799133,0.41849029064178467,0.47049116803705693,0.3414458035901189,0.058071016302838306,0.0643036685811522
0.3417959213256836,0.19184470176696777,0.47049116803705693,0.3414458035901189,0.058071016302838306,0.0643036685811522
0.4535982012748718,0.34979087114334106,0.47049116803705693,0.3414458035901189,0.058071016302838306,0.0643036685811522
0.5270519256591797,0.3976157307624817,0.47049116803705693,0.3414458035901189,0.058071016302838306,0.0643036685811522
0.5249536037445068,0.40402576327323914,0.47049116803705693,0.3414458035901189,0.058071016302838306,0.0643036685811522
0.4486025273799896,0.3041054904460907,0.47049116803705693,0.3414458035901189,0.058071016302838306,0.0643036685811522
0.4783676564693451,0.35998764634132385,0.47049116803705693,0.3414458035901189,0.058071016302838306,0.0643036685811522
0.44979655742645264,0.3410009443759918,0.47049116803705693,0.3414458035901189,0.058071016302838306,0.0643036685811522
0.44416260719299316,0.339054137468338,0.47049116803705693,0.3414458035901189,0.058071016302838306,0.0643036685811522
0.45627546310424805,0.2869156301021576,0.47049116803705693,0.3414458035901189,0.058071016302838306,0.0643036685811522
0.4262155294418335,0.34397634863853455,0.47049116803705693,0.3414458035901189,0.058071016302838306,0.0643036685811522
0.5266116857528687,0.3984864056110382,0.47049116803705693,0.3414458035901189,0.058071016302838306,0.0643036685811522
0.5255690217018127,0.4083791673183441,0.47049116803705693,0.3414458035901189,0.058071016302838306,0.0643036685811522
0.2857418954372406,0.16825884580612183,0.47049116803705693,0.3414458035901189,0.058071016302838306,0.0643036685811522
0.541916012763977,0.4198286831378937,0.47049116803705693,0.3414458035901189,0.058071016302838306,0.0643036685811522
0.5437847971916199,0.38084155321121216,0.47049116803705693,0.3414458035901189,0.058071016302838306,0.0643036685811522
0.41382455825805664,0.25323253870010376,0.47049116803705693,0.3414458035901189,0.058071016302838306,0.0643036685811522
0.5913695096969604,0.46503952145576477,0.47049116803705693,0.3414458035901189,0.058071016302838306,0.0643036685811522
0.4387253522872925,0.3067544102668762,0.47049116803705693,0.3414458035901189,0.058071016302838306,0.0643036685811522
0.5305745601654053,0.4292393624782562,0.47049116803705693,0.3414458035901189,0.058071016302838306,0.0643036685811522
0.4639112949371338,0.3534349501132965,0.47049116803705693,0.3414458035901189,0.058071016302838306,0.0643036685811522
0.520844042301178,0.4039827883243561,0.47049116803705693,0.3414458035901189,0.058071016302838306,0.0643036685811522
0.4920938313007355,0.31800681352615356,0.47049116803705693,0.3414458035901189,0.058071016302838306,0.0643036685811522
0.5857489705085754,0.43131548166275024,0.47049116803705693,0.3414458035901189,0.058071016302838306,0.0643036685811522
0.5217459797859192,0.40067628026008606,0.47049116803705693,0.3414458035901189,0.058071016302838306,0.0643036685811522
0.449553906917572,0.2604791224002838,0.47049116803705693,0.3414458035901189,0.058071016302838306,0.0643036685811522
0.5198678970336914,0.3941696882247925,0.47049116803705693,0.3414458035901189,0.058071016302838306,0.0643036685811522
0.4796132445335388,0.3707118630409241,0.47049116803705693,0.3414458035901189,0.058071016302838306,0.0643036685811522
0.34380030632019043,0.19984331727027893,0.47049116803705693,0.3414458035901189,0.058071016302838306,0.0643036685811522
0.5018802881240845,0.3533199429512024,0.47049116803705693,0.3414458035901189,0.058071016302838306,0.0643036685811522
0.4331621825695038,0.2587510049343109,0.47049116803705693,0.3414458035901189,0.058071016302838306,0.0643036685811522
0.5048601627349854,0.3752307593822479,0.47049116803705693,0.3414458035901189,0.058071016302838306,0.0643036685811522
0.4849952459335327,0.3756813108921051,0.47049116803705693,0.3414458035901189,0.058071016302838306,0.0643036685811522
0.4063618779182434,0.30385035276412964,0.47049116803705693,0.3414458035901189,0.058071016302838306,0.0643036685811522
0.39936232566833496,0.24939799308776855,0.47049116803705693,0.3414458035901189,0.058071016302838306,0.0643036685811522
0.45015379786491394,0.33994486927986145,0.47049116803705693,0.3414458035901189,0.058071016302838306,0.0643036685811522
0.4554612636566162,0.3125559091567993,0.47049116803705693,0.3414458035901189,0.058071016302838306,0.0643036685811522
0.4487168490886688,0.3458063304424286,0.47049116803705693,0.3414458035901189,0.058071016302838306,0.0643036685811522
0.4496988356113434,0.3510442078113556,0.47049116803705693,0.3414458035901189,0.058071016302838306,0.0643036685811522
0.5134871006011963,0.3326781094074249,0.47049116803705693,0.3414458035901189,0.058071016302838306,0.0643036685811522
0.42956075072288513,0.3027181923389435,0.47049116803705693,0.3414458035901189,0.058071016302838306,0.0643036685811522
0.47597214579582214,0.359005331993103,0.47049116803705693,0.3414458035901189,0.058071016302838306,0.0643036685811522
0.5900274515151978,0.47525039315223694,0.47049116803705693,0.3414458035901189,0.058071016302838306,0.0643036685811522
0.49275606870651245,0.3632716238498688,0.47049116803705693,0.3414458035901189,0.058071016302838306,0.0643036685811522
0.49965551495552063,0.4024713933467865,0.47049116803705693,0.3414458035901189,0.058071016302838306,0.0643036685811522
0.35237327218055725,0.21282993257045746,0.47049116803705693,0.3414458035901189,0.058071016302838306,0.0643036685811522
0.5168520212173462,0.3987378180027008,0.47049116803705693,0.3414458035901189,0.058071016302838306,0.0643036685811522
0.49157094955444336,0.3744177520275116,0.47049116803705693,0.3414458035901189,0.058071016302838306,0.0643036685811522
0.5699008107185364,0.43591368198394775,0.47049116803705693,0.3414458035901189,0.058071016302838306,0.0643036685811522
0.4074603319168091,0.23123283684253693,0.47049116803705693,0.3414458035901189,0.058071016302838306,0.0643036685811522
0.49385806918144226,0.3660324513912201,0.47049116803705693,0.3414458035901189,0.058071016302838306,0.0643036685811522
0.4656153917312622,0.34691834449768066,0.47049116803705693,0.3414458035901189,0.058071016302838306,0.0643036685811522
0.5184258818626404,0.39191970229148865,0.47049116803705693,0.3414458035901189,0.058071016302838306,0.0643036685811522
0.5030065178871155,0.3791923224925995,0.47049116803705693,0.3414458035901189,0.058071016302838306,0.0643036685811522
0.4126795530319214,0.308868408203125,0.47049116803705693,0.3414458035901189,0.058071016302838306,0.0643036685811522
0.5352291464805603,0.36112499237060547,0.47049116803705693,0.3414458035901189,0.058071016302838306,0.0643036685811522
0.5356587767601013,0.40446752309799194,0.47049116803705693,0.3414458035901189,0.058071016302838306,0.0643036685811522
0.4531973600387573,0.2873711585998535,0.47049116803705693,0.3414458035901189,0.058071016302838306,0.0643036685811522
0.455947607755661,0.3465594947338104,0.47049116803705693,0.3414458035901189,0.058071016302838306,0.0643036685811522
0.4919203817844391,0.36142489314079285,0.47049116803705693,0.3414458035901189,0.058071016302838306,0.0643036685811522
0.43548765778541565,0.3257806897163391,0.47049116803705693,0.3414458035901189,0.058071016302838306,0.0643036685811522
0.47936487197875977,0.3484151065349579,0.47049116803705693,0.3414458035901189,0.058071016302838306,0.0643036685811522
0.4142431914806366,0.24054814875125885,0.47049116803705693,0.3414458035901189,0.058071016302838306,0.0643036685811522
0.4501408040523529,0.3217023015022278,0.47049116803705693,0.3414458035901189,0.058071016302838306,0.0643036685811522
0.5456884503364563,0.4138166308403015,0.47049116803705693,0.3414458035901189,0.058071016302838306,0.0643036685811522
0.3460879921913147,0.19897212088108063,0.47049116803705693,0.3414458035901189,0.058071016302838306,0.0643036685811522
0.4350055456161499,0.3455289602279663,0.47049116803705693,0.3414458035901189,0.058071016302838306,0.0643036685811522
0.43855422735214233,0.2600303590297699,0.47049116803705693,0.3414458035901189,0.058071016302838306,0.0643036685811522
0.43237724900245667,0.2480536848306656,0.47049116803705693,0.3414458035901189,0.058071016302838306,0.0643036685811522
0.4504220187664032,0.34194424748420715,0.47049116803705693,0.3414458035901189,0.058071016302838306,0.0643036685811522
0.41871708631515503,0.30981194972991943,0.47049116803705693,0.3414458035901189,0.058071016302838306,0.0643036685811522
0.6003124117851257,0.47543665766716003,0.47049116803705693,0.3414458035901189,0.058071016302838306,0.0643036685811522
0.43447041511535645,0.3423415720462799,0.47049116803705693,0.3414458035901189,0.058071016302838306,0.0643036685811522
0.48579537868499756,0.2945290803909302,0.47049116803705693,0.3414458035901189,0.058071016302838306,0.0643036685811522
0.4469449520111084,0.35141295194625854,0.47049116803705693,0.3414458035901189,0.058071016302838306,0.0643036685811522
0.39679592847824097,0.28247925639152527,0.47049116803705693,0.3414458035901189,0.058071016302838306,0.0643036685811522
0.4454309344291687,0.3366440534591675,0.47049116803705693,0.3414458035901189,0.058071016302838306,0.0643036685811522
0.4286695718765259,0.31473323702812195,0.47049116803705693,0.3414458035901189,0.058071016302838306,0.0643036685811522
0.4497000277042389,0.346575528383255,0.47049116803705693,0.3414458035901189,0.058071016302838306,0.0643036685811522
0.3891664743423462,0.21679894626140594,0.47049116803705693,0.3414458035901189,0.058071016302838306,0.0643036685811522
0.4524766802787781,0.3403225243091583,0.47049116803705693,0.3414458035901189,0.058071016302838306,0.0643036685811522
0.4734684228897095,0.3378274440765381,0.47049116803705693,0.3414458035901189,0.058071016302838306,0.0643036685811522
0.3404669165611267,0.19081124663352966,0.47049116803705693,0.3414458035901189,0.058071016302838306,0.0643036685811522
0.49822455644607544,0.31070101261138916,0.47049116803705693,0.3414458035901189,0.058071016302838306,0.0643036685811522
0.4386311173439026,0.3411763608455658,0.47049116803705693,0.3414458035901189,0.058071016302838306,0.0643036685811522
0.41936662793159485,0.31953445076942444,0.47049116803705693,0.3414458035901189,0.058071016302838306,0.0643036685811522
0.46703532338142395,0.2853361666202545,0.47049116803705693,0.3414458035901189,0.058071016302838306,0.0643036685811522
0.534837543964386,0.43119239807128906,0.47049116803705693,0.3414458035901189,0.058071016302838306,0.0643036685811522
0.5119877457618713,0.32444342970848083,0.47049116803705693,0.3414458035901189,0.058071016302838306,0.0643036685811522
0.49364808201789856,0.3620382845401764,0.47049116803705693,0.3414458035901189,0.058071016302838306,0.0643036685811522
0.47750425338745117,0.3541279733181,0.47049116803705693,0.3414458035901189,0.058071016302838306,0.0643036685811522
0.4496438503265381,0.3510911166667938,0.47049116803705693,0.3414458035901189,0.058071016302838306,0.0643036685811522
0.459628164768219,0.3565922677516937,0.47049116803705693,0.3414458035901189,0.058071016302838306,0.0643036685811522
0.44106313586235046,0.3313930630683899,0.47049116803705693,0.3414458035901189,0.058071016302838306,0.0643036685811522
0.47432589530944824,0.35000482201576233,0.47049116803705693,0.3414458035901189,0.058071016302838306,0.0643036685811522
0.471118301153183,0.3382019102573395,0.47049116803705693,0.3414458035901189,0.058071016302838306,0.0643036685811522
0.3889043927192688,0.22058303654193878,0.47049116803705693,0.3414458035901189,0.058071016302838306,0.0643036685811522
0.5483160018920898,0.42845597863197327,0.47049116803705693,0.3414458035901189,0.058071016302838306,0.0643036685811522
0.360705703496933,0.22766073048114777,0.47049116803705693,0.3414458035901189,0.058071016302838306,0.0643036685811522
0.4729326069355011,0.2877931296825409,0.47049116803705693,0.3414458035901189,0.058071016302838306,0.0643036685811522
0.4202611446380615,0.2652721703052521,0.47049116803705693,0.3414458035901189,0.058071016302838306,0.0643036685811522
0.4428074359893799,0.2741677463054657,0.47049116803705693,0.3414458035901189,0.058071016302838306,0.0643036685811522
0.4888454079627991,0.35213503241539,0.47049116803705693,0.3414458035901189,0.058071016302838306,0.0643036685811522
0.43185994029045105,0.30095139145851135,0.47049116803705693,0.3414458035901189,0.058071016302838306,0.0643036685811522
0.4458407461643219,0.35185879468917847,0.47049116803705693,0.3414458035901189,0.058071016302838306,0.0643036685811522
0.36058300733566284,0.2003220170736313,0.47049116803705693,0.3414458035901189,0.058071016302838306,0.0643036685811522
0.4687143564224243,0.36821895837783813,0.47049116803705693,0.3414458035901189,0.058071016302838306,0.0643036685811522
0.46856382489204407,0.3499360680580139,0.47049116803705693,0.3414458035901189,0.058071016302838306,0.0643036685811522
0.4751257002353668,0.3529839515686035,0.47049116803705693,0.3414458035901189,0.058071016302838306,0.0643036685811522
0.3131481111049652,0.1754981279373169,0.47049116803705693,0.3414458035901189,0.058071016302838306,0.0643036685811522
0.4634467661380768,0.29971665143966675,0.47049116803705693,0.3414458035901189,0.058071016302838306,0.0643036685811522
0.5404887199401855,0.4311169981956482,0.47049116803705693,0.3414458035901189,0.058071016302838306,0.0643036685811522
0.4358505606651306,0.3128710985183716,0.47049116803705693,0.3414458035901189,0.058071016302838306,0.0643036685811522
0.44457945227622986,0.3375115990638733,0.47049116803705693,0.3414458035901189,0.058071016302838306,0.0643036685811522
0.4337960481643677,0.31070995330810547,0.47049116803705693,0.3414458035901189,0.058071016302838306,0.0643036685811522
0.44757917523384094,0.34333109855651855,0.47049116803705693,0.3414458035901189,0.058071016302838306,0.0643036685811522
0.43759170174598694,0.33494246006011963,0.47049116803705693,0.3414458035901189,0.058071016302838306,0.0643036685811522
0.4056985676288605,0.25853219628334045,0.47049116803705693,0.3414458035901189,0.058071016302838306,0.0643036685811522
0.5312689542770386,0.35209497809410095,0.47049116803705693,0.3414458035901189,0.058071016302838306,0.0643036685811522
0.6261984705924988,0.5035249590873718,0.47049116803705693,0.3414458035901189,0.058071016302838306,0.0643036685811522
0.46822673082351685,0.33284658193588257,0.47049116803705693,0.3414458035901189,0.058071016302838306,0.0643036685811522
0.4134747385978699,0.31551623344421387,0.47049116803705693,0.3414458035901189,0.058071016302838306,0.0643036685811522
0.5524673461914062,0.35942474007606506,0.47049116803705693,0.3414458035901189,0.058071016302838306,0.0643036685811522
0.4590590000152588,0.35272541642189026,0.47049116803705693,0.3414458035901189,0.058071016302838306,0.0643036685811522
0.4214732050895691,0.28625285625457764,0.47049116803705693,0.3414458035901189,0.058071016302838306,0.0643036685811522
0.468223512172699,0.31022095680236816,0.47049116803705693,0.3414458035901189,0.058071016302838306,0.0643036685811522
0.5032698512077332,0.3968008756637573,0.47049116803705693,0.3414458035901189,0.058071016302838306,0.0643036685811522
0.4344751834869385,0.3317483067512512,0.47049116803705693,0.3414458035901189,0.058071016302838306,0.0643036685811522
0.4769488275051117,0.34678858518600464,0.47049116803705693,0.3414458035901189,0.058071016302838306,0.0643036685811522
0.4521598517894745,0.34149959683418274,0.47049116803705693,0.3414458035901189,0.058071016302838306,0.0643036685811522
0.4133625328540802,0.27739909291267395,0.47049116803705693,0.3414458035901189,0.058071016302838306,0.0643036685811522
0.4505847692489624,0.29851236939430237,0.47049116803705693,0.3414458035901189,0.058071016302838306,0.0643036685811522
0.4542270600795746,0.31498193740844727,0.47049116803705693,0.3414458035901189,0.058071016302838306,0.0643036685811522
0.4938351511955261,0.37459346652030945,0.47049116803705693,0.3414458035901189,0.058071016302838306,0.0643036685811522
0.4356538653373718,0.31451642513275146,0.47049116803705693,0.3414458035901189,0.058071016302838306,0.0643036685811522
0.5041096210479736,0.3970600962638855,0.47049116803705693,0.3414458035901189,0.058071016302838306,0.0643036685811522
0.4575554132461548,0.3477116525173187,0.47049116803705693,0.3414458035901189,0.058071016302838306,0.0643036685811522
0.5822528600692749,0.45637446641921997,0.47049116803705693,0.3414458035901189,0.058071016302838306,0.0643036685811522
0.569793701171875,0.4534313976764679,0.47049116803705693,0.3414458035901189,0.058071016302838306,0.0643036685811522
0.4536762833595276,0.302106112241745,0.47049116803705693,0.3414458035901189,0.058071016302838306,0.0643036685811522
0.485921710729599,0.37658846378326416,0.47049116803705693,0.3414458035901189,0.058071016302838306,0.0643036685811522
0.47504469752311707,0.36653366684913635,0.47049116803705693,0.3414458035901189,0.058071016302838306,0.0643036685811522
0.5271747708320618,0.40556800365448,0.47049116803705693,0.3414458035901189,0.058071016302838306,0.0643036685811522
0.46385565400123596,0.35364484786987305,0.47049116803705693,0.3414458035901189,0.058071016302838306,0.0643036685811522
0.4920875132083893,0.3732689917087555,0.47049116803705693,0.3414458035901189,0.058071016302838306,0.0643036685811522
0.5656386613845825,0.38761478662490845,0.47049116803705693,0.3414458035901189,0.058071016302838306,0.0643036685811522
0.3816305696964264,0.23253074288368225,0.47049116803705693,0.3414458035901189,0.058071016302838306,0.0643036685811522
0.4424012005329132,0.2698533535003662,0.47049116803705693,0.3414458035901189,0.058071016302838306,0.0643036685811522
0.4676065146923065,0.30750131607055664,0.47049116803705693,0.3414458035901189,0.058071016302838306,0.0643036685811522
0.45550230145454407,0.3635930120944977,0.47049116803705693,0.3414458035901189,0.058071016302838306,0.0643036685811522
0.42294248938560486,0.2881915271282196,0.47049116803705693,0.3414458035901189,0.058071016302838306,0.0643036685811522
0.5663598775863647,0.40881508588790894,0.47049116803705693,0.3414458035901189,0.058071016302838306,0.0643036685811522
0.40147683024406433,0.25594061613082886,0.47049116803705693,0.3414458035901189,0.058071016302838306,0.0643036685811522
0.5231914520263672,0.382731556892395,0.47049116803705693,0.3414458035901189,0.058071016302838306,0.0643036685811522
0.493979275226593,0.37490981817245483,0.47049116803705693,0.3414458035901189,0.058071016302838306,0.0643036685811522
0.5052807331085205,0.3868558406829834,0.47049116803705693,0.3414458035901189,0.058071016302838306,0.0643036685811522
0.5110569000244141,0.39669862389564514,0.47049116803705693,0.3414458035901189,0.058071016302838306,0.0643036685811522
0.49159133434295654,0.3677543103694916,0.47049116803705693,0.3414458035901189,0.058071016302838306,0.0643036685811522
0.50807785987854,0.3752175271511078,0.47049116803705693,0.3414458035901189,0.058071016302838306,0.0643036685811522
0.44223788380622864,0.3398568034172058,0.47049116803705693,0.3414458035901189,0.058071016302838306,0.0643036685811522
0.44589415192604065,0.33782488107681274,0.47049116803705693,0.3414458035901189,0.058071016302838306,0.0643036685811522
0.5772464275360107,0.4578802287578583,0.47049116803705693,0.3414458035901189,0.058071016302838306,0.0643036685811522
0.44847431778907776,0.3472735285758972,0.47049116803705693,0.3414458035901189,0.058071016302838306,0.0643036685811522
0.4572901427745819,0.34430378675460815,0.47049116803705693,0.3414458035901189,0.058071016302838306,0.0643036685811522
0.5891039967536926,0.47231099009513855,0.47049116803705693,0.3414458035901189,0.058071016302838306,0.0643036685811522
0.4454629719257355,0.2773491144180298,0.47049116803705693,0.3414458035901189,0.058071016302838306,0.0643036685811522
0.4482346177101135,0.349042683839798,0.47049116803705693,0.3414458035901189,0.058071016302838306,0.0643036685811522
0.4494711756706238,0.34055063128471375,0.47049116803705693,0.3414458035901189,0.058071016302838306,0.0643036685811522
0.5059223771095276,0.3912034034729004,0.47049116803705693,0.3414458035901189,0.058071016302838306,0.0643036685811522
0.45664459466934204,0.33118900656700134,0.47049116803705693,0.3414458035901189,0.058071016302838306,0.0643036685811522
0.3459930419921875,0.1936875730752945,0.47049116803705693,0.3414458035901189,0.058071016302838306,0.0643036685811522
0.3302488923072815,0.19292302429676056,0.47049116803705693,0.3414458035901189,0.058071016302838306,0.0643036685811522
0.4902978539466858,0.328538179397583,0.47049116803705693,0.3414458035901189,0.058071016302838306,0.0643036685811522
0.47968751192092896,0.3560883402824402,0.47049116803705693,0.3414458035901189,0.058071016302838306,0.0643036685811522
0.3978225290775299,0.23262400925159454,0.47049116803705693,0.3414458035901189,0.058071016302838306,0.0643036685811522
0.46753209829330444,0.3432612717151642,0.47049116803705693,0.3414458035901189,0.058071016302838306,0.0643036685811522
0.4801563620567322,0.3589872419834137,0.47049116803705693,0.3414458035901189,0.058071016302838306,0.0643036685811522
0.5271803140640259,0.3885708749294281,0.47049116803705693,0.3414458035901189,0.058071016302838306,0.0643036685811522
0.48583126068115234,0.31124264001846313,0.47049116803705693,0.3414458035901189,0.058071016302838306,0.0643036685811522
0.5131310224533081,0.38964569568634033,0.47049116803705693,0.3414458035901189,0.058071016302838306,0.0643036685811522
0.4053923487663269,0.2950935959815979,0.47049116803705693,0.3414458035901189,0.058071016302838306,0.0643036685811522
0.42408543825149536,0.3168977200984955,0.47049116803705693,0.3414458035901189,0.058071016302838306,0.0643036685811522
0.42583343386650085,0.2594766616821289,0.47049116803705693,0.3414458035901189,0.058071016302838306,0.0643036685811522
0.4996684193611145,0.375764936208725,0.47049116803705693,0.3414458035901189,0.058071016302838306,0.0643036685811522
0.4651139974594116,0.36378759145736694,0.47049116803705693,0.3414458035901189,0.058071016302838306,0.0643036685811522
0.3737033009529114,0.21825790405273438,0.47049116803705693,0.3414458035901189,0.058071016302838306,0.0643036685811522
0.47207212448120117,0.2977679967880249,0.47049116803705693,0.3414458035901189,0.058071016302838306,0.0643036685811522
0.4969627261161804,0.3668450713157654,0.47049116803705693,0.3414458035901189,0.058071016302838306,0.0643036685811522
0.3978649973869324,0.23201264441013336,0.47049116803705693,0.3414458035901189,0.058071016302838306,0.0643036685811522
0.4030148386955261,0.28219956159591675,0.47049116803705693,0.3414458035901189,0.058071016302838306,0.0643036685811522
0.5724719166755676,0.4553438127040863,0.47049116803705693,0.3414458035901189,0.058071016302838306,0.0643036685811522
0.42485475540161133,0.2428618222475052,0.47049116803705693,0.3414458035901189,0.058071016302838306,0.0643036685811522
0.42444708943367004,0.27610093355178833,0.47049116803705693,0.3414458035901189,0.058071016302838306,0.0643036685811522
0.47975078225135803,0.3720629811286926,0.47049116803705693,0.3414458035901189,0.058071016302838306,0.0643036685811522
0.4624231159687042,0.35319235920906067,0.47049116803705693,0.3414458035901189,0.058071016302838306,0.0643036685811522
0.44311872124671936,0.27829816937446594,0.47049116803705693,0.3414458035901189,0.058071016302838306,0.0643036685811522
0.38697102665901184,0.24219805002212524,0.47049116803705693,0.3414458035901189,0.058071016302838306,0.0643036685811522
0.4240776598453522,0.3114798665046692,0.47049116803705693,0.3414458035901189,0.058071016302838306,0.0643036685811522
0.5046727061271667,0.38092711567878723,0.47049116803705693,0.3414458035901189,0.058071016302838306,0.0643036685811522
0.45665785670280457,0.35945460200309753,0.47049116803705693,0.3414458035901189,0.058071016302838306,0.0643036685811522
0.4120834171772003,0.27467647194862366,0.47049116803705693,0.3414458035901189,0.058071016302838306,0.0643036685811522
0.4745425581932068,0.35812515020370483,0.47049116803705693,0.3414458035901189,0.058071016302838306,0.0643036685811522
0.42971980571746826,0.2562493681907654,0.47049116803705693,0.3414458035901189,0.058071016302838306,0.0643036685811522
0.39290231466293335,0.2339218705892563,0.47049116803705693,0.3414458035901189,0.058071016302838306,0.0643036685811522
0.46020984649658203,0.32604748010635376,0.47049116803705693,0.3414458035901189,0.058071016302838306,0.0643036685811522
0.45973703265190125,0.3309469521045685,0.47049116803705693,0.3414458035901189,0.058071016302838306,0.0643036685811522
0.44270414113998413,0.26405176520347595,0.47049116803705693,0.3414458035901189,0.058071016302838306,0.0643036685811522
0.49416759610176086,0.3765064477920532,0.47049116803705693,0.3414458035901189,0.058071016302838306,0.0643036685811522
0.4454106390476227,0.28728625178337097,0.47049116803705693,0.3414458035901189,0.058071016302838306,0.0643036685811522
0.5307655334472656,0.3975903391838074,0.47049116803705693,0.3414458035901189,0.058071016302838306,0.0643036685811522
0.5028531551361084,0.38645726442337036,0.47049116803705693,0.3414458035901189,0.058071016302838306,0.0643036685811522
0.4618382751941681,0.2815939486026764,0.47049116803705693,0.3414458035901189,0.058071016302838306,0.0643036685811522
0.41267770528793335,0.30214545130729675,0.47049116803705693,0.3414458035901189,0.058071016302838306,0.0643036685811522
0.5527290105819702,0.4363407790660858,0.47049116803705693,0.3414458035901189,0.058071016302838306,0.0643036685811522
0.5401395559310913,0.4264102578163147,0.47049116803705693,0.3414458035901189,0.058071016302838306,0.0643036685811522
0.4640275239944458,0.3529140055179596,0.47049116803705693,0.3414458035901189,0.058071016302838306,0.0643036685811522
0.5337332487106323,0.35070934891700745,0.47049116803705693,0.3414458035901189,0.058071016302838306,0.0643036685811522
0.5605008006095886,0.43160688877105713,0.47049116803705693,0.3414458035901189,0.058071016302838306,0.0643036685811522
0.5201033353805542,0.3999910056591034,0.47049116803705693,0.3414458035901189,0.058071016302838306,0.0643036685811522
0.4878554344177246,0.36299508810043335,0.47049116803705693,0.3414458035901189,0.058071016302838306,0.0643036685811522
0.47219815850257874,0.3633570373058319,0.47049116803705693,0.3414458035901189,0.058071016302838306,0.0643036685811522
0.48863571882247925,0.35967952013015747,0.47049116803705693,0.3414458035901189,0.058071016302838306,0.0643036685811522
0.4427605867385864,0.34405484795570374,0.47049116803705693,0.3414458035901189,0.058071016302838306,0.0643036685811522
0.30310848355293274,0.172325998544693,0.47049116803705693,0.3414458035901189,0.058071016302838306,0.0643036685811522
0.4714392423629761,0.35882410407066345,0.47049116803705693,0.3414458035901189,0.058071016302838306,0.0643036685811522
0.4447328746318817,0.2906390428543091,0.47049116803705693,0.3414458035901189,0.058071016302838306,0.0643036685811522
0.4347964823246002,0.30255281925201416,0.47049116803705693,0.3414458035901189,0.058071016302838306,0.0643036685811522
0.6082704663276672,0.4275519549846649,0.47049116803705693,0.3414458035901189,0.058071016302838306,0.0643036685811522
0.4137668311595917,0.25870922207832336,0.47049116803705693,0.3414458035901189,0.058071016302838306,0.0643036685811522
0.4484040141105652,0.3299865424633026,0.47049116803705693,0.3414458035901189,0.058071016302838306,0.0643036685811522
0.4169609844684601,0.25021225214004517,0.47049116803705693,0.3414458035901189,0.058071016302838306,0.0643036685811522
0.40882572531700134,0.25207266211509705,0.47049116803705693,0.3414458035901189,0.058071016302838306,0.0643036685811522
0.4066877067089081,0.2276412546634674,0.47049116803705693,0.3414458035901189,0.058071016302838306,0.0643036685811522
0.5819715857505798,0.47225746512413025,0.47049116803705693,0.3414458035901189,0.058071016302838306,0.0643036685811522
0.34529584646224976,0.1900121420621872,0.47049116803705693,0.3414458035901189,0.058071016302838306,0.0643036685811522
0.4898760914802551,0.3684322237968445,0.47049116803705693,0.3414458035901189,0.058071016302838306,0.0643036685811522
0.48850831389427185,0.33145835995674133,0.47049116803705693,0.3414458035901189,0.058071016302838306,0.0643036685811522
0.5116520524024963,0.3919900059700012,0.47049116803705693,0.3414458035901189,0.058071016302838306,0.0643036685811522
0.4916396141052246,0.31904545426368713,0.47049116803705693,0.3414458035901189,0.058071016302838306,0.0643036685811522
0.4664350748062134,0.3551347255706787,0.47049116803705693,0.3414458035901189,0.058071016302838306,0.0643036685811522
0.46449902653694153,0.34965187311172485,0.47049116803705693,0.3414458035901189,0.058071016302838306,0.0643036685811522
0.4702276587486267,0.31389206647872925,0.47049116803705693,0.3414458035901189,0.058071016302838306,0.0643036685811522
0.4832612872123718,0.36006784439086914,0.47049116803705693,0.3414458035901189,0.058071016302838306,0.0643036685811522
0.4821261465549469,0.3387513756752014,0.47049116803705693,0.3414458035901189,0.058071016302838306,0.0643036685811522
0.4323710501194,0.29380282759666443,0.47049116803705693,0.3414458035901189,0.058071016302838306,0.0643036685811522
0.44844338297843933,0.2935832738876343,0.47049116803705693,0.3414458035901189,0.058071016302838306,0.0643036685811522
0.4559347629547119,0.35500335693359375,0.47049116803705693,0.3414458035901189,0.058071016302838306,0.0643036685811522
0.3875167965888977,0.22243405878543854,0.47049116803705693,0.3414458035901189,0.058071016302838306,0.0643036685811522
0.5235665440559387,0.3951093554496765,0.47049116803705693,0.3414458035901189,0.058071016302838306,0.0643036685811522
0.5092524886131287,0.319797158241272,0.47049116803705693,0.3414458035901189,0.058071016302838306,0.0643036685811522
0.4766778349876404,0.3652782142162323,0.47049116803705693,0.3414458035901189,0.058071016302838306,0.0643036685811522
0.4472782015800476,0.33449411392211914,0.47049116803705693,0.3414458035901189,0.058071016302838306,0.0643036685811522
0.5089389085769653,0.3948219418525696,0.47049116803705693,0.3414458035901189,0.058071016302838306,0.0643036685811522
0.44360920786857605,0.34063342213630676,0.47049116803705693,0.3414458035901189,0.058071016302838306,0.0643036685811522
0.37636372447013855,0.21071569621562958,0.47049116803705693,0.3414458035901189,0.058071016302838306,0.0643036685811522
0.44006961584091187,0.34116628766059875,0.47049116803705693,0.3414458035901189,0.058071016302838306,0.0643036685811522
0.4186384081840515,0.31195664405822754,0.47049116803705693,0.3414458035901189,0.058071016302838306,0.0643036685811522
0.4113423526287079,0.24919620156288147,0.47049116803705693,0.3414458035901189,0.058071016302838306,0.0643036685811522
0.43870797753334045,0.26580485701560974,0.47049116803705693,0.3414458035901189,0.058071016302838306,0.0643036685811522
0.4847985506057739,0.30539795756340027,0.47049116803705693,0.3414458035901189,0.058071016302838306,0.0643036685811522
0.2919119894504547,0.16370302438735962,0.47049116803705693,0.3414458035901189,0.058071016302838306,0.0643036685811522
0.3918136656284332,0.27016180753707886,0.47049116803705693,0.3414458035901189,0.058071016302838306,0.0643036685811522
0.44456157088279724,0.2677615284919739,0.47049116803705693,0.3414458035901189,0.058071016302838306,0.0643036685811522
0.3518770635128021,0.2132154256105423,0.47049116803705693,0.3414458035901189,0.058071016302838306,0.0643036685811522
0.3820659816265106,0.25117722153663635,0.47049116803705693,0.3414458035901189,0.058071016302838306,0.0643036685811522
0.4450263977050781,0.3357626497745514,0.47049116803705693,0.3414458035901189,0.058071016302838306,0.0643036685811522
0.4342719614505768,0.34139949083328247,0.47049116803705693,0.3414458035901189,0.058071016302838306,0.0643036685811522
0.48201149702072144,0.3556205630302429,0.47049116803705693,0.3414458035901189,0.058071016302838306,0.0643036685811522
0.5593223571777344,0.4407285451889038,0.47049116803705693,0.3414458035901189,0.058071016302838306,0.0643036685811522
0.4505801200866699,0.3504626154899597,0.47049116803705693,0.3414458035901189,0.058071016302838306,0.0643036685811522
0.38962772488594055,0.2244999259710312,0.47049116803705693,0.3414458035901189,0.058071016302838306,0.0643036685811522
0.4568614065647125,0.29375898838043213,0.47049116803705693,0.3414458035901189,0.058071016302838306,0.0643036685811522
0.5515861511230469,0.3696167469024658,0.47049116803705693,0.3414458035901189,0.058071016302838306,0.0643036685811522
0.5323854088783264,0.43225762248039246,0.47049116803705693,0.3414458035901189,0.058071016302838306,0.0643036685811522
0.47778743505477905,0.3642937242984772,0.47049116803705693,0.3414458035901189,0.058071016302838306,0.0643036685811522
0.4383363425731659,0.3107723593711853,0.47049116803705693,0.3414458035901189,0.058071016302838306,0.0643036685811522
0.41351765394210815,0.2459404468536377,0.47049116803705693,0.3414458035901189,0.058071016302838306,0.0643036685811522
0.4370187520980835,0.26847749948501587,0.47049116803705693,0.3414458035901189,0.058071016302838306,0.0643036685811522
0.5046066045761108,0.39816048741340637,0.47049116803705693,0.3414458035901189,0.058071016302838306,0.0643036685811522
0.5027052164077759,0.38860341906547546,0.47049116803705693,0.3414458035901189,0.058071016302838306,0.0643036685811522
0.3466816842556,0.21627263724803925,0.47049116803705693,0.3414458035901189,0.058071016302838306,0.0643036685811522
0.41439080238342285,0.2518724501132965,0.47049116803705693,0.3414458035901189,0.058071016302838306,0.0643036685811522
0.44768640398979187,0.3509220778942108,0.47049116803705693,0.3414458035901189,0.058071016302838306,0.0643036685811522
0.3910564184188843,0.22950589656829834,0.47049116803705693,0.3414458035901189,0.058071016302838306,0.0643036685811522
0.5242511034011841,0.4035738706588745,0.47049116803705693,0.3414458035901189,0.058071016302838306,0.0643036685811522
0.5667439699172974,0.4456871449947357,0.47049116803705693,0.3414458035901189,0.058071016302838306,0.0643036685811522
0.5511242747306824,0.3620411157608032,0.47049116803705693,0.3414458035901189,0.058071016302838306,0.0643036685811522
0.38497069478034973,0.24988658726215363,0.47049116803705693,0.3414458035901189,0.058071016302838306,0.0643036685811522
0.4994235336780548,0.37530961632728577,0.47049116803705693,0.3414458035901189,0.058071016302838306,0.0643036685811522
0.44984933733940125,0.33004316687583923,0.47049116803705693,0.3414458035901189,0.058071016302838306,0.0643036685811522
0.5738565325737,0.4496857225894928,0.47049116803705693,0.3414458035901189,0.058071016302838306,0.0643036685811522
0.39204543828964233,0.23013435304164886,0.47049116803705693,0.3414458035901189,0.058071016302838306,0.0643036685811522
0.5194916129112244,0.3978751599788666,0.47049116803705693,0.3414458035901189,0.058071016302838306,0.0643036685811522
0.433582603931427,0.3357484042644501,0.47049116803705693,0.3414458035901189,0.058071016302838306,0.0643036685811522
0.500951886177063,0.3678920865058899,0.47049116803705693,0.3414458035901189,0.058071016302838306,0.0643036685811522
0.4341791868209839,0.27723032236099243,0.47049116803705693,0.3414458035901189,0.058071016302838306,0.0643036685811522
0.5883190631866455,0.40035301446914673,0.47049116803705693,0.3414458035901189,0.058071016302838306,0.0643036685811522
0.4892270863056183,0.35596999526023865,0.47049116803705693,0.3414458035901189,0.058071016302838306,0.0643036685811522
0.497556209564209,0.37884265184402466,0.47049116803705693,0.3414458035901189,0.058071016302838306,0.0643036685811522
0.4654172658920288,0.3553539216518402,0.47049116803705693,0.3414458035901189,0.058071016302838306,0.0643036685811522
0.4522102177143097,0.34065335988998413,0.47049116803705693,0.3414458035901189,0.058071016302838306,0.0643036685811522
0.5937694311141968,0.47953954339027405,0.47049116803705693,0.3414458035901189,0.058071016302838306,0.0643036685811522
0.41775885224342346,0.32202422618865967,0.47049116803705693,0.3414458035901189,0.058071016302838306,0.0643036685811522
0.45699864625930786,0.33938589692115784,0.47049116803705693,0.3414458035901189,0.058071016302838306,0.0643036685811522
0.5212534666061401,0.37043941020965576,0.47049116803705693,0.3414458035901189,0.058071016302838306,0.0643036685811522
0.48420536518096924,0.38207748532295227,0.47049116803705693,0.3414458035901189,0.058071016302838306,0.0643036685811522
0.5201939344406128,0.4061562120914459,0.47049116803705693,0.3414458035901189,0.058071016302838306,0.0643036685811522
0.4646105170249939,0.36200767755508423,0.47049116803705693,0.3414458035901189,0.058071016302838306,0.0643036685811522
0.6211747527122498,0.4857276380062103,0.47049116803705693,0.3414458035901189,0.058071016302838306,0.0643036685811522
0.5550481081008911,0.4095868468284607,0.47049116803705693,0.3414458035901189,0.058071016302838306,0.0643036685811522
0.46886396408081055,0.3553462624549866,0.47049116803705693,0.3414458035901189,0.058071016302838306,0.0643036685811522
0.5698647499084473,0.45537319779396057,0.47049116803705693,0.3414458035901189,0.058071016302838306,0.0643036685811522
0.383723646402359,0.22695520520210266,0.47049116803705693,0.3414458035901189,0.058071016302838306,0.0643036685811522
0.4418836236000061,0.3382899761199951,0.47049116803705693,0.3414458035901189,0.058071016302838306,0.0643036685811522
0.5050632357597351,0.3979959785938263,0.47049116803705693,0.3414458035901189,0.058071016302838306,0.0643036685811522
0.45338335633277893,0.34490054845809937,0.47049116803705693,0.3414458035901189,0.058071016302838306,0.0643036685811522
0.5170771479606628,0.41712555289268494,0.47049116803705693,0.3414458035901189,0.058071016302838306,0.0643036685811522
0.4403795003890991,0.3362124264240265,0.47049116803705693,0.3414458035901189,0.058071016302838306,0.0643036685811522
0.508579671382904,0.3709341883659363,0.47049116803705693,0.3414458035901189,0.058071016302838306,0.0643036685811522
0.3097735345363617,0.1735849678516388,0.47049116803705693,0.3414458035901189,0.058071016302838306,0.0643036685811522
0.4672793447971344,0.2873036861419678,0.47049116803705693,0.3414458035901189,0.058071016302838306,0.0643036685811522
0.5356618165969849,0.39905107021331787,0.47049116803705693,0.3414458035901189,0.058071016302838306,0.0643036685811522
0.4368390142917633,0.3374352753162384,0.47049116803705693,0.3414458035901189,0.058071016302838306,0.0643036685811522
0.5184216499328613,0.39752861857414246,0.47049116803705693,0.3414458035901189,0.058071016302838306,0.0643036685811522
0.5105466842651367,0.377303808927536,0.47049116803705693,0.3414458035901189,0.058071016302838306,0.0643036685811522
0.49266907572746277,0.30375581979751587,0.47049116803705693,0.3414458035901189,0.058071016302838306,0.0643036685811522
0.5325613021850586,0.3345053493976593,0.47049116803705693,0.3414458035901189,0.058071016302838306,0.0643036685811522
0.496639609336853,0.3634583055973053,0.47049116803705693,0.3414458035901189,0.058071016302838306,0.0643036685811522
0.45062950253486633,0.3512265682220459,0.47049116803705693,0.3414458035901189,0.058071016302838306,0.0643036685811522
0.5104386210441589,0.36507758498191833,0.47049116803705693,0.3414458035901189,0.058071016302838306,0.0643036685811522
0.44723835587501526,0.3407095968723297,0.47049116803705693,0.3414458035901189,0.058071016302838306,0.0643036685811522
0.4981309175491333,0.3598405420780182,0.47049116803705693,0.3414458035901189,0.058071016302838306,0.0643036685811522
0.5028988122940063,0.3611672818660736,0.47049116803705693,0.3414458035901189,0.058071016302838306,0.0643036685811522
0.5317238569259644,0.41976261138916016,0.47049116803705693,0.3414458035901189,0.058071016302838306,0.0643036685811522
0.4404292702674866,0.32411742210388184,0.47049116803705693,0.3414458035901189,0.058071016302838306,0.0643036685811522
0.49035534262657166,0.3706817030906677,0.47049116803705693,0.3414458035901189,0.058071016302838306,0.0643036685811522
0.4535311162471771,0.3213968873023987,0.47049116803705693,0.3414458035901189,0.058071016302838306,0.0643036685811522
0.47936153411865234,0.36693814396858215,0.47049116803705693,0.3414458035901189,0.058071016302838306,0.0643036685811522
0.5309633612632751,0.35612747073173523,0.47049116803705693,0.3414458035901189,0.058071016302838306,0.0643036685811522
0.44111546874046326,0.33124107122421265,0.47049116803705693,0.3414458035901189,0.058071016302838306,0.0643036685811522
0.5132228136062622,0.38723158836364746,0.47049116803705693,0.3414458035901189,0.058071016302838306,0.0643036685811522
0.4768083989620209,0.36751440167427063,0.47049116803705693,0.3414458035901189,0.058071016302838306,0.0643036685811522
0.45568549633026123,0.34484368562698364,0.47049116803705693,0.3414458035901189,0.058071016302838306,0.0643036685811522
0.48949843645095825,0.30328187346458435,0.47049116803705693,0.3414458035901189,0.058071016302838306,0.0643036685811522
0.4355689585208893,0.33594441413879395,0.47049116803705693,0.3414458035901189,0.058071016302838306,0.0643036685811522
0.43233078718185425,0.3167378008365631,0.47049116803705693,0.3414458035901189,0.058071016302838306,0.0643036685811522
0.47240063548088074,0.34624817967414856,0.47049116803705693,0.3414458035901189,0.058071016302838306,0.0643036685811522
0.5060696601867676,0.34957149624824524,0.47049116803705693,0.3414458035901189,0.058071016302838306,0.0643036685811522
0.4405656158924103,0.29715800285339355,0.47049116803705693,0.3414458035901189,0.058071016302838306,0.0643036685811522
0.5044843554496765,0.39201486110687256,0.47049116803705693,0.3414458035901189,0.058071016302838306,0.0643036685811522
0.39948686957359314,0.22454862296581268,0.47049116803705693,0.3414458035901189,0.058071016302838306,0.0643036685811522
0.46110665798187256,0.3015824854373932,0.47049116803705693,0.3414458035901189,0.058071016302838306,0.0643036685811522
0.4329312741756439,0.3358783721923828,0.47049116803705693,0.3414458035901189,0.058071016302838306,0.0643036685811522
0.47112077474594116,0.34636372327804565,0.47049116803705693,0.3414458035901189,0.058071016302838306,0.0643036685811522
0.5229440331459045,0.35139521956443787,0.47049116803705693,0.3414458035901189,0.058071016302838306,0.0643036685811522
0.46583715081214905,0.3515221178531647,0.47049116803705693,0.3414458035901189,0.058071016302838306,0.0643036685811522
0.4997430145740509,0.31168684363365173,0.47049116803705693,0.3414458035901189,0.058071016302838306,0.0643036685811522
0.4375346004962921,0.2588576376438141,0.47049116803705693,0.3414458035901189,0.058071016302838306,0.0643036685811522
0.5040834546089172,0.35062316060066223,0.47049116803705693,0.3414458035901189,0.058071016302838306,0.0643036685811522
0.4467661380767822,0.33399778604507446,0.47049116803705693,0.3414458035901189,0.058071016302838306,0.0643036685811522
0.43819865584373474,0.2955597937107086,0.47049116803705693,0.3414458035901189,0.058071016302838306,0.0643036685811522
0.49138757586479187,0.3048175275325775,0.47049116803705693,0.3414458035901189,0.058071016302838306,0.0643036685811522
0.43230482935905457,0.3366221487522125,0.47049116803705693,0.3414458035901189,0.058071016302838306,0.0643036685811522
0.4569735825061798,0.2789684236049652,0.47049116803705693,0.3414458035901189,0.058071016302838306,0.0643036685811522
0.4679015576839447,0.2949100434780121,0.47049116803705693,0.3414458035901189,0.058071016302838306,0.0643036685811522
0.4606534540653229,0.3413546085357666,0.47049116803705693,0.3414458035901189,0.058071016302838306,0.0643036685811522
0.4961013197898865,0.3724701702594757,0.47049116803705693,0.3414458035901189,0.058071016302838306,0.0643036685811522
0.5379464030265808,0.40448302030563354,0.47049116803705693,0.3414458035901189,0.058071016302838306,0.0643036685811522
0.4999540448188782,0.35417312383651733,0.47049116803705693,0.3414458035901189,0.058071016302838306,0.0643036685811522
0.48054713010787964,0.34490346908569336,0.47049116803705693,0.3414458035901189,0.058071016302838306,0.0643036685811522
0.3367830216884613,0.18415874242782593,0.47049116803705693,0.3414458035901189,0.058071016302838306,0.0643036685811522
0.4497298002243042,0.33743852376937866,0.47049116803705693,0.3414458035901189,0.058071016302838306,0.0643036685811522
0.49450281262397766,0.3764323592185974,0.47049116803705693,0.3414458035901189,0.058071016302838306,0.0643036685811522
0.42853596806526184,0.3166593909263611,0.47049116803705693,0.3414458035901189,0.058071016302838306,0.0643036685811522
0.4596843421459198,0.3509061336517334,0.47049116803705693,0.3414458035901189,0.058071016302838306,0.0643036685811522
0.4362441897392273,0.32804349064826965,0.47049116803705693,0.3414458035901189,0.058071016302838306,0.0643036685811522
0.4974067211151123,0.3753599226474762,0.47049116803705693,0.3414458035901189,0.058071016302838306,0.0643036685811522
0.4391770660877228,0.3329763114452362,0.47049116803705693,0.3414458035901189,0.058071016302838306,0.0643036685811522
0.4520778954029083,0.3428391218185425,0.47049116803705693,0.3414458035901189,0.058071016302838306,0.0643036685811522
0.4741190969944,0.35543885827064514,0.47049116803705693,0.3414458035901189,0.058071016302838306,0.0643036685811522
0.4764684736728668,0.36660924553871155,0.47049116803705693,0.3414458035901189,0.058071016302838306,0.0643036685811522
0.4545013904571533,0.343676894903183,0.47049116803705693,0.3414458035901189,0.058071016302838306,0.0643036685811522
0.41634684801101685,0.2792260944843292,0.47049116803705693,0.3414458035901189,0.058071016302838306,0.0643036685811522
0.5100475549697876,0.38247281312942505,0.47049116803705693,0.3414458035901189,0.058071016302838306,0.0643036685811522
0.4517695903778076,0.35108813643455505,0.47049116803705693,0.3414458035901189,0.058071016302838306,0.0643036685811522
0.399444043636322,0.27349627017974854,0.47049116803705693,0.3414458035901189,0.058071016302838306,0.0643036685811522
0.377760648727417,0.22586850821971893,0.47049116803705693,0.3414458035901189,0.058071016302838306,0.0643036685811522
0.5978924036026001,0.48426204919815063,0.47049116803705693,0.3414458035901189,0.058071016302838306,0.0643036685811522
0.49103885889053345,0.37659481167793274,0.47049116803705693,0.3414458035901189,0.058071016302838306,0.0643036685811522
0.5017198324203491,0.3849683403968811,0.47049116803705693,0.3414458035901189,0.058071016302838306,0.0643036685811522
0.44460976123809814,0.34520024061203003,0.47049116803705693,0.3414458035901189,0.058071016302838306,0.0643036685811522
0.41840848326683044,0.29699963331222534,0.47049116803705693,0.3414458035901189,0.058071016302838306,0.0643036685811522
0.5643652677536011,0.37748226523399353,0.47049116803705693,0.3414458035901189,0.058071016302838306,0.0643036685811522
0.48149359226226807,0.3561088442802429,0.47049116803705693,0.3414458035901189,0.058071016302838306,0.0643036685811522
0.49500802159309387,0.37168872356414795,0.47049116803705693,0.3414458035901189,0.058071016302838306,0.0643036685811522
0.30084624886512756,0.18320302665233612,0.47049116803705693,0.3414458035901189,0.058071016302838306,0.0643036685811522
0.49282029271125793,0.38532114028930664,0.47049116803705693,0.3414458035901189,0.058071016302838306,0.0643036685811522
0.40205004811286926,0.2502497434616089,0.47049116803705693,0.3414458035901189,0.058071016302838306,0.0643036685811522
0.4926777184009552,0.37077265977859497,0.47049116803705693,0.3414458035901189,0.058071016302838306,0.0643036685811522
0.51365065574646,0.38124969601631165,0.47049116803705693,0.3414458035901189,0.058071016302838306,0.0643036685811522
0.44733259081840515,0.3129352629184723,0.47049116803705693,0.3414458035901189,0.058071016302838306,0.0643036685811522
0.46561846137046814,0.3578418493270874,0.47049116803705693,0.3414458035901189,0.058071016302838306,0.0643036685811522
0.42078495025634766,0.3256646692752838,0.47049116803705693,0.3414458035901189,0.058071016302838306,0.0643036685811522
0.485944002866745,0.3634292185306549,0.47049116803705693,0.3414458035901189,0.058071016302838306,0.0643036685811522
0.5418859720230103,0.4197660982608795,0.47049116803705693,0.3414458035901189,0.058071016302838306,0.0643036685811522
0.5669267773628235,0.40871429443359375,0.47049116803705693,0.3414458035901189,0.058071016302838306,0.0643036685811522
0.44810256361961365,0.2999643087387085,0.47049116803705693,0.3414458035901189,0.058071016302838306,0.0643036685811522
0.45912548899650574,0.3214799761772156,0.47049116803705693,0.3414458035901189,0.058071016302838306,0.0643036685811522
0.43543410301208496,0.30856627225875854,0.47049116803705693,0.3414458035901189,0.058071016302838306,0.0643036685811522
0.4621094763278961,0.2958655059337616,0.47049116803705693,0.3414458035901189,0.058071016302838306,0.0643036685811522
0.468100368976593,0.3410355746746063,0.47049116803705693,0.3414458035901189,0.058071016302838306,0.0643036685811522
0.383950412273407,0.22039251029491425,0.47049116803705693,0.3414458035901189,0.058071016302838306,0.0643036685811522
0.5008838176727295,0.3834041953086853,0.47049116803705693,0.3414458035901189,0.058071016302838306,0.0643036685811522
0.4333067834377289,0.3422536849975586,0.47049116803705693,0.3414458035901189,0.058071016302838306,0.0643036685811522
0.45455053448677063,0.3398587107658386,0.47049116803705693,0.3414458035901189,0.058071016302838306,0.0643036685811522
0.5227745771408081,0.4027567207813263,0.47049116803705693,0.3414458035901189,0.058071016302838306,0.0643036685811522
0.4664517045021057,0.34404128789901733,0.47049116803705693,0.3414458035901189,0.058071016302838306,0.0643036685811522
0.4709949493408203,0.3619876503944397,0.47049116803705693,0.3414458035901189,0.058071016302838306,0.0643036685811522
0.4646872580051422,0.3663705587387085,0.47049116803705693,0.3414458035901189,0.058071016302838306,0.0643036685811522
0.4511927664279938,0.33911094069480896,0.47049116803705693,0.3414458035901189,0.058071016302838306,0.0643036685811522
0.47533759474754333,0.367978036403656,0.47049116803705693,0.3414458035901189,0.058071016302838306,0.0643036685811522
0.6074323058128357,0.49552372097969055,0.47049116803705693,0.3414458035901189,0.058071016302838306,0.0643036685811522
0.5710277557373047,0.4384697675704956,0.47049116803705693,0.3414458035901189,0.058071016302838306,0.0643036685811522
0.49702778458595276,0.3718867897987366,0.47049116803705693,0.3414458035901189,0.058071016302838306,0.0643036685811522
0.42203250527381897,0.28966864943504333,0.47049116803705693,0.3414458035901189,0.058071016302838306,0.0643036685811522
0.45565134286880493,0.33071231842041016,0.47049116803705693,0.3414458035901189,0.058071016302838306,0.0643036685811522
0.450525164604187,0.329723984003067,0.47049116803705693,0.3414458035901189,0.058071016302838306,0.0643036685811522
0.48366519808769226,0.38799363374710083,0.47049116803705693,0.3414458035901189,0.058071016302838306,0.0643036685811522
0.4579169750213623,0.3519760072231293,0.47049116803705693,0.3414458035901189,0.058071016302838306,0.0643036685811522
0.5215925574302673,0.39282169938087463,0.47049116803705693,0.3414458035901189,0.058071016302838306,0.0643036685811522
0.49248093366622925,0.34237438440322876,0.47049116803705693,0.3414458035901189,0.058071016302838306,0.0643036685811522
0.4322841763496399,0.320153146982193,0.47049116803705693,0.3414458035901189,0.058071016302838306,0.0643036685811522
0.6012592315673828,0.4850294291973114,0.47049116803705693,0.3414458035901189,0.058071016302838306,0.0643036685811522
0.599890947341919,0.4094217121601105,0.47049116803705693,0.3414458035901189,0.058071016302838306,0.0643036685811522
0.45532140135765076,0.3595803678035736,0.47049116803705693,0.3414458035901189,0.058071016302838306,0.0643036685811522
0.45041412115097046,0.27757027745246887,0.47049116803705693,0.3414458035901189,0.058071016302838306,0.0643036685811522
0.4826939105987549,0.3630146384239197,0.47049116803705693,0.3414458035901189,0.058071016302838306,0.0643036685811522
0.47676438093185425,0.37234100699424744,0.47049116803705693,0.3414458035901189,0.058071016302838306,0.0643036685811522
0.49757394194602966,0.3661332130432129,0.47049116803705693,0.3414458035901189,0.058071016302838306,0.0643036685811522
0.5084549188613892,0.3987887501716614,0.47049116803705693,0.3414458035901189,0.058071016302838306,0.0643036685811522
0.49288487434387207,0.29373401403427124,0.47049116803705693,0.3414458035901189,0.058071016302838306,0.0643036685811522
0.4408947825431824,0.2799229323863983,0.47049116803705693,0.3414458035901189,0.058071016302838306,0.0643036685811522
0.5926541686058044,0.4550746977329254,0.47049116803705693,0.3414458035901189,0.058071016302838306,0.0643036685811522
0.5468824505805969,0.37338095903396606,0.47049116803705693,0.3414458035901189,0.058071016302838306,0.0643036685811522
0.41547852754592896,0.3139040768146515,0.47049116803705693,0.3414458035901189,0.058071016302838306,0.0643036685811522
0.4551349878311157,0.35370731353759766,0.47049116803705693,0.3414458035901189,0.058071016302838306,0.0643036685811522
0.40413549542427063,0.27104243636131287,0.47049116803705693,0.3414458035901189,0.058071016302838306,0.0643036685811522
0.4107302725315094,0.24559806287288666,0.47049116803705693,0.3414458035901189,0.058071016302838306,0.0643036685811522
0.4225853383541107,0.3171851634979248,0.47049116803705693,0.3414458035901189,0.058071016302838306,0.0643036685811522
0.367238849401474,0.20812158286571503,0.47049116803705693,0.3414458035901189,0.058071016302838306,0.0643036685811522
0.39773064851760864,0.22901640832424164,0.47049116803705693,0.3414458035901189,0.058071016302838306,0.0643036685811522
0.4821339547634125,0.36884763836860657,0.47049116803705693,0.3414458035901189,0.058071016302838306,0.0643036685811522
0.4713667929172516,0.33160221576690674,0.47049116803705693,0.3414458035901189,0.058071016302838306,0.0643036685811522
0.5925789475440979,0.47845882177352905,0.47049116803705693,0.3414458035901189,0.058071016302838306,0.0643036685811522
0.31187522411346436,0.1692621260881424,0.47049116803705693,0.3414458035901189,0.058071016302838306,0.0643036685811522
0.5735121369361877,0.4188177287578583,0.47049116803705693,0.3414458035901189,0.058071016302838306,0.0643036685811522
0.37934285402297974,0.22595258057117462,0.47049116803705693,0.3414458035901189,0.058071016302838306,0.0643036685811522
0.4633861184120178,0.3359755575656891,0.47049116803705693,0.3414458035901189,0.058071016302838306,0.0643036685811522
0.446463406085968,0.3416972756385803,0.47049116803705693,0.3414458035901189,0.058071016302838306,0.0643036685811522
0.4546816349029541,0.3379836678504944,0.47049116803705693,0.3414458035901189,0.058071016302838306,0.0643036685811522
0.3861035108566284,0.2690925896167755,0.47049116803705693,0.3414458035901189,0.058071016302838306,0.0643036685811522
0.47353750467300415,0.3103257119655609,0.47049116803705693,0.3414458035901189,0.058071016302838306,0.0643036685811522
0.4346890151500702,0.31282684206962585,0.47049116803705693,0.3414458035901189,0.058071016302838306,0.0643036685811522
0.4493916928768158,0.27168160676956177,0.47049116803705693,0.3414458035901189,0.058071016302838306,0.0643036685811522
0.4316750764846802,0.33116140961647034,0.47049116803705693,0.3414458035901189,0.058071016302838306,0.0643036685811522
0.528849184513092,0.42864060401916504,0.47049116803705693,0.3414458035901189,0.058071016302838306,0.0643036685811522
0.47962290048599243,0.34218907356262207,0.47049116803705693,0.3414458035901189,0.058071016302838306,0.0643036685811522
0.49373501539230347,0.3825940489768982,0.47049116803705693,0.3414458035901189,0.058071016302838306,0.0643036685811522
0.47238653898239136,0.3447404205799103,0.47049116803705693,0.3414458035901189,0.058071016302838306,0.0643036685811522
0.3899226486682892,0.26976990699768066,0.47049116803705693,0.3414458035901189,0.058071016302838306,0.0643036685811522
0.24914121627807617,0.14276468753814697,0.47049116803705693,0.3414458035901189,0.058071016302838306,0.0643036685811522
0.48299163579940796,0.35927391052246094,0.47049116803705693,0.3414458035901189,0.058071016302838306,0.0643036685811522
0.5457983016967773,0.43041425943374634,0.47049116803705693,0.3414458035901189,0.058071016302838306,0.0643036685811522
0.479540079832077,0.3705662786960602,0.47049116803705693,0.3414458035901189,0.058071016302838306,0.0643036685811522
0.457768976688385,0.32624268531799316,0.47049116803705693,0.3414458035901189,0.058071016302838306,0.0643036685811522
0.5597025156021118,0.4470829665660858,0.47049116803705693,0.3414458035901189,0.058071016302838306,0.0643036685811522
0.4722653925418854,0.32425472140312195,0.47049116803705693,0.3414458035901189,0.058071016302838306,0.0643036685811522
0.4972878098487854,0.37602996826171875,0.47049116803705693,0.3414458035901189,0.058071016302838306,0.0643036685811522
0.5054092407226562,0.38549691438674927,0.47049116803705693,0.3414458035901189,0.058071016302838306,0.0643036685811522
0.44668444991111755,0.3414452373981476,0.47049116803705693,0.3414458035901189,0.058071016302838306,0.0643036685811522
0.4601680040359497,0.28519758582115173,0.47049116803705693,0.3414458035901189,0.058071016302838306,0.0643036685811522
0.44640201330184937,0.33027103543281555,0.47049116803705693,0.3414458035901189,0.058071016302838306,0.0643036685811522
0.4667058289051056,0.34854409098625183,0.47049116803705693,0.3414458035901189,0.058071016302838306,0.0643036685811522
0.5254074931144714,0.403164267539978,0.47049116803705693,0.3414458035901189,0.058071016302838306,0.0643036685811522
0.6112247705459595,0.5013359785079956,0.47049116803705693,0.3414458035901189,0.058071016302838306,0.0643036685811522
0.5137796998023987,0.40866002440452576,0.47049116803705693,0.3414458035901189,0.058071016302838306,0.0643036685811522
0.42056766152381897,0.31643715500831604,0.47049116803705693,0.3414458035901189,0.058071016302838306,0.0643036685811522
0.48776283860206604,0.3644113540649414,0.47049116803705693,0.3414458035901189,0.058071016302838306,0.0643036685811522
0.48262152075767517,0.3501989543437958,0.47049116803705693,0.3414458035901189,0.058071016302838306,0.0643036685811522
0.26525095105171204,0.14652983844280243,0.47049116803705693,0.3414458035901189,0.058071016302838306,0.0643036685811522
0.49381405115127563,0.36607494950294495,0.47049116803705693,0.3414458035901189,0.058071016302838306,0.0643036685811522
0.4933801293373108,0.3631221652030945,0.47049116803705693,0.3414458035901189,0.058071016302838306,0.0643036685811522
0.4227520823478699,0.25570860505104065,0.47049116803705693,0.3414458035901189,0.058071016302838306,0.0643036685811522
0.4721028208732605,0.357254296541214,0.47049116803705693,0.3414458035901189,0.058071016302838306,0.0643036685811522
0.48637789487838745,0.37962159514427185,0.47049116803705693,0.3414458035901189,0.058071016302838306,0.0643036685811522
0.5189021229743958,0.404697060585022,0.47049116803705693,0.3414458035901189,0.058071016302838306,0.0643036685811522
0.44521158933639526,0.33512502908706665,0.47049116803705693,0.3414458035901189,0.058071016302838306,0.0643036685811522
0.3935038149356842,0.22066235542297363,0.47049116803705693,0.3414458035901189,0.058071016302838306,0.0643036685811522
0.5023996829986572,0.3790212869644165,0.47049116803705693,0.3414458035901189,0.058071016302838306,0.0643036685811522
0.5118852257728577,0.38799500465393066,0.47049116803705693,0.3414458035901189,0.058071016302838306,0.0643036685811522
0.5898087024688721,0.46982452273368835,0.47049116803705693,0.3414458035901189,0.058071016302838306,0.0643036685811522
0.5856359004974365,0.3980191946029663,0.47049116803705693,0.3414458035901189,0.058071016302838306,0.0643036685811522
0.4270534813404083,0.32972392439842224,0.47049116803705693,0.3414458035901189,0.058071016302838306,0.0643036685811522
0.508948028087616,0.3874358832836151,0.47049116803705693,0.3414458035901189,0.058071016302838306,0.0643036685811522
0.4691641330718994,0.37642747163772583,0.47049116803705693,0.3414458035901189,0.058071016302838306,0.0643036685811522
0.4357204735279083,0.3181244432926178,0.47049116803705693,0.3414458035901189,0.058071016302838306,0.0643036685811522
0.5370990633964539,0.4190276563167572,0.47049116803705693,0.3414458035901189,0.058071016302838306,0.0643036685811522
0.3724648952484131,0.20759931206703186,0.47049116803705693,0.3414458035901189,0.058071016302838306,0.0643036685811522
0.44413867592811584,0.31646594405174255,0.47049116803705693,0.3414458035901189,0.058071016302838306,0.0643036685811522
0.5437397360801697,0.4249476194381714,0.47049116803705693,0.3414458035901189,0.058071016302838306,0.0643036685811522
0.3939859867095947,0.2686654031276703,0.47049116803705693,0.3414458035901189,0.058071016302838306,0.0643036685811522
0.48016461730003357,0.36771711707115173,0.47049116803705693,0.3414458035901189,0.058071016302838306,0.0643036685811522
0.5051931738853455,0.3800604045391083,0.47049116803705693,0.3414458035901189,0.058071016302838306,0.0643036685811522
0.5247395038604736,0.4020271599292755,0.47049116803705693,0.3414458035901189,0.058071016302838306,0.0643036685811522
0.360115647315979,0.21794413030147552,0.47049116803705693,0.3414458035901189,0.058071016302838306,0.0643036685811522
0.6057547926902771,0.4858579933643341,0.47049116803705693,0.3414458035901189,0.058071016302838306,0.0643036685811522
0.49848151206970215,0.38643404841423035,0.47049116803705693,0.3414458035901189,0.058071016302838306,0.0643036685811522
0.44797226786613464,0.3304797410964966,0.47049116803705693,0.3414458035901189,0.058071016302838306,0.0643036685811522
0.46843332052230835,0.3614119291305542,0.47049116803705693,0.3414458035901189,0.058071016302838306,0.0643036685811522
0.422391802072525,0.31632161140441895,0.47049116803705693,0.3414458035901189,0.058071016302838306,0.0643036685811522
0.5194542407989502,0.39800193905830383,0.47049116803705693,0.3414458035901189,0.058071016302838306,0.0643036685811522
0.5121592283248901,0.38125085830688477,0.47049116803705693,0.3414458035901189,0.058071016302838306,0.0643036685811522
0.48744750022888184,0.36241769790649414,0.47049116803705693,0.3414458035901189,0.058071016302838306,0.0643036685811522
0.5479811429977417,0.41070812940597534,0.47049116803705693,0.3414458035901189,0.058071016302838306,0.0643036685811522
0.5087550282478333,0.3905627429485321,0.47049116803705693,0.3414458035901189,0.058071016302838306,0.0643036685811522
0.5227594375610352,0.4057728350162506,0.47049116803705693,0.3414458035901189,0.058071016302838306,0.0643036685811522
0.5925179123878479,0.4782356023788452,0.47049116803705693,0.3414458035901189,0.058071016302838306,0.0643036685811522
0.45258164405822754,0.30024877190589905,0.47049116803705693,0.3414458035901189,0.058071016302838306,0.0643036685811522
0.5693836212158203,0.4547918736934662,0.47049116803705693,0.3414458035901189,0.058071016302838306,0.0643036685811522
0.4841994643211365,0.37666234374046326,0.47049116803705693,0.3414458035901189,0.058071016302838306,0.0643036685811522
0.47412607073783875,0.3631240725517273,0.47049116803705693,0.3414458035901189,0.058071016302838306,0.0643036685811522
0.48167890310287476,0.37712669372558594,0.47049116803705693,0.3414458035901189,0.058071016302838306,0.0643036685811522
0.655052125453949,0.5224097967147827,0.47049116803705693,0.3414458035901189,0.058071016302838306,0.0643036685811522
0.42737501859664917,0.24671617150306702,0.47049116803705693,0.3414458035901189,0.058071016302838306,0.0643036685811522
0.455454021692276,0.3560461103916168,0.47049116803705693,0.3414458035901189,0.058071016302838306,0.0643036685811522
0.4279661178588867,0.3186085820198059,0.47049116803705693,0.3414458035901189,0.058071016302838306,0.0643036685811522
0.5346067547798157,0.4076821506023407,0.47049116803705693,0.3414458035901189,0.058071016302838306,0.0643036685811522
0.45317256450653076,0.34234923124313354,0.47049116803705693,0.3414458035901189,0.058071016302838306,0.0643036685811522
0.5017066597938538,0.37896156311035156,0.47049116803705693,0.3414458035901189,0.058071016302838306,0.0643036685811522
0.43987151980400085,0.3379255533218384,0.47049116803705693,0.3414458035901189,0.058071016302838306,0.0643036685811522
0.6051430702209473,0.4648406505584717,0.47049116803705693,0.3414458035901189,0.058071016302838306,0.0643036685811522
0.4973854124546051,0.31249040365219116,0.47049116803705693,0.3414458035901189,0.058071016302838306,0.0643036685811522
0.46757790446281433,0.35302290320396423,0.47049116803705693,0.3414458035901189,0.058071016302838306,0.0643036685811522
0.4793263375759125,0.37642180919647217,0.47049116803705693,0.3414458035901189,0.058071016302838306,0.0643036685811522
0.4905834496021271,0.3771836757659912,0.47049116803705693,0.3414458035901189,0.058071016302838306,0.0643036685811522
0.44895684719085693,0.3385472297668457,0.47049116803705693,0.3414458035901189,0.058071016302838306,0.0643036685811522
0.5574570298194885,0.44253280758857727,0.47049116803705693,0.3414458035901189,0.058071016302838306,0.0643036685811522
0.4975784420967102,0.3888312876224518,0.47049116803705693,0.3414458035901189,0.058071016302838306,0.0643036685811522
0.4003011882305145,0.2275126874446869,0.47049116803705693,0.3414458035901189,0.058071016302838306,0.0643036685811522
0.460541695356369,0.3563839793205261,0.47049116803705693,0.3414458035901189,0.058071016302838306,0.0643036685811522
0.4483242332935333,0.34766721725463867,0.47049116803705693,0.3414458035901189,0.058071016302838306,0.0643036685811522
0.47764408588409424,0.3789653480052948,0.47049116803705693,0.3414458035901189,0.058071016302838306,0.0643036685811522
0.4717770218849182,0.2909446656703949,0.47049116803705693,0.3414458035901189,0.058071016302838306,0.0643036685811522
0.38560956716537476,0.23022869229316711,0.47049116803705693,0.3414458035901189,0.058071016302838306,0.0643036685811522
0.3828299343585968,0.2703011631965637,0.47049116803705693,0.3414458035901189,0.058071016302838306,0.0643036685811522
0.4190499782562256,0.2538440525531769,0.47049116803705693,0.3414458035901189,0.058071016302838306,0.0643036685811522
0.44901585578918457,0.3316773772239685,0.47049116803705693,0.3414458035901189,0.058071016302838306,0.0643036685811522
0.4877443313598633,0.35595059394836426,0.47049116803705693,0.3414458035901189,0.058071016302838306,0.0643036685811522
0.45236819982528687,0.3407120108604431,0.47049116803705693,0.3414458035901189,0.058071016302838306,0.0643036685811522
0.5539262294769287,0.42096301913261414,0.47049116803705693,0.3414458035901189,0.058071016302838306,0.0643036685811522
0.5027047395706177,0.3875923752784729,0.47049116803705693,0.3414458035901189,0.058071016302838306,0.0643036685811522
0.3803035616874695,0.20872163772583008,0.47049116803705693,0.3414458035901189,0.058071016302838306,0.0643036685811522
0.4449557662010193,0.33841440081596375,0.47049116803705693,0.3414458035901189,0.058071016302838306,0.0643036685811522
0.5344172120094299,0.42182549834251404,0.47049116803705693,0.3414458035901189,0.058071016302838306,0.0643036685811522
0.4800156056880951,0.3568386435508728,0.47049116803705693,0.3414458035901189,0.058071016302838306,0.0643036685811522
0.4929260015487671,0.37246012687683105,0.47049116803705693,0.3414458035901189,0.058071016302838306,0.0643036685811522
0.48002028465270996,0.3709307909011841,0.47049116803705693,0.3414458035901189,0.058071016302838306,0.0643036685811522
0.4427412450313568,0.3411768078804016,0.47049116803705693,0.3414458035901189,0.058071016302838306,0.0643036685811522
0.49228784441947937,0.3758690059185028,0.47049116803705693,0.3414458035901189,0.058071016302838306,0.0643036685811522
0.48466259241104126,0.3041074872016907,0.47049116803705693,0.3414458035901189,0.058071016302838306,0.0643036685811522
0.4309613108634949,0.32977554202079773,0.47049116803705693,0.3414458035901189,0.058071016302838306,0.0643036685811522
0.37320607900619507,0.2271474301815033,0.47049116803705693,0.3414458035901189,0.058071016302838306,0.0643036685811522
0.39162948727607727,0.23173841834068298,0.47049116803705693,0.3414458035901189,0.058071016302838306,0.0643036685811522
0.6313058137893677,0.515645444393158,0.47049116803705693,0.3414458035901189,0.058071016302838306,0.0643036685811522
0.5307372808456421,0.41174063086509705,0.47049116803705693,0.3414458035901189,0.058071016302838306,0.0643036685811522
0.4842991828918457,0.35465583205223083,0.47049116803705693,0.3414458035901189,0.058071016302838306,0.0643036685811522
0.4632340371608734,0.3577162027359009,0.47049116803705693,0.3414458035901189,0.058071016302838306,0.0643036685811522
0.4883248209953308,0.35164403915405273,0.47049116803705693,0.3414458035901189,0.058071016302838306,0.0643036685811522
0.42317914962768555,0.23472504317760468,0.47049116803705693,0.3414458035901189,0.058071016302838306,0.0643036685811522
0.4677426815032959,0.35847988724708557,0.47049116803705693,0.3414458035901189,0.058071016302838306,0.0643036685811522
0.4530012905597687,0.34027108550071716,0.47049116803705693,0.3414458035901189,0.058071016302838306,0.0643036685811522
0.37030601501464844,0.2004651427268982,0.47049116803705693,0.3414458035901189,0.058071016302838306,0.0643036685811522
0.4602976143360138,0.3537352383136749,0.47049116803705693,0.3414458035901189,0.058071016302838306,0.0643036685811522
0.5289462804794312,0.3333829641342163,0.47049116803705693,0.3414458035901189,0.058071016302838306,0.0643036685811522
0.4441235363483429,0.3406900465488434,0.47049116803705693,0.3414458035901189,0.058071016302838306,0.0643036685811522
0.42777782678604126,0.3147025406360626,0.47049116803705693,0.3414458035901189,0.058071016302838306,0.0643036685811522
0.37513625621795654,0.20201072096824646,0.47049116803705693,0.3414458035901189,0.058071016302838306,0.0643036685811522
0.4548502266407013,0.33736440539360046,0.47049116803705693,0.3414458035901189,0.058071016302838306,0.0643036685811522
0.40230733156204224,0.3117135465145111,0.47049116803705693,0.3414458035901189,0.058071016302838306,0.0643036685811522
0.37626969814300537,0.2501450777053833,0.47049116803705693,0.3414458035901189,0.058071016302838306,0.0643036685811522
0.418246865272522,0.2523486614227295,0.47049116803705693,0.3414458035901189,0.058071016302838306,0.0643036685811522
0.48003530502319336,0.3030470609664917,0.47049116803705693,0.3414458035901189,0.058071016302838306,0.0643036685811522
0.5998591780662537,0.4842313528060913,0.47049116803705693,0.3414458035901189,0.058071016302838306,0.0643036685811522
0.49469733238220215,0.3774673342704773,0.47049116803705693,0.3414458035901189,0.058071016302838306,0.0643036685811522
0.4505769908428192,0.28285354375839233,0.47049116803705693,0.3414458035901189,0.058071016302838306,0.0643036685811522
0.5372697710990906,0.35066717863082886,0.47049116803705693,0.3414458035901189,0.058071016302838306,0.0643036685811522
0.3559589684009552,0.21623605489730835,0.47049116803705693,0.3414458035901189,0.058071016302838306,0.0643036685811522
0.4646543264389038,0.34062451124191284,0.47049116803705693,0.3414458035901189,0.058071016302838306,0.0643036685811522
0.46205151081085205,0.35560595989227295,0.47049116803705693,0.3414458035901189,0.058071016302838306,0.0643036685811522
0.459423691034317,0.32291901111602783,0.47049116803705693,0.3414458035901189,0.058071016302838306,0.0643036685811522
0.48305845260620117,0.36283427476882935,0.47049116803705693,0.3414458035901189,0.058071016302838306,0.0643036685811522
0.41274529695510864,0.2850382924079895,0.47049116803705693,0.3414458035901189,0.058071016302838306,0.0643036685811522
0.5855767130851746,0.3993247151374817,0.47049116803705693,0.3414458035901189,0.058071016302838306,0.0643036685811522
0.39636850357055664,0.23430052399635315,0.47049116803705693,0.3414458035901189,0.058071016302838306,0.0643036685811522
0.5881841778755188,0.4399356544017792,0.47049116803705693,0.3414458035901189,0.058071016302838306,0.0643036685811522
0.4609401822090149,0.3082154095172882,0.47049116803705693,0.3414458035901189,0.058071016302838306,0.0643036685811522
0.4942808449268341,0.38560664653778076,0.47049116803705693,0.3414458035901189,0.058071016302838306,0.0643036685811522
0.43276453018188477,0.3201703727245331,0.47049116803705693,0.3414458035901189,0.058071016302838306,0.0643036685811522
0.47073736786842346,0.3049326539039612,0.47049116803705693,0.3414458035901189,0.058071016302838306,0.0643036685811522
0.3939589262008667,0.23108288645744324,0.47049116803705693,0.3414458035901189,0.058071016302838306,0.0643036685811522
0.5205357670783997,0.3977149724960327,0.47049116803705693,0.3414458035901189,0.058071016302838306,0.0643036685811522
0.4572419822216034,0.32738402485847473,0.47049116803705693,0.3414458035901189,0.058071016302838306,0.0643036685811522
0.4478854537010193,0.3366639018058777,0.47049116803705693,0.3414458035901189,0.058071016302838306,0.0643036685811522
0.45550012588500977,0.3523521423339844,0.47049116803705693,0.3414458035901189,0.058071016302838306,0.0643036685811522
0.34544429183006287,0.19494418799877167,0.47049116803705693,0.3414458035901189,0.058071016302838306,0.0643036685811522
0.49294513463974,0.3373747766017914,0.47049116803705693,0.3414458035901189,0.058071016302838306,0.0643036685811522
0.4721512496471405,0.34020355343818665,0.47049116803705693,0.3414458035901189,0.058071016302838306,0.0643036685811522
0.45055297017097473,0.3057217597961426,0.47049116803705693,0.3414458035901189,0.058071016302838306,0.0643036685811522
0.4422358274459839,0.2688728868961334,0.47049116803705693,0.3414458035901189,0.058071016302838306,0.0643036685811522
0.5365648865699768,0.41862913966178894,0.47049116803705693,0.3414458035901189,0.058071016302838306,0.0643036685811522
0.5250322818756104,0.4121406674385071,0.47049116803705693,0.3414458035901189,0.058071016302838306,0.0643036685811522
0.3338831663131714,0.1938609778881073,0.47049116803705693,0.3414458035901189,0.058071016302838306,0.0643036685811522
0.5019936561584473,0.3839111626148224,0.47049116803705693,0.3414458035901189,0.058071016302838306,0.0643036685811522
0.425330251455307,0.31801944971084595,0.47049116803705693,0.3414458035901189,0.058071016302838306,0.0643036685811522
0.4879229962825775,0.3176758885383606,0.47049116803705693,0.3414458035901189,0.058071016302838306,0.0643036685811522
0.3966362476348877,0.22334851324558258,0.47049116803705693,0.3414458035901189,0.058071016302838306,0.0643036685811522
0.29093170166015625,0.1637144535779953,0.47049116803705693,0.3414458035901189,0.058071016302838306,0.0643036685811522
0.4445847272872925,0.2823452651500702,0.47049116803705693,0.3414458035901189,0.058071016302838306,0.0643036685811522
0.4614877700805664,0.268459677696228,0.47049116803705693,0.3414458035901189,0.058071016302838306,0.0643036685811522
0.5392796397209167,0.42749038338661194,0.47049116803705693,0.3414458035901189,0.058071016302838306,0.0643036685811522
0.5240503549575806,0.34010741114616394,0.47049116803705693,0.3414458035901189,0.058071016302838306,0.0643036685811522
0.5131602883338928,0.38830193877220154,0.47049116803705693,0.3414458035901189,0.058071016302838306,0.0643036685811522
0.4774813652038574,0.3691292107105255,0.47049116803705693,0.3414458035901189,0.058071016302838306,0.0643036685811522
0.4640912711620331,0.3358582854270935,0.47049116803705693,0.3414458035901189,0.058071016302838306,0.0643036685811522
0.4500705599784851,0.3246632218360901,0.47049116803705693,0.3414458035901189,0.058071016302838306,0.0643036685811522
0.4506930410861969,0.35269948840141296,0.47049116803705693,0.3414458035901189,0.058071016302838306,0.0643036685811522
0.5167222619056702,0.4046652019023895,0.47049116803705693,0.3414458035901189,0.058071016302838306,0.0643036685811522
0.6292857527732849,0.5084790587425232,0.47049116803705693,0.3414458035901189,0.058071016302838306,0.0643036685811522
0.484730064868927,0.3656746447086334,0.47049116803705693,0.3414458035901189,0.058071016302838306,0.0643036685811522
0.46901363134384155,0.3512194752693176,0.47049116803705693,0.3414458035901189,0.058071016302838306,0.0643036685811522
0.45539936423301697,0.28457820415496826,0.47049116803705693,0.3414458035901189,0.058071016302838306,0.0643036685811522
0.44018736481666565,0.34086745977401733,0.47049116803705693,0.3414458035901189,0.058071016302838306,0.0643036685811522
0.43385154008865356,0.32806000113487244,0.47049116803705693,0.3414458035901189,0.058071016302838306,0.0643036685811522
0.42501339316368103,0.3163681626319885,0.47049116803705693,0.3414458035901189,0.058071016302838306,0.0643036685811522
0.30955228209495544,0.17660574615001678,0.47049116803705693,0.3414458035901189,0.058071016302838306,0.0643036685811522
0.4264363944530487,0.32070690393447876,0.47049116803705693,0.3414458035901189,0.058071016302838306,0.0643036685811522
0.49474725127220154,0.3743225932121277,0.47049116803705693,0.3414458035901189,0.058071016302838306,0.0643036685811522
0.49632489681243896,0.3824632465839386,0.47049116803705693,0.3414458035901189,0.058071016302838306,0.0643036685811522
0.47331124544143677,0.36036670207977295,0.47049116803705693,0.3414458035901189,0.058071016302838306,0.0643036685811522
0.5090968608856201,0.3765900433063507,0.47049116803705693,0.3414458035901189,0.058071016302838306,0.0643036685811522
0.4590608775615692,0.3419087529182434,0.47049116803705693,0.3414458035901189,0.058071016302838306,0.0643036685811522
0.4173951745033264,0.26767611503601074,0.47049116803705693,0.3414458035901189,0.058071016302838306,0.0643036685811522
0.39112362265586853,0.22979000210762024,0.47049116803705693,0.3414458035901189,0.058071016302838306,0.0643036685811522
0.4380779564380646,0.33377209305763245,0.47049116803705693,0.3414458035901189,0.058071016302838306,0.0643036685811522
0.4867017865180969,0.36453619599342346,0.47049116803705693,0.3414458035901189,0.058071016302838306,0.0643036685811522
0.48476675152778625,0.34559446573257446,0.47049116803705693,0.3414458035901189,0.058071016302838306,0.0643036685811522
0.4544346034526825,0.30696603655815125,0.47049116803705693,0.3414458035901189,0.058071016302838306,0.0643036685811522
0.43892648816108704,0.3294011950492859,0.47049116803705693,0.3414458035901189,0.058071016302838306,0.0643036685811522
0.4203031063079834,0.23821936547756195,0.47049116803705693,0.3414458035901189,0.058071016302838306,0.0643036685811522
0.5070391893386841,0.3816835284233093,0.47049116803705693,0.3414458035901189,0.058071016302838306,0.0643036685811522
0.42506852746009827,0.33324024081230164,0.47049116803705693,0.3414458035901189,0.058071016302838306,0.0643036685811522
0.5176799297332764,0.3811556100845337,0.47049116803705693,0.3414458035901189,0.058071016302838306,0.0643036685811522
0.48512566089630127,0.36372172832489014,0.47049116803705693,0.3414458035901189,0.058071016302838306,0.0643036685811522
0.4899321496486664,0.36936724185943604,0.47049116803705693,0.3414458035901189,0.058071016302838306,0.0643036685811522
0.4506460726261139,0.33611568808555603,0.47049116803705693,0.3414458035901189,0.058071016302838306,0.0643036685811522
0.49802201986312866,0.3786371648311615,0.47049116803705693,0.3414458035901189,0.058071016302838306,0.0643036685811522
0.4502912163734436,0.3493335545063019,0.47049116803705693,0.3414458035901189,0.058071016302838306,0.0643036685811522
0.49118345975875854,0.3843335211277008,0.47049116803705693,0.3414458035901189,0.058071016302838306,0.0643036685811522
0.47123438119888306,0.35300543904304504,0.47049116803705693,0.3414458035901189,0.058071016302838306,0.0643036685811522
0.37548279762268066,0.24185515940189362,0.47049116803705693,0.3414458035901189,0.058071016302838306,0.0643036685811522
0.4765830636024475,0.35556626319885254,0.47049116803705693,0.3414458035901189,0.058071016302838306,0.0643036685811522
0.4008808135986328,0.23921042680740356,0.47049116803705693,0.3414458035901189,0.058071016302838306,0.0643036685811522
0.5250672698020935,0.39251774549484253,0.47049116803705693,0.3414458035901189,0.058071016302838306,0.0643036685811522
0.47016629576683044,0.3284069895744324,0.47049116803705693,0.3414458035901189,0.058071016302838306,0.0643036685811522
0.4802161753177643,0.3594660460948944,0.47049116803705693,0.3414458035901189,0.058071016302838306,0.0643036685811522
0.4550137221813202,0.3410750925540924,0.47049116803705693,0.3414458035901189,0.058071016302838306,0.0643036685811522
0.3470049798488617,0.1953928917646408,0.47049116803705693,0.3414458035901189,0.058071016302838306,0.0643036685811522
0.40903908014297485,0.2653493583202362,0.47049116803705693,0.3414458035901189,0.058071016302838306,0.0643036685811522
0.4285787045955658,0.31759148836135864,0.47049116803705693,0.3414458035901189,0.058071016302838306,0.0643036685811522
0.5138853788375854,0.393417090177536,0.47049116803705693,0.3414458035901189,0.058071016302838306,0.0643036685811522
0.4515049159526825,0.3345467746257782,0.47049116803705693,0.3414458035901189,0.058071016302838306,0.0643036685811522
0.4769466519355774,0.3637872338294983,0.47049116803705693,0.3414458035901189,0.058071016302838306,0.0643036685811522
0.43273553252220154,0.31671983003616333,0.47049116803705693,0.3414458035901189,0.058071016302838306,0.0643036685811522
0.4556843042373657,0.34339505434036255,0.47049116803705693,0.3414458035901189,0.058071016302838306,0.0643036685811522
0.4602977931499481,0.349740594625473,0.47049116803705693,0.3414458035901189,0.058071016302838306,0.0643036685811522
0.4830928444862366,0.3592270314693451,0.47049116803705693,0.3414458035901189,0.058071016302838306,0.0643036685811522
0.48778897523880005,0.3692483901977539,0.47049116803705693,0.3414458035901189,0.058071016302838306,0.0643036685811522
0.4893389642238617,0.38719671964645386,0.47049116803705693,0.3414458035901189,0.058071016302838306,0.0643036685811522
0.3984670042991638,0.22714298963546753,0.47049116803705693,0.3414458035901189,0.058071016302838306,0.0643036685811522
0.47367897629737854,0.3207729160785675,0.47049116803705693,0.3414458035901189,0.058071016302838306,0.0643036685811522
0.42421281337738037,0.28661206364631653,0.47049116803705693,0.3414458035901189,0.058071016302838306,0.0643036685811522
0.41504770517349243,0.23251298069953918,0.47049116803705693,0.3414458035901189,0.058071016302838306,0.0643036685811522
0.4873405992984772,0.36553001403808594,0.47049116803705693,0.3414458035901189,0.058071016302838306,0.0643036685811522
0.4383479058742523,0.3361090123653412,0.47049116803705693,0.3414458035901189,0.058071016302838306,0.0643036685811522
0.4511697590351105,0.35058262944221497,0.47049116803705693,0.3414458035901189,0.058071016302838306,0.0643036685811522
0.49602243304252625,0.3742954134941101,0.47049116803705693,0.3414458035901189,0.058071016302838306,0.0643036685811522
0.4711492955684662,0.3512139320373535,0.47049116803705693,0.3414458035901189,0.058071016302838306,0.0643036685811522
0.5076318979263306,0.3818970024585724,0.47049116803705693,0.3414458035901189,0.058071016302838306,0.0643036685811522
0.5628220438957214,0.45155975222587585,0.47049116803705693,0.3414458035901189,0.058071016302838306,0.0643036685811522
0.4145999848842621,0.23626168072223663,0.47049116803705693,0.3414458035901189,0.058071016302838306,0.0643036685811522
0.4604482352733612,0.3531233072280884,0.47049116803705693,0.3414458035901189,0.058071016302838306,0.0643036685811522
0.6030271649360657,0.4287301301956177,0.47049116803705693,0.3414458035901189,0.058071016302838306,0.0643036685811522
0.4040898084640503,0.25969603657722473,0.47049116803705693,0.3414458035901189,0.058071016302838306,0.0643036685811522
0.455282986164093,0.34837526082992554,0.47049116803705693,0.3414458035901189,0.058071016302838306,0.0643036685811522
0.38458213210105896,0.21414883434772491,0.47049116803705693,0.3414458035901189,0.058071016302838306,0.0643036685811522
0.45625612139701843,0.36197683215141296,0.47049116803705693,0.3414458035901189,0.058071016302838306,0.0643036685811522
0.6200498342514038,0.500846803188324,0.47049116803705693,0.3414458035901189,0.058071016302838306,0.0643036685811522
0.4178454577922821,0.23798377811908722,0.47049116803705693,0.3414458035901189,0.058071016302838306,0.0643036685811522
0.439651757478714,0.3172324001789093,0.47049116803705693,0.3414458035901189,0.058071016302838306,0.0643036685811522
0.6467808485031128,0.5299974083900452,0.47049116803705693,0.3414458035901189,0.058071016302838306,0.0643036685811522
0.45488977432250977,0.32859015464782715,0.47049116803705693,0.3414458035901189,0.058071016302838306,0.0643036685811522
0.4848340153694153,0.3606674373149872,0.47049116803705693,0.3414458035901189,0.058071016302838306,0.0643036685811522
0.5259544253349304,0.41375309228897095,0.47049116803705693,0.3414458035901189,0.058071016302838306,0.0643036685811522
0.47205042839050293,0.28480854630470276,0.47049116803705693,0.3414458035901189,0.058071016302838306,0.0643036685811522
0.4285646975040436,0.31361332535743713,0.47049116803705693,0.3414458035901189,0.058071016302838306,0.0643036685811522
0.45843181014060974,0.3399573564529419,0.47049116803705693,0.3414458035901189,0.058071016302838306,0.0643036685811522
0.5676662921905518,0.43734410405158997,0.47049116803705693,0.3414458035901189,0.058071016302838306,0.0643036685811522
0.5362541079521179,0.41270846128463745,0.47049116803705693,0.3414458035901189,0.058071016302838306,0.0643036685811522
0.5018301606178284,0.3914297819137573,0.47049116803705693,0.3414458035901189,0.058071016302838306,0.0643036685811522
0.5391380786895752,0.4159099757671356,0.47049116803705693,0.3414458035901189,0.058071016302838306,0.0643036685811522
0.5304480791091919,0.4258944094181061,0.47049116803705693,0.3414458035901189,0.058071016302838306,0.0643036685811522
0.44151416420936584,0.34337833523750305,0.47049116803705693,0.3414458035901189,0.058071016302838306,0.0643036685811522
0.5059151649475098,0.37787798047065735,0.47049116803705693,0.3414458035901189,0.058071016302838306,0.0643036685811522
0.5377944111824036,0.39391908049583435,0.47049116803705693,0.3414458035901189,0.058071016302838306,0.0643036685811522
0.4252323806285858,0.3231726288795471,0.47049116803705693,0.3414458035901189,0.058071016302838306,0.0643036685811522
0.5269717574119568,0.4020764231681824,0.47049116803705693,0.3414458035901189,0.058071016302838306,0.0643036685811522
0.5093938112258911,0.3971436619758606,0.47049116803705693,0.3414458035901189,0.058071016302838306,0.0643036685811522
0.46673741936683655,0.3632761538028717,0.47049116803705693,0.3414458035901189,0.058071016302838306,0.0643036685811522
0.47398385405540466,0.36064767837524414,0.47049116803705693,0.3414458035901189,0.058071016302838306,0.0643036685811522
0.4569987952709198,0.3301173448562622,0.47049116803705693,0.3414458035901189,0.058071016302838306,0.0643036685811522
0.44216790795326233,0.3387511372566223,0.47049116803705693,0.3414458035901189,0.058071016302838306,0.0643036685811522
0.448324590921402,0.3472020924091339,0.47049116803705693,0.3414458035901189,0.058071016302838306,0.0643036685811522
0.43620383739471436,0.2796398401260376,0.47049116803705693,0.3414458035901189,0.058071016302838306,0.0643036685811522
0.4421505033969879,0.35086679458618164,0.47049116803705693,0.3414458035901189,0.058071016302838306,0.0643036685811522
0.5753435492515564,0.4221733808517456,0.47049116803705693,0.3414458035901189,0.058071016302838306,0.0643036685811522
0.5222592949867249,0.40944427251815796,0.47049116803705693,0.3414458035901189,0.058071016302838306,0.0643036685811522
0.3552660346031189,0.20584063231945038,0.47049116803705693,0.3414458035901189,0.058071016302838306,0.0643036685811522
0.4141645133495331,0.25596433877944946,0.47049116803705693,0.3414458035901189,0.058071016302838306,0.0643036685811522
0.47000688314437866,0.29781684279441833,0.47049116803705693,0.3414458035901189,0.058071016302838306,0.0643036685811522
0.4445399045944214,0.35659393668174744,0.47049116803705693,0.3414458035901189,0.058071016302838306,0.0643036685811522
0.4672413468360901,0.2972516119480133,0.47049116803705693,0.3414458035901189,0.058071016302838306,0.0643036685811522
0.5313016176223755,0.3486885726451874,0.47049116803705693,0.3414458035901189,0.058071016302838306,0.0643036685811522
0.4235547184944153,0.3175325393676758,0.47049116803705693,0.3414458035901189,0.058071016302838306,0.0643036685811522
0.46819645166397095,0.34928351640701294,0.47049116803705693,0.3414458035901189,0.058071016302838306,0.0643036685811522
0.46756309270858765,0.3267592787742615,0.47049116803705693,0.3414458035901189,0.058071016302838306,0.0643036685811522
0.5183475017547607,0.3838529884815216,0.47049116803705693,0.3414458035901189,0.058071016302838306,0.0643036685811522
0.5029517412185669,0.3763176500797272,0.47049116803705693,0.3414458035901189,0.058071016302838306,0.0643036685811522
0.4540552496910095,0.350410133600235,0.47049116803705693,0.3414458035901189,0.058071016302838306,0.0643036685811522
0.45058324933052063,0.32717037200927734,0.47049116803705693,0.3414458035901189,0.058071016302838306,0.0643036685811522
0.4397376477718353,0.27713364362716675,0.47049116803705693,0.3414458035901189,0.058071016302838306,0.0643036685811522
0.5194523930549622,0.35588690638542175,0.47049116803705693,0.3414458035901189,0.058071016302838306,0.0643036685811522
0.4940986931324005,0.3811362683773041,0.47049116803705693,0.3414458035901189,0.058071016302838306,0.0643036685811522
0.553955078125,0.43171054124832153,0.47049116803705693,0.3414458035901189,0.058071016302838306,0.0643036685811522
0.4408610761165619,0.3462781608104706,0.47049116803705693,0.3414458035901189,0.058071016302838306,0.0643036685811522
0.4659239649772644,0.3479967415332794,0.47049116803705693,0.3414458035901189,0.058071016302838306,0.0643036685811522
0.4406956732273102,0.3222936689853668,0.47049116803705693,0.3414458035901189,0.058071016302838306,0.0643036685811522
0.3864792287349701,0.22982023656368256,0.47049116803705693,0.3414458035901189,0.058071016302838306,0.0643036685811522
0.46120935678482056,0.3451755940914154,0.47049116803705693,0.3414458035901189,0.058071016302838306,0.0643036685811522
0.5449704527854919,0.43495070934295654,0.47049116803705693,0.3414458035901189,0.058071016302838306,0.0643036685811522
0.36963576078414917,0.2136659026145935,0.47049116803705693,0.3414458035901189,0.058071016302838306,0.0643036685811522
0.42944300174713135,0.2658788561820984,0.47049116803705693,0.3414458035901189,0.058071016302838306,0.0643036685811522
0.5287345051765442,0.39943695068359375,0.47049116803705693,0.3414458035901189,0.058071016302838306,0.0643036685811522
0.556697428226471,0.44156351685523987,0.47049116803705693,0.3414458035901189,0.058071016302838306,0.0643036685811522
0.42546898126602173,0.31508663296699524,0.47049116803705693,0.3414458035901189,0.058071016302838306,0.0643036685811522
0.514772355556488,0.3921481966972351,0.47049116803705693,0.3414458035901189,0.058071016302838306,0.0643036685811522
0.43205079436302185,0.24934634566307068,0.47049116803705693,0.3414458035901189,0.058071016302838306,0.0643036685811522
0.5050780177116394,0.3808073103427887,0.47049116803705693,0.3414458035901189,0.058071016302838306,0.0643036685811522
0.44459399580955505,0.3306557238101959,0.47049116803705693,0.3414458035901189,0.058071016302838306,0.0643036685811522
0.45605725049972534,0.3414052426815033,0.47049116803705693,0.3414458035901189,0.058071016302838306,0.0643036685811522
0.5004963278770447,0.3883267343044281,0.47049116803705693,0.3414458035901189,0.058071016302838306,0.0643036685811522
0.43824154138565063,0.2831125855445862,0.47049116803705693,0.3414458035901189,0.058071016302838306,0.0643036685811522
0.46207576990127563,0.35754719376564026,0.47049116803705693,0.3414458035901189,0.058071016302838306,0.0643036685811522
0.5197914838790894,0.32496821880340576,0.47049116803705693,0.3414458035901189,0.058071016302838306,0.0643036685811522
0.5010584592819214,0.37871965765953064,0.47049116803705693,0.3414458035901189,0.058071016302838306,0.0643036685811522
0.4460115432739258,0.33883774280548096,0.47049116803705693,0.3414458035901189,0.058071016302838306,0.0643036685811522
0.517289936542511,0.34423828125,0.47049116803705693,0.3414458035901189,0.058071016302838306,0.0643036685811522
0.47926801443099976,0.3533742427825928,0.47049116803705693,0.3414458035901189,0.058071016302838306,0.0643036685811522
0.5181300640106201,0.3973057270050049,0.47049116803705693,0.3414458035901189,0.058071016302838306,0.0643036685811522
0.4113190770149231,0.31908735632896423,0.47049116803705693,0.3414458035901189,0.058071016302838306,0.0643036685811522
0.3858579397201538,0.24254024028778076,0.47049116803705693,0.3414458035901189,0.058071016302838306,0.0643036685811522
0.4851072132587433,0.37025871872901917,0.47049116803705693,0.3414458035901189,0.058071016302838306,0.0643036685811522
0.46515244245529175,0.3336905241012573,0.47049116803705693,0.3414458035901189,0.058071016302838306,0.0643036685811522
0.4830772876739502,0.38653090596199036,0.47049116803705693,0.3414458035901189,0.058071016302838306,0.0643036685811522
0.42354950308799744,0.28420186042785645,0.47049116803705693,0.3414458035901189,0.058071016302838306,0.0643036685811522
0.44052502512931824,0.34310999512672424,0.47049116803705693,0.3414458035901189,0.058071016302838306,0.0643036685811522
0.45592209696769714,0.35335052013397217,0.47049116803705693,0.3414458035901189,0.058071016302838306,0.0643036685811522
0.4626595675945282,0.33847883343696594,0.47049116803705693,0.3414458035901189,0.058071016302838306,0.0643036685811522
0.4684281647205353,0.3197760283946991,0.47049116803705693,0.3414458035901189,0.058071016302838306,0.0643036685811522
0.5304246544837952,0.4010652005672455,0.47049116803705693,0.3414458035901189,0.058071016302838306,0.0643036685811522
0.4659283757209778,0.3541213572025299,0.47049116803705693,0.3414458035901189,0.058071016302838306,0.0643036685811522
0.49075302481651306,0.3738712668418884,0.47049116803705693,0.3414458035901189,0.058071016302838306,0.0643036685811522
0.582254946231842,0.43127861618995667,0.47049116803705693,0.3414458035901189,0.058071016302838306,0.0643036685811522
0.5008105635643005,0.3677932024002075,0.47049116803705693,0.3414458035901189,0.058071016302838306,0.0643036685811522
0.4740433394908905,0.3672597408294678,0.47049116803705693,0.3414458035901189,0.058071016302838306,0.0643036685811522
0.5242017507553101,0.41759198904037476,0.47049116803705693,0.3414458035901189,0.058071016302838306,0.0643036685811522
0.4404236674308777,0.27824851870536804,0.47049116803705693,0.3414458035901189,0.058071016302838306,0.0643036685811522
0.4932047426700592,0.3487413823604584,0.47049116803705693,0.3414458035901189,0.058071016302838306,0.0643036685811522
0.4912956953048706,0.30354875326156616,0.47049116803705693,0.3414458035901189,0.058071016302838306,0.0643036685811522
0.3483733832836151,0.2068237066268921,0.47049116803705693,0.3414458035901189,0.058071016302838306,0.0643036685811522
0.4758727550506592,0.357529878616333,0.47049116803705693,0.3414458035901189,0.058071016302838306,0.0643036685811522
0.551756739616394,0.4312201738357544,0.47049116803705693,0.3414458035901189,0.058071016302838306,0.0643036685811522
0.4833405911922455,0.3650497496128082,0.47049116803705693,0.3414458035901189,0.058071016302838306,0.0643036685811522
0.4719005823135376,0.35471782088279724,0.47049116803705693,0.3414458035901189,0.058071016302838306,0.0643036685811522
0.47699275612831116,0.35482561588287354,0.47049116803705693,0.3414458035901189,0.058071016302838306,0.0643036685811522
0.36321771144866943,0.21201473474502563,0.47049116803705693,0.3414458035901189,0.058071016302838306,0.0643036685811522
0.4508477449417114,0.3469902575016022,0.47049116803705693,0.3414458035901189,0.058071016302838306,0.0643036685811522
0.39946988224983215,0.23213258385658264,0.47049116803705693,0.3414458035901189,0.058071016302838306,0.0643036685811522
0.5061890482902527,0.389736533164978,0.47049116803705693,0.3414458035901189,0.058071016302838306,0.0643036685811522
0.48477378487586975,0.3409116268157959,0.47049116803705693,0.3414458035901189,0.058071016302838306,0.0643036685811522
0.4664915204048157,0.3484705686569214,0.47049116803705693,0.3414458035901189,0.058071016302838306,0.0643036685811522
0.4263268709182739,0.31933122873306274,0.47049116803705693,0.3414458035901189,0.058071016302838306,0.0643036685811522
0.45168784260749817,0.34661880135536194,0.47049116803705693,0.3414458035901189,0.058071016302838306,0.0643036685811522
0.4530844986438751,0.3474452495574951,0.47049116803705693,0.3414458035901189,0.058071016302838306,0.0643036685811522
0.42466285824775696,0.31318554282188416,0.47049116803705693,0.3414458035901189,0.058071016302838306,0.0643036685811522
0.38825908303260803,0.23171576857566833,0.47049116803705693,0.3414458035901189,0.058071016302838306,0.0643036685811522
0.3750048279762268,0.217657208442688,0.47049116803705693,0.3414458035901189,0.058071016302838306,0.0643036685811522
0.5014715790748596,0.32254379987716675,0.47049116803705693,0.3414458035901189,0.058071016302838306,0.0643036685811522
0.4135802388191223,0.2605375647544861,0.47049116803705693,0.3414458035901189,0.058071016302838306,0.0643036685811522
0.48667216300964355,0.36098986864089966,0.47049116803705693,0.3414458035901189,0.058071016302838306,0.0643036685811522
0.5028048157691956,0.39011555910110474,0.47049116803705693,0.3414458035901189,0.058071016302838306,0.0643036685811522
0.3325595557689667,0.1910041868686676,0.47049116803705693,0.3414458035901189,0.058071016302838306,0.0643036685811522
0.42356711626052856,0.3143758773803711,0.47049116803705693,0.3414458035901189,0.058071016302838306,0.0643036685811522
0.4375719428062439,0.3181029260158539,0.47049116803705693,0.3414458035901189,0.058071016302838306,0.0643036685811522
0.5183950066566467,0.38948875665664673,0.47049116803705693,0.3414458035901189,0.058071016302838306,0.0643036685811522
0.5448572039604187,0.38875263929367065,0.47049116803705693,0.3414458035901189,0.058071016302838306,0.0643036685811522
0.44751855731010437,0.3256888687610626,0.47049116803705693,0.3414458035901189,0.058071016302838306,0.0643036685811522
0.47124022245407104,0.3618919551372528,0.47049116803705693,0.3414458035901189,0.058071016302838306,0.0643036685811522
0.5302850604057312,0.4030974209308624,0.47049116803705693,0.3414458035901189,0.058071016302838306,0.0643036685811522
0.4820798337459564,0.3826723098754883,0.47049116803705693,0.3414458035901189,0.058071016302838306,0.0643036685811522
0.4881080090999603,0.38755834102630615,0.47049116803705693,0.3414458035901189,0.058071016302838306,0.0643036685811522
0.4981786012649536,0.3860257565975189,0.47049116803705693,0.3414458035901189,0.058071016302838306,0.0643036685811522
0.35743796825408936,0.2017853707075119,0.47049116803705693,0.3414458035901189,0.058071016302838306,0.0643036685811522
0.4619712829589844,0.34556323289871216,0.47049116803705693,0.3414458035901189,0.058071016302838306,0.0643036685811522
0.4613165557384491,0.35129907727241516,0.47049116803705693,0.3414458035901189,0.058071016302838306,0.0643036685811522
0.5545936822891235,0.43082156777381897,0.47049116803705693,0.3414458035901189,0.058071016302838306,0.0643036685811522
0.4579378068447113,0.33535417914390564,0.47049116803705693,0.3414458035901189,0.058071016302838306,0.0643036685811522
0.6301232576370239,0.504494845867157,0.47049116803705693,0.3414458035901189,0.058071016302838306,0.0643036685811522
0.507748544216156,0.38430681824684143,0.47049116803705693,0.3414458035901189,0.058071016302838306,0.0643036685811522
0.5157700181007385,0.3864124119281769,0.47049116803705693,0.3414458035901189,0.058071016302838306,0.0643036685811522
0.47948870062828064,0.3791627287864685,0.47049116803705693,0.3414458035901189,0.058071016302838306,0.0643036685811522
0.4266897737979889,0.334428995847702,0.47049116803705693,0.3414458035901189,0.058071016302838306,0.0643036685811522
0.440353661775589,0.34488168358802795,0.47049116803705693,0.3414458035901189,0.058071016302838306,0.0643036685811522
0.476998507976532,0.35845106840133667,0.47049116803705693,0.3414458035901189,0.058071016302838306,0.0643036685811522
0.420890748500824,0.2994641661643982,0.47049116803705693,0.3414458035901189,0.058071016302838306,0.0643036685811522
0.4748486280441284,0.30537280440330505,0.47049116803705693,0.3414458035901189,0.058071016302838306,0.0643036685811522
0.47953835129737854,0.34507229924201965,0.47049116803705693,0.3414458035901189,0.058071016302838306,0.0643036685811522
0.4674765169620514,0.3704002797603607,0.47049116803705693,0.3414458035901189,0.058071016302838306,0.0643036685811522
0.4711906313896179,0.3250083327293396,0.47049116803705693,0.3414458035901189,0.058071016302838306,0.0643036685811522
0.5153021812438965,0.4042673707008362,0.47049116803705693,0.3414458035901189,0.058071016302838306,0.0643036685811522
0.598849892616272,0.46002867817878723,0.47049116803705693,0.3414458035901189,0.058071016302838306,0.0643036685811522
0.449219286441803,0.3339250385761261,0.47049116803705693,0.3414458035901189,0.058071016302838306,0.0643036685811522
0.5025917291641235,0.37675583362579346,0.47049116803705693,0.3414458035901189,0.058071016302838306,0.0643036685811522
0.388638436794281,0.2712509036064148,0.47049116803705693,0.3414458035901189,0.058071016302838306,0.0643036685811522
0.4978525638580322,0.38949236273765564,0.47049116803705693,0.3414458035901189,0.058071016302838306,0.0643036685811522
0.49356237053871155,0.30963951349258423,0.47049116803705693,0.3414458035901189,0.058071016302838306,0.0643036685811522
0.4033607840538025,0.23621532320976257,0.47049116803705693,0.3414458035901189,0.058071016302838306,0.0643036685811522
0.4373973608016968,0.3245562016963959,0.47049116803705693,0.3414458035901189,0.058071016302838306,0.0643036685811522
0.4740159511566162,0.37204840779304504,0.47049116803705693,0.3414458035901189,0.058071016302838306,0.0643036685811522
0.42033490538597107,0.26145803928375244,0.47049116803705693,0.3414458035901189,0.058071016302838306,0.0643036685811522
0.42980337142944336,0.25829893350601196,0.47049116803705693,0.3414458035901189,0.058071016302838306,0.0643036685811522
0.4899689257144928,0.3781823217868805,0.47049116803705693,0.3414458035901189,0.058071016302838306,0.0643036685811522
0.6466904282569885,0.49728164076805115,0.47049116803705693,0.3414458035901189,0.058071016302838306,0.0643036685811522
