{"step":399,"_runtime":90,"_wandb":{"runtime":90},"_timestamp":1.7530804269709604e+09,"learning_rate":4.443244666666667e-06,"epoch":0,"_step":3,"grad_norm":5.664473056793213,"loss":0.11477871239185333}