{"epoch_loss":0.6804508317410946,"_timestamp":1.753860016412332e+09,"_step":5,"loss":0.17933550477027893,"learning_rate":5.5543335555555555e-06,"_runtime":54,"step":499,"epoch":0,"grad_norm":1.1953189373016357,"_wandb":{"runtime":54}}