{"_step":55,"samples":{"_type":"image-file","sha256":"8140fc31e7955d248c4000e388b3f225cf5ee52d7cc2d629fcdfcbb8ccda0647","size":1097,"path":"media/images/samples_55_8140fc31e7955d248c40.png","format":"png","width":64,"height":64},"ema_samples":{"_type":"image-file","sha256":"90673f5f8adea101fc077d593ad2fef7fe7e7a661c4a809ab2e4a96d17f69c20","size":12009,"path":"media/images/ema_samples_55_90673f5f8adea101fc07.png","format":"png","width":64,"height":64},"grad_norm":0.2810770571231842,"step":3999,"_runtime":374,"_timestamp":1.753858301916564e+09,"epoch_loss":0.04871715407446027,"epoch":7,"loss":0.04043295234441757,"learning_rate":4.444244466666666e-05,"_wandb":{"runtime":374}}