{"epoch":0,"_timestamp":1.7530951661854005e+09,"learning_rate":1.109978e-06,"step":99,"loss":1.8197264671325684,"grad_norm":12.108794212341309,"_runtime":36,"epoch_loss":1.8381039876937866,"_step":1,"_wandb":{"runtime":36}}