{"_step":164,"loss":0.03522709757089615,"grad_norm":0.20320378243923187,"step":6299,"epoch":50,"learning_rate":6.99974891111111e-05,"ema_samples":{"sha256":"b05aa8d2027377a194415aa54a6392915faa26bd42eb4654540d20ac333647ca","size":44126,"path":"media/images/ema_samples_164_b05aa8d2027377a19441.png","format":"png","width":128,"height":128,"_type":"image-file"},"_wandb":{"runtime":3585},"_timestamp":1.753099163426368e+09,"samples":{"size":11496,"path":"media/images/samples_164_dd594c8d08645b1824e4.png","format":"png","width":128,"height":128,"_type":"image-file","sha256":"dd594c8d08645b1824e4e1733c2cef26ede6a6a07762375a04cc1e3bd0ea791d"},"epoch_loss":0.04130001263320446,"_runtime":3585}