{"_wandb":{"runtime":1145},"_step":254,"epoch":125,"samples":{"sha256":"0f5dc02868a8bc164fe4592011a414dacffc0b87199e93b799d2cc028b4cbc9a","size":1170,"path":"media/images/samples_254_0f5dc02868a8bc164fe4.png","format":"png","width":32,"height":32,"_type":"image-file"},"epoch_loss":0.07387572502897631,"_timestamp":1.7539030835609357e+09,"step":2999,"_runtime":1145,"ema_samples":{"format":"png","width":32,"height":32,"_type":"image-file","sha256":"0018284407ca482a2f6a86952eff6585047e9e8b53262a2ed8e73821d448cdbe","size":3103,"path":"media/images/ema_samples_254_0018284407ca482a2f6a.png"},"learning_rate":3.333155577777778e-05,"loss":0.07755853980779648,"grad_norm":0.653679370880127}