{"_wandb":{"runtime":37170},"epoch_loss":0.022111693204846232,"ema_samples":{"_type":"image-file","sha256":"a1e946be3b681406cdac11deac79aaa5fc3fdf7156371cf6cfe9d4110603818b","size":14892,"path":"media/images/ema_samples_314_a1e946be3b681406cdac.png","format":"png","width":128,"height":128},"loss":0.03320910036563873,"_runtime":37170,"learning_rate":0.0004746498027887324,"_timestamp":1.7538986812965922e+09,"_step":314,"grad_norm":0.05916428193449974,"step":62999,"epoch":125,"samples":{"width":128,"height":128,"_type":"image-file","sha256":"fe1fe6d65293a73778e2af79b4c0cf5164fbf03b576df0720d5d2962b9644e50","size":9257,"path":"media/images/samples_314_fe1fe6d65293a73778e2.png","format":"png"}}