{"_runtime":517,"epoch":125,"ema_samples":{"format":"png","width":32,"height":32,"_type":"image-file","sha256":"e09edefdc2277823df20d1df7f54b439538b3811829b9a0355162cbe2b8a229a","size":3167,"path":"media/images/ema_samples_254_e09edefdc2277823df20.png"},"_timestamp":1.7539050474026778e+09,"epoch_loss":0.09145022952748884,"samples":{"path":"media/images/samples_254_1cc86f10fab62d805174.png","format":"png","width":32,"height":32,"_type":"image-file","sha256":"1cc86f10fab62d80517472530b43bd6a66ab9f6b73812da13e5ad3fe695e1f7b","size":1392},"loss":0.10727041959762573,"grad_norm":0.21695005893707275,"_step":254,"learning_rate":3.333155577777778e-05,"step":2999,"_wandb":{"runtime":517}}