{"_timestamp":1.753080623213812e+09,"learning_rate":1.109978e-06,"_wandb":{"runtime":92},"loss":0.5784778594970703,"grad_norm":9.418076515197754,"epoch":0,"_runtime":92,"step":99,"_step":0}