{"_timestamp":1.7530830389174578e+09,"epoch_loss":1.1838632009029388,"step":99,"grad_norm":9.438058853149414,"_step":1,"loss":0.6270170211791992,"learning_rate":1.109978e-06,"epoch":0,"_wandb":{"runtime":140},"_runtime":140}