{"_runtime":37106,"samples":{"width":128,"height":128,"_type":"image-file","sha256":"0e27c4fd7f67df89355ff34622d654a7286525d8c1c3c37a2eec8a9595dc95b2","size":5624,"path":"media/images/samples_881_0e27c4fd7f67df89355f.png","format":"png"},"step":62999,"_wandb":{"runtime":37106},"loss":0.015474595129489899,"_timestamp":1.7535198461414757e+09,"_step":881,"epoch":125,"epoch_loss":0.01932766109518707,"ema_samples":{"path":"media/images/ema_samples_881_f1cb3395e354a2459c96.png","format":"png","width":128,"height":128,"_type":"image-file","sha256":"f1cb3395e354a2459c9694193ac13c8f62fa7371390ad33eb1652597aab65860","size":14630},"grad_norm":0.1315612643957138,"learning_rate":0.0004746498027887324}