{"grad_norm":1.021775245666504,"learning_rate":5.5543335555555555e-06,"loss":0.15977072715759277,"epoch_loss":0.645093602836132,"_timestamp":1.7538577091279867e+09,"_wandb":{"runtime":94},"epoch":0,"step":499,"_step":5,"_runtime":94}