{"_step":3,"grad_norm":11.188278198242188,"learning_rate":2.2210668888888886e-06,"_timestamp":1.7530953226260397e+09,"_runtime":63,"loss":1.6396682262420654,"ema_samples":{"width":128,"height":128,"_type":"image-file","sha256":"2d01efd99e84e89d02a298e11547c06fd1a3c3ca85cfb3696adeb62fa61d33cb","size":31407,"path":"media/images/ema_samples_2_2d01efd99e84e89d02a2.png","format":"png"},"_wandb":{"runtime":63},"epoch":1,"epoch_loss":1.839986967086792,"step":199,"samples":{"format":"png","width":128,"height":128,"_type":"image-file","sha256":"cf9542bd12ac392bceed044fba7d183fd6b9c59d64bf23b33bcd7b8d32c551be","size":31891,"path":"media/images/samples_2_cf9542bd12ac392bceed.png"}}