{"_runtime":3119,"learning_rate":7.777511133333332e-05,"ema_samples":{"size":9641,"path":"media/images/ema_samples_258_b9306eb1de1552b04553.png","format":"png","width":64,"height":64,"_type":"image-file","sha256":"b9306eb1de1552b04553a57bd1f92a8bf83702cafe8e94eb4ab26b8c60738ed4"},"step":6999,"epoch_loss":0.044639153199063406,"grad_norm":0.4979640245437622,"_timestamp":1.755054170449065e+09,"samples":{"height":64,"_type":"image-file","sha256":"a0c78d8acb451b7b30c034f54f6a39969037389e37830460df9643e4b163b885","size":1494,"path":"media/images/samples_258_a0c78d8acb451b7b30c0.png","format":"png","width":64},"loss":0.050437480211257935,"_wandb":{"runtime":3119},"_step":258,"epoch":125}