l2_rel_error,l1_rel_error,mean_l2_rel_error,mean_l1_rel_error,std_l2_rel_error,std_l1_rel_error
0.3327611982822418,0.18548683822155,0.355084584698081,0.2126626256480813,0.0522509699022643,0.036211560467039064
0.29839232563972473,0.16739627718925476,0.355084584698081,0.2126626256480813,0.0522509699022643,0.036211560467039064
0.43409278988838196,0.26620951294898987,0.355084584698081,0.2126626256480813,0.0522509699022643,0.036211560467039064
0.36663180589675903,0.21090278029441833,0.355084584698081,0.2126626256480813,0.0522509699022643,0.036211560467039064
0.4359159767627716,0.2713151276111603,0.355084584698081,0.2126626256480813,0.0522509699022643,0.036211560467039064
0.3283492922782898,0.1761513352394104,0.355084584698081,0.2126626256480813,0.0522509699022643,0.036211560467039064
0.44663146138191223,0.27338388562202454,0.355084584698081,0.2126626256480813,0.0522509699022643,0.036211560467039064
0.36834579706192017,0.2070503979921341,0.355084584698081,0.2126626256480813,0.0522509699022643,0.036211560467039064
0.3394373059272766,0.21040233969688416,0.355084584698081,0.2126626256480813,0.0522509699022643,0.036211560467039064
0.38146650791168213,0.20769548416137695,0.355084584698081,0.2126626256480813,0.0522509699022643,0.036211560467039064
0.3565303385257721,0.19554466009140015,0.355084584698081,0.2126626256480813,0.0522509699022643,0.036211560467039064
0.29182252287864685,0.18355436623096466,0.355084584698081,0.2126626256480813,0.0522509699022643,0.036211560467039064
0.28439539670944214,0.1721952259540558,0.355084584698081,0.2126626256480813,0.0522509699022643,0.036211560467039064
0.34517914056777954,0.20043273270130157,0.355084584698081,0.2126626256480813,0.0522509699022643,0.036211560467039064
0.35235416889190674,0.19900643825531006,0.355084584698081,0.2126626256480813,0.0522509699022643,0.036211560467039064
0.2931877374649048,0.18479278683662415,0.355084584698081,0.2126626256480813,0.0522509699022643,0.036211560467039064
0.4273681938648224,0.27501624822616577,0.355084584698081,0.2126626256480813,0.0522509699022643,0.036211560467039064
0.4020613133907318,0.2399996519088745,0.355084584698081,0.2126626256480813,0.0522509699022643,0.036211560467039064
0.3042369484901428,0.16764335334300995,0.355084584698081,0.2126626256480813,0.0522509699022643,0.036211560467039064
0.29846346378326416,0.16455784440040588,0.355084584698081,0.2126626256480813,0.0522509699022643,0.036211560467039064
0.3834657669067383,0.22380506992340088,0.355084584698081,0.2126626256480813,0.0522509699022643,0.036211560467039064
0.30061519145965576,0.16535846889019012,0.355084584698081,0.2126626256480813,0.0522509699022643,0.036211560467039064
0.404227077960968,0.2397163212299347,0.355084584698081,0.2126626256480813,0.0522509699022643,0.036211560467039064
0.30860990285873413,0.20028510689735413,0.355084584698081,0.2126626256480813,0.0522509699022643,0.036211560467039064
0.42602160573005676,0.2429756224155426,0.355084584698081,0.2126626256480813,0.0522509699022643,0.036211560467039064
0.3892108201980591,0.243605837225914,0.355084584698081,0.2126626256480813,0.0522509699022643,0.036211560467039064
0.43278634548187256,0.2714775800704956,0.355084584698081,0.2126626256480813,0.0522509699022643,0.036211560467039064
0.36490967869758606,0.21649371087551117,0.355084584698081,0.2126626256480813,0.0522509699022643,0.036211560467039064
0.43479815125465393,0.2743872404098511,0.355084584698081,0.2126626256480813,0.0522509699022643,0.036211560467039064
0.44683218002319336,0.28241971135139465,0.355084584698081,0.2126626256480813,0.0522509699022643,0.036211560467039064
0.36734649538993835,0.20206496119499207,0.355084584698081,0.2126626256480813,0.0522509699022643,0.036211560467039064
0.2890280783176422,0.18273676931858063,0.355084584698081,0.2126626256480813,0.0522509699022643,0.036211560467039064
0.31945446133613586,0.1672484576702118,0.355084584698081,0.2126626256480813,0.0522509699022643,0.036211560467039064
0.4250054657459259,0.2689063549041748,0.355084584698081,0.2126626256480813,0.0522509699022643,0.036211560467039064
0.37875303626060486,0.22086244821548462,0.355084584698081,0.2126626256480813,0.0522509699022643,0.036211560467039064
0.4001886546611786,0.2386786937713623,0.355084584698081,0.2126626256480813,0.0522509699022643,0.036211560467039064
0.3109087646007538,0.20212292671203613,0.355084584698081,0.2126626256480813,0.0522509699022643,0.036211560467039064
0.44879409670829773,0.29027169942855835,0.355084584698081,0.2126626256480813,0.0522509699022643,0.036211560467039064
0.31461113691329956,0.2017165720462799,0.355084584698081,0.2126626256480813,0.0522509699022643,0.036211560467039064
0.3876263499259949,0.2516848146915436,0.355084584698081,0.2126626256480813,0.0522509699022643,0.036211560467039064
0.27337875962257385,0.16079773008823395,0.355084584698081,0.2126626256480813,0.0522509699022643,0.036211560467039064
0.32855546474456787,0.1977061629295349,0.355084584698081,0.2126626256480813,0.0522509699022643,0.036211560467039064
0.3031039535999298,0.18488505482673645,0.355084584698081,0.2126626256480813,0.0522509699022643,0.036211560467039064
0.3155525028705597,0.2136102020740509,0.355084584698081,0.2126626256480813,0.0522509699022643,0.036211560467039064
0.3046658933162689,0.20660676062107086,0.355084584698081,0.2126626256480813,0.0522509699022643,0.036211560467039064
0.40054360032081604,0.22359102964401245,0.355084584698081,0.2126626256480813,0.0522509699022643,0.036211560467039064
0.3898676335811615,0.25213488936424255,0.355084584698081,0.2126626256480813,0.0522509699022643,0.036211560467039064
0.3217983841896057,0.2061244696378708,0.355084584698081,0.2126626256480813,0.0522509699022643,0.036211560467039064
0.38734665513038635,0.23178371787071228,0.355084584698081,0.2126626256480813,0.0522509699022643,0.036211560467039064
0.31980472803115845,0.19114136695861816,0.355084584698081,0.2126626256480813,0.0522509699022643,0.036211560467039064
0.3054914176464081,0.16734810173511505,0.355084584698081,0.2126626256480813,0.0522509699022643,0.036211560467039064
0.3220348060131073,0.1873427778482437,0.355084584698081,0.2126626256480813,0.0522509699022643,0.036211560467039064
0.4161180257797241,0.2600976228713989,0.355084584698081,0.2126626256480813,0.0522509699022643,0.036211560467039064
0.3134094476699829,0.17973972856998444,0.355084584698081,0.2126626256480813,0.0522509699022643,0.036211560467039064
0.4058802127838135,0.25500163435935974,0.355084584698081,0.2126626256480813,0.0522509699022643,0.036211560467039064
0.3953685760498047,0.22894293069839478,0.355084584698081,0.2126626256480813,0.0522509699022643,0.036211560467039064
0.3609825372695923,0.20444978773593903,0.355084584698081,0.2126626256480813,0.0522509699022643,0.036211560467039064
0.3909151554107666,0.2458483874797821,0.355084584698081,0.2126626256480813,0.0522509699022643,0.036211560467039064
0.32133689522743225,0.20065276324748993,0.355084584698081,0.2126626256480813,0.0522509699022643,0.036211560467039064
0.4193214178085327,0.2618379294872284,0.355084584698081,0.2126626256480813,0.0522509699022643,0.036211560467039064
0.2837020754814148,0.16299623250961304,0.355084584698081,0.2126626256480813,0.0522509699022643,0.036211560467039064
0.4400842785835266,0.2826077938079834,0.355084584698081,0.2126626256480813,0.0522509699022643,0.036211560467039064
0.32161977887153625,0.17157690227031708,0.355084584698081,0.2126626256480813,0.0522509699022643,0.036211560467039064
0.3149276673793793,0.172312930226326,0.355084584698081,0.2126626256480813,0.0522509699022643,0.036211560467039064
0.277876615524292,0.17843712866306305,0.355084584698081,0.2126626256480813,0.0522509699022643,0.036211560467039064
0.44247519969940186,0.2847677767276764,0.355084584698081,0.2126626256480813,0.0522509699022643,0.036211560467039064
0.28898411989212036,0.18306273221969604,0.355084584698081,0.2126626256480813,0.0522509699022643,0.036211560467039064
0.39835864305496216,0.2442064732313156,0.355084584698081,0.2126626256480813,0.0522509699022643,0.036211560467039064
0.42671507596969604,0.26078444719314575,0.355084584698081,0.2126626256480813,0.0522509699022643,0.036211560467039064
0.4072571098804474,0.23885731399059296,0.355084584698081,0.2126626256480813,0.0522509699022643,0.036211560467039064
0.4453321695327759,0.2778340280056,0.355084584698081,0.2126626256480813,0.0522509699022643,0.036211560467039064
0.40115994215011597,0.24236470460891724,0.355084584698081,0.2126626256480813,0.0522509699022643,0.036211560467039064
0.4258299469947815,0.26766037940979004,0.355084584698081,0.2126626256480813,0.0522509699022643,0.036211560467039064
0.35450389981269836,0.22764411568641663,0.355084584698081,0.2126626256480813,0.0522509699022643,0.036211560467039064
0.24567446112632751,0.13871583342552185,0.355084584698081,0.2126626256480813,0.0522509699022643,0.036211560467039064
0.30896154046058655,0.1719628870487213,0.355084584698081,0.2126626256480813,0.0522509699022643,0.036211560467039064
0.4285266399383545,0.2706402540206909,0.355084584698081,0.2126626256480813,0.0522509699022643,0.036211560467039064
0.28903743624687195,0.17831820249557495,0.355084584698081,0.2126626256480813,0.0522509699022643,0.036211560467039064
0.39803847670555115,0.2342449575662613,0.355084584698081,0.2126626256480813,0.0522509699022643,0.036211560467039064
0.29923683404922485,0.1862504482269287,0.355084584698081,0.2126626256480813,0.0522509699022643,0.036211560467039064
0.3984934687614441,0.2499806433916092,0.355084584698081,0.2126626256480813,0.0522509699022643,0.036211560467039064
0.38417696952819824,0.21982009708881378,0.355084584698081,0.2126626256480813,0.0522509699022643,0.036211560467039064
0.29962965846061707,0.17690561711788177,0.355084584698081,0.2126626256480813,0.0522509699022643,0.036211560467039064
0.28020602464675903,0.15596848726272583,0.355084584698081,0.2126626256480813,0.0522509699022643,0.036211560467039064
0.4300224483013153,0.26721879839897156,0.355084584698081,0.2126626256480813,0.0522509699022643,0.036211560467039064
0.3085348904132843,0.2023801952600479,0.355084584698081,0.2126626256480813,0.0522509699022643,0.036211560467039064
0.3297044038772583,0.17402859032154083,0.355084584698081,0.2126626256480813,0.0522509699022643,0.036211560467039064
0.31735143065452576,0.17610973119735718,0.355084584698081,0.2126626256480813,0.0522509699022643,0.036211560467039064
0.3550736606121063,0.2140810340642929,0.355084584698081,0.2126626256480813,0.0522509699022643,0.036211560467039064
0.3404842019081116,0.2159641534090042,0.355084584698081,0.2126626256480813,0.0522509699022643,0.036211560467039064
0.3329516351222992,0.17306245863437653,0.355084584698081,0.2126626256480813,0.0522509699022643,0.036211560467039064
0.3184574842453003,0.1948857307434082,0.355084584698081,0.2126626256480813,0.0522509699022643,0.036211560467039064
0.27358028292655945,0.15498872101306915,0.355084584698081,0.2126626256480813,0.0522509699022643,0.036211560467039064
0.4023096561431885,0.24708034098148346,0.355084584698081,0.2126626256480813,0.0522509699022643,0.036211560467039064
0.3669407069683075,0.21676328778266907,0.355084584698081,0.2126626256480813,0.0522509699022643,0.036211560467039064
0.37396952509880066,0.21931599080562592,0.355084584698081,0.2126626256480813,0.0522509699022643,0.036211560467039064
0.2675952911376953,0.15500882267951965,0.355084584698081,0.2126626256480813,0.0522509699022643,0.036211560467039064
0.3981107175350189,0.2222764492034912,0.355084584698081,0.2126626256480813,0.0522509699022643,0.036211560467039064
0.3598015308380127,0.20860809087753296,0.355084584698081,0.2126626256480813,0.0522509699022643,0.036211560467039064
0.4049951136112213,0.23731108009815216,0.355084584698081,0.2126626256480813,0.0522509699022643,0.036211560467039064
0.2607017159461975,0.1449735015630722,0.355084584698081,0.2126626256480813,0.0522509699022643,0.036211560467039064
0.302223265171051,0.17538386583328247,0.355084584698081,0.2126626256480813,0.0522509699022643,0.036211560467039064
0.3028312027454376,0.19389863312244415,0.355084584698081,0.2126626256480813,0.0522509699022643,0.036211560467039064
0.43245917558670044,0.27599307894706726,0.355084584698081,0.2126626256480813,0.0522509699022643,0.036211560467039064
0.39158210158348083,0.22766238451004028,0.355084584698081,0.2126626256480813,0.0522509699022643,0.036211560467039064
0.30687037110328674,0.20442335307598114,0.355084584698081,0.2126626256480813,0.0522509699022643,0.036211560467039064
0.3800615668296814,0.21169906854629517,0.355084584698081,0.2126626256480813,0.0522509699022643,0.036211560467039064
0.2757002115249634,0.16575762629508972,0.355084584698081,0.2126626256480813,0.0522509699022643,0.036211560467039064
0.4405013918876648,0.28282374143600464,0.355084584698081,0.2126626256480813,0.0522509699022643,0.036211560467039064
0.2750933766365051,0.16728851199150085,0.355084584698081,0.2126626256480813,0.0522509699022643,0.036211560467039064
0.3275707960128784,0.2158333659172058,0.355084584698081,0.2126626256480813,0.0522509699022643,0.036211560467039064
0.3516358435153961,0.19622214138507843,0.355084584698081,0.2126626256480813,0.0522509699022643,0.036211560467039064
0.29749467968940735,0.19532504677772522,0.355084584698081,0.2126626256480813,0.0522509699022643,0.036211560467039064
0.3292737603187561,0.22752349078655243,0.355084584698081,0.2126626256480813,0.0522509699022643,0.036211560467039064
0.37697747349739075,0.209682896733284,0.355084584698081,0.2126626256480813,0.0522509699022643,0.036211560467039064
0.39681023359298706,0.23288609087467194,0.355084584698081,0.2126626256480813,0.0522509699022643,0.036211560467039064
0.32800114154815674,0.18687739968299866,0.355084584698081,0.2126626256480813,0.0522509699022643,0.036211560467039064
0.31287825107574463,0.19859082996845245,0.355084584698081,0.2126626256480813,0.0522509699022643,0.036211560467039064
0.43406304717063904,0.2709665894508362,0.355084584698081,0.2126626256480813,0.0522509699022643,0.036211560467039064
0.38451939821243286,0.2227051705121994,0.355084584698081,0.2126626256480813,0.0522509699022643,0.036211560467039064
0.3394453525543213,0.22210711240768433,0.355084584698081,0.2126626256480813,0.0522509699022643,0.036211560467039064
0.45449310541152954,0.2863237261772156,0.355084584698081,0.2126626256480813,0.0522509699022643,0.036211560467039064
0.29747191071510315,0.16188818216323853,0.355084584698081,0.2126626256480813,0.0522509699022643,0.036211560467039064
0.27438831329345703,0.17209146916866302,0.355084584698081,0.2126626256480813,0.0522509699022643,0.036211560467039064
0.3698507249355316,0.20932433009147644,0.355084584698081,0.2126626256480813,0.0522509699022643,0.036211560467039064
0.43417662382125854,0.26564866304397583,0.355084584698081,0.2126626256480813,0.0522509699022643,0.036211560467039064
0.2794322371482849,0.15923789143562317,0.355084584698081,0.2126626256480813,0.0522509699022643,0.036211560467039064
0.28879404067993164,0.18675151467323303,0.355084584698081,0.2126626256480813,0.0522509699022643,0.036211560467039064
0.2774924337863922,0.15967606008052826,0.355084584698081,0.2126626256480813,0.0522509699022643,0.036211560467039064
0.41500723361968994,0.2578376233577728,0.355084584698081,0.2126626256480813,0.0522509699022643,0.036211560467039064
0.37099170684814453,0.21904365718364716,0.355084584698081,0.2126626256480813,0.0522509699022643,0.036211560467039064
0.332508385181427,0.18874824047088623,0.355084584698081,0.2126626256480813,0.0522509699022643,0.036211560467039064
0.31628644466400146,0.17767030000686646,0.355084584698081,0.2126626256480813,0.0522509699022643,0.036211560467039064
0.3342687785625458,0.19600705802440643,0.355084584698081,0.2126626256480813,0.0522509699022643,0.036211560467039064
0.36743342876434326,0.2066955417394638,0.355084584698081,0.2126626256480813,0.0522509699022643,0.036211560467039064
0.3282763957977295,0.18446049094200134,0.355084584698081,0.2126626256480813,0.0522509699022643,0.036211560467039064
0.37190917134284973,0.20306415855884552,0.355084584698081,0.2126626256480813,0.0522509699022643,0.036211560467039064
0.41648200154304504,0.2642086446285248,0.355084584698081,0.2126626256480813,0.0522509699022643,0.036211560467039064
0.31077224016189575,0.21297024190425873,0.355084584698081,0.2126626256480813,0.0522509699022643,0.036211560467039064
0.3036082088947296,0.19279250502586365,0.355084584698081,0.2126626256480813,0.0522509699022643,0.036211560467039064
0.35670238733291626,0.2213682383298874,0.355084584698081,0.2126626256480813,0.0522509699022643,0.036211560467039064
0.3953247368335724,0.2488836646080017,0.355084584698081,0.2126626256480813,0.0522509699022643,0.036211560467039064
0.38399356603622437,0.23518365621566772,0.355084584698081,0.2126626256480813,0.0522509699022643,0.036211560467039064
0.3068491220474243,0.18654122948646545,0.355084584698081,0.2126626256480813,0.0522509699022643,0.036211560467039064
0.38129279017448425,0.20719870924949646,0.355084584698081,0.2126626256480813,0.0522509699022643,0.036211560467039064
0.4041905701160431,0.24568727612495422,0.355084584698081,0.2126626256480813,0.0522509699022643,0.036211560467039064
0.3783237338066101,0.2226063758134842,0.355084584698081,0.2126626256480813,0.0522509699022643,0.036211560467039064
0.410990446805954,0.2521659731864929,0.355084584698081,0.2126626256480813,0.0522509699022643,0.036211560467039064
0.31475114822387695,0.17828787863254547,0.355084584698081,0.2126626256480813,0.0522509699022643,0.036211560467039064
0.39239779114723206,0.23545648157596588,0.355084584698081,0.2126626256480813,0.0522509699022643,0.036211560467039064
0.2776045501232147,0.15869413316249847,0.355084584698081,0.2126626256480813,0.0522509699022643,0.036211560467039064
0.3213062286376953,0.18203502893447876,0.355084584698081,0.2126626256480813,0.0522509699022643,0.036211560467039064
0.4062347114086151,0.24384407699108124,0.355084584698081,0.2126626256480813,0.0522509699022643,0.036211560467039064
0.3101741075515747,0.20294466614723206,0.355084584698081,0.2126626256480813,0.0522509699022643,0.036211560467039064
0.3653264343738556,0.20811963081359863,0.355084584698081,0.2126626256480813,0.0522509699022643,0.036211560467039064
0.37626728415489197,0.212304949760437,0.355084584698081,0.2126626256480813,0.0522509699022643,0.036211560467039064
0.3373214602470398,0.19029422104358673,0.355084584698081,0.2126626256480813,0.0522509699022643,0.036211560467039064
0.2729542851448059,0.15748032927513123,0.355084584698081,0.2126626256480813,0.0522509699022643,0.036211560467039064
0.37606555223464966,0.2287551909685135,0.355084584698081,0.2126626256480813,0.0522509699022643,0.036211560467039064
0.3089063763618469,0.20392021536827087,0.355084584698081,0.2126626256480813,0.0522509699022643,0.036211560467039064
0.37532466650009155,0.21920377016067505,0.355084584698081,0.2126626256480813,0.0522509699022643,0.036211560467039064
0.29537829756736755,0.18210749328136444,0.355084584698081,0.2126626256480813,0.0522509699022643,0.036211560467039064
0.40957212448120117,0.25266361236572266,0.355084584698081,0.2126626256480813,0.0522509699022643,0.036211560467039064
0.2815663516521454,0.17348673939704895,0.355084584698081,0.2126626256480813,0.0522509699022643,0.036211560467039064
0.28846991062164307,0.18178772926330566,0.355084584698081,0.2126626256480813,0.0522509699022643,0.036211560467039064
0.31512928009033203,0.17469371855258942,0.355084584698081,0.2126626256480813,0.0522509699022643,0.036211560467039064
0.4410545229911804,0.269447386264801,0.355084584698081,0.2126626256480813,0.0522509699022643,0.036211560467039064
0.3236733078956604,0.1693868488073349,0.355084584698081,0.2126626256480813,0.0522509699022643,0.036211560467039064
0.2791860103607178,0.1672966331243515,0.355084584698081,0.2126626256480813,0.0522509699022643,0.036211560467039064
0.2858434319496155,0.15927204489707947,0.355084584698081,0.2126626256480813,0.0522509699022643,0.036211560467039064
0.33071979880332947,0.17852064967155457,0.355084584698081,0.2126626256480813,0.0522509699022643,0.036211560467039064
0.28778979182243347,0.17818118631839752,0.355084584698081,0.2126626256480813,0.0522509699022643,0.036211560467039064
0.3228994607925415,0.20754849910736084,0.355084584698081,0.2126626256480813,0.0522509699022643,0.036211560467039064
0.31512758135795593,0.21084539592266083,0.355084584698081,0.2126626256480813,0.0522509699022643,0.036211560467039064
0.37527981400489807,0.20620085299015045,0.355084584698081,0.2126626256480813,0.0522509699022643,0.036211560467039064
0.31712648272514343,0.1966513693332672,0.355084584698081,0.2126626256480813,0.0522509699022643,0.036211560467039064
0.28083336353302,0.17212340235710144,0.355084584698081,0.2126626256480813,0.0522509699022643,0.036211560467039064
0.4097268879413605,0.24334977567195892,0.355084584698081,0.2126626256480813,0.0522509699022643,0.036211560467039064
0.3619277775287628,0.20759305357933044,0.355084584698081,0.2126626256480813,0.0522509699022643,0.036211560467039064
0.2664124369621277,0.15372620522975922,0.355084584698081,0.2126626256480813,0.0522509699022643,0.036211560467039064
0.351662278175354,0.18921683728694916,0.355084584698081,0.2126626256480813,0.0522509699022643,0.036211560467039064
0.2720884382724762,0.14731600880622864,0.355084584698081,0.2126626256480813,0.0522509699022643,0.036211560467039064
0.40706121921539307,0.24475444853305817,0.355084584698081,0.2126626256480813,0.0522509699022643,0.036211560467039064
0.3804481625556946,0.2059054672718048,0.355084584698081,0.2126626256480813,0.0522509699022643,0.036211560467039064
0.32626742124557495,0.18939849734306335,0.355084584698081,0.2126626256480813,0.0522509699022643,0.036211560467039064
0.3984122574329376,0.24235598742961884,0.355084584698081,0.2126626256480813,0.0522509699022643,0.036211560467039064
0.3209856152534485,0.1833612024784088,0.355084584698081,0.2126626256480813,0.0522509699022643,0.036211560467039064
0.39481210708618164,0.23136427998542786,0.355084584698081,0.2126626256480813,0.0522509699022643,0.036211560467039064
0.36089664697647095,0.1946963220834732,0.355084584698081,0.2126626256480813,0.0522509699022643,0.036211560467039064
0.2962283492088318,0.1850796788930893,0.355084584698081,0.2126626256480813,0.0522509699022643,0.036211560467039064
0.4254648983478546,0.2602812945842743,0.355084584698081,0.2126626256480813,0.0522509699022643,0.036211560467039064
0.3368285894393921,0.22584059834480286,0.355084584698081,0.2126626256480813,0.0522509699022643,0.036211560467039064
0.31238415837287903,0.1890050619840622,0.355084584698081,0.2126626256480813,0.0522509699022643,0.036211560467039064
0.41649192571640015,0.24840721487998962,0.355084584698081,0.2126626256480813,0.0522509699022643,0.036211560467039064
0.30974438786506653,0.1895642727613449,0.355084584698081,0.2126626256480813,0.0522509699022643,0.036211560467039064
0.30897966027259827,0.17449210584163666,0.355084584698081,0.2126626256480813,0.0522509699022643,0.036211560467039064
0.43121692538261414,0.26791125535964966,0.355084584698081,0.2126626256480813,0.0522509699022643,0.036211560467039064
0.41771578788757324,0.2470761388540268,0.355084584698081,0.2126626256480813,0.0522509699022643,0.036211560467039064
0.28474724292755127,0.17514656484127045,0.355084584698081,0.2126626256480813,0.0522509699022643,0.036211560467039064
0.3266369104385376,0.20815101265907288,0.355084584698081,0.2126626256480813,0.0522509699022643,0.036211560467039064
0.3792732357978821,0.2176375687122345,0.355084584698081,0.2126626256480813,0.0522509699022643,0.036211560467039064
0.38013118505477905,0.23370720446109772,0.355084584698081,0.2126626256480813,0.0522509699022643,0.036211560467039064
0.3863624930381775,0.2500913143157959,0.355084584698081,0.2126626256480813,0.0522509699022643,0.036211560467039064
0.30084899067878723,0.19138184189796448,0.355084584698081,0.2126626256480813,0.0522509699022643,0.036211560467039064
0.39417871832847595,0.24368515610694885,0.355084584698081,0.2126626256480813,0.0522509699022643,0.036211560467039064
0.44278040528297424,0.28922227025032043,0.355084584698081,0.2126626256480813,0.0522509699022643,0.036211560467039064
0.30628702044487,0.17942054569721222,0.355084584698081,0.2126626256480813,0.0522509699022643,0.036211560467039064
0.2871452271938324,0.18233859539031982,0.355084584698081,0.2126626256480813,0.0522509699022643,0.036211560467039064
0.35174328088760376,0.1986989974975586,0.355084584698081,0.2126626256480813,0.0522509699022643,0.036211560467039064
0.2582383453845978,0.1626822054386139,0.355084584698081,0.2126626256480813,0.0522509699022643,0.036211560467039064
0.3240438997745514,0.17960911989212036,0.355084584698081,0.2126626256480813,0.0522509699022643,0.036211560467039064
0.33777090907096863,0.1894940435886383,0.355084584698081,0.2126626256480813,0.0522509699022643,0.036211560467039064
0.28186002373695374,0.17144709825515747,0.355084584698081,0.2126626256480813,0.0522509699022643,0.036211560467039064
0.2720312774181366,0.15893936157226562,0.355084584698081,0.2126626256480813,0.0522509699022643,0.036211560467039064
0.3526143729686737,0.2032935470342636,0.355084584698081,0.2126626256480813,0.0522509699022643,0.036211560467039064
0.4086278975009918,0.2504534423351288,0.355084584698081,0.2126626256480813,0.0522509699022643,0.036211560467039064
0.32490646839141846,0.2039872705936432,0.355084584698081,0.2126626256480813,0.0522509699022643,0.036211560467039064
0.4010595977306366,0.2203715294599533,0.355084584698081,0.2126626256480813,0.0522509699022643,0.036211560467039064
0.40102627873420715,0.22333863377571106,0.355084584698081,0.2126626256480813,0.0522509699022643,0.036211560467039064
0.3408393859863281,0.18211165070533752,0.355084584698081,0.2126626256480813,0.0522509699022643,0.036211560467039064
0.3948763310909271,0.22529353201389313,0.355084584698081,0.2126626256480813,0.0522509699022643,0.036211560467039064
0.31757718324661255,0.17771713435649872,0.355084584698081,0.2126626256480813,0.0522509699022643,0.036211560467039064
0.3098577857017517,0.19810694456100464,0.355084584698081,0.2126626256480813,0.0522509699022643,0.036211560467039064
0.27195805311203003,0.16263681650161743,0.355084584698081,0.2126626256480813,0.0522509699022643,0.036211560467039064
0.2841048240661621,0.16615630686283112,0.355084584698081,0.2126626256480813,0.0522509699022643,0.036211560467039064
0.2598196566104889,0.15540754795074463,0.355084584698081,0.2126626256480813,0.0522509699022643,0.036211560467039064
0.4120596945285797,0.2544476091861725,0.355084584698081,0.2126626256480813,0.0522509699022643,0.036211560467039064
0.3008672595024109,0.1880834400653839,0.355084584698081,0.2126626256480813,0.0522509699022643,0.036211560467039064
0.4080606997013092,0.2356831580400467,0.355084584698081,0.2126626256480813,0.0522509699022643,0.036211560467039064
0.4047938287258148,0.24375715851783752,0.355084584698081,0.2126626256480813,0.0522509699022643,0.036211560467039064
0.3106899857521057,0.19638589024543762,0.355084584698081,0.2126626256480813,0.0522509699022643,0.036211560467039064
0.38582944869995117,0.2269206941127777,0.355084584698081,0.2126626256480813,0.0522509699022643,0.036211560467039064
0.381528377532959,0.20664985477924347,0.355084584698081,0.2126626256480813,0.0522509699022643,0.036211560467039064
0.4072176218032837,0.2574537396430969,0.355084584698081,0.2126626256480813,0.0522509699022643,0.036211560467039064
0.3688202202320099,0.20617079734802246,0.355084584698081,0.2126626256480813,0.0522509699022643,0.036211560467039064
0.3269813060760498,0.1793917417526245,0.355084584698081,0.2126626256480813,0.0522509699022643,0.036211560467039064
0.39805591106414795,0.25054511427879333,0.355084584698081,0.2126626256480813,0.0522509699022643,0.036211560467039064
0.32363513112068176,0.18649110198020935,0.355084584698081,0.2126626256480813,0.0522509699022643,0.036211560467039064
0.397943913936615,0.24920964241027832,0.355084584698081,0.2126626256480813,0.0522509699022643,0.036211560467039064
0.279437392950058,0.16884511709213257,0.355084584698081,0.2126626256480813,0.0522509699022643,0.036211560467039064
0.4283066689968109,0.2684599757194519,0.355084584698081,0.2126626256480813,0.0522509699022643,0.036211560467039064
0.3069431483745575,0.18733982741832733,0.355084584698081,0.2126626256480813,0.0522509699022643,0.036211560467039064
0.3477039337158203,0.19795465469360352,0.355084584698081,0.2126626256480813,0.0522509699022643,0.036211560467039064
0.4059560000896454,0.25313225388526917,0.355084584698081,0.2126626256480813,0.0522509699022643,0.036211560467039064
0.34423956274986267,0.18391606211662292,0.355084584698081,0.2126626256480813,0.0522509699022643,0.036211560467039064
0.3275550901889801,0.1806783527135849,0.355084584698081,0.2126626256480813,0.0522509699022643,0.036211560467039064
0.26589876413345337,0.1532636284828186,0.355084584698081,0.2126626256480813,0.0522509699022643,0.036211560467039064
0.4087366759777069,0.24660949409008026,0.355084584698081,0.2126626256480813,0.0522509699022643,0.036211560467039064
0.424180805683136,0.2474714070558548,0.355084584698081,0.2126626256480813,0.0522509699022643,0.036211560467039064
0.4196915328502655,0.25495854020118713,0.355084584698081,0.2126626256480813,0.0522509699022643,0.036211560467039064
0.41050422191619873,0.26025381684303284,0.355084584698081,0.2126626256480813,0.0522509699022643,0.036211560467039064
0.3647799789905548,0.2188819795846939,0.355084584698081,0.2126626256480813,0.0522509699022643,0.036211560467039064
0.4034191966056824,0.24139097332954407,0.355084584698081,0.2126626256480813,0.0522509699022643,0.036211560467039064
0.4024578630924225,0.24248306453227997,0.355084584698081,0.2126626256480813,0.0522509699022643,0.036211560467039064
0.4068169891834259,0.2583670914173126,0.355084584698081,0.2126626256480813,0.0522509699022643,0.036211560467039064
0.3853273093700409,0.2097695767879486,0.355084584698081,0.2126626256480813,0.0522509699022643,0.036211560467039064
0.30330491065979004,0.16235314309597015,0.355084584698081,0.2126626256480813,0.0522509699022643,0.036211560467039064
0.3431597948074341,0.18245409429073334,0.355084584698081,0.2126626256480813,0.0522509699022643,0.036211560467039064
0.3400730788707733,0.1903093159198761,0.355084584698081,0.2126626256480813,0.0522509699022643,0.036211560467039064
0.3657277822494507,0.2080022394657135,0.355084584698081,0.2126626256480813,0.0522509699022643,0.036211560467039064
0.29821687936782837,0.1880834400653839,0.355084584698081,0.2126626256480813,0.0522509699022643,0.036211560467039064
0.36362406611442566,0.19702468812465668,0.355084584698081,0.2126626256480813,0.0522509699022643,0.036211560467039064
0.3689761757850647,0.20364123582839966,0.355084584698081,0.2126626256480813,0.0522509699022643,0.036211560467039064
0.4092330038547516,0.2475936859846115,0.355084584698081,0.2126626256480813,0.0522509699022643,0.036211560467039064
0.29693305492401123,0.16969825327396393,0.355084584698081,0.2126626256480813,0.0522509699022643,0.036211560467039064
0.35683366656303406,0.19649843871593475,0.355084584698081,0.2126626256480813,0.0522509699022643,0.036211560467039064
0.35733693838119507,0.2004515677690506,0.355084584698081,0.2126626256480813,0.0522509699022643,0.036211560467039064
0.31276941299438477,0.1974104642868042,0.355084584698081,0.2126626256480813,0.0522509699022643,0.036211560467039064
0.43595603108406067,0.27230319380760193,0.355084584698081,0.2126626256480813,0.0522509699022643,0.036211560467039064
0.2637137770652771,0.15727508068084717,0.355084584698081,0.2126626256480813,0.0522509699022643,0.036211560467039064
0.37038448452949524,0.22429989278316498,0.355084584698081,0.2126626256480813,0.0522509699022643,0.036211560467039064
0.4118088483810425,0.2343876212835312,0.355084584698081,0.2126626256480813,0.0522509699022643,0.036211560467039064
0.28408336639404297,0.15660661458969116,0.355084584698081,0.2126626256480813,0.0522509699022643,0.036211560467039064
0.43225187063217163,0.269249826669693,0.355084584698081,0.2126626256480813,0.0522509699022643,0.036211560467039064
0.3276776671409607,0.21308085322380066,0.355084584698081,0.2126626256480813,0.0522509699022643,0.036211560467039064
0.38767677545547485,0.23284296691417694,0.355084584698081,0.2126626256480813,0.0522509699022643,0.036211560467039064
0.2627413868904114,0.1612451672554016,0.355084584698081,0.2126626256480813,0.0522509699022643,0.036211560467039064
0.3015170693397522,0.19214171171188354,0.355084584698081,0.2126626256480813,0.0522509699022643,0.036211560467039064
0.4219849407672882,0.2609831392765045,0.355084584698081,0.2126626256480813,0.0522509699022643,0.036211560467039064
0.2797642946243286,0.15643970668315887,0.355084584698081,0.2126626256480813,0.0522509699022643,0.036211560467039064
0.40816983580589294,0.25768086314201355,0.355084584698081,0.2126626256480813,0.0522509699022643,0.036211560467039064
0.4060197174549103,0.24563953280448914,0.355084584698081,0.2126626256480813,0.0522509699022643,0.036211560467039064
0.30763018131256104,0.19319428503513336,0.355084584698081,0.2126626256480813,0.0522509699022643,0.036211560467039064
0.26683124899864197,0.14951901137828827,0.355084584698081,0.2126626256480813,0.0522509699022643,0.036211560467039064
0.41282007098197937,0.2576448321342468,0.355084584698081,0.2126626256480813,0.0522509699022643,0.036211560467039064
0.3515806794166565,0.20140253007411957,0.355084584698081,0.2126626256480813,0.0522509699022643,0.036211560467039064
0.2928578853607178,0.16891944408416748,0.355084584698081,0.2126626256480813,0.0522509699022643,0.036211560467039064
0.4303918480873108,0.27730926871299744,0.355084584698081,0.2126626256480813,0.0522509699022643,0.036211560467039064
0.42822393774986267,0.262644499540329,0.355084584698081,0.2126626256480813,0.0522509699022643,0.036211560467039064
0.4099762737751007,0.24465523660182953,0.355084584698081,0.2126626256480813,0.0522509699022643,0.036211560467039064
0.3953976631164551,0.24586434662342072,0.355084584698081,0.2126626256480813,0.0522509699022643,0.036211560467039064
0.3377121686935425,0.17736999690532684,0.355084584698081,0.2126626256480813,0.0522509699022643,0.036211560467039064
0.29021456837654114,0.17667534947395325,0.355084584698081,0.2126626256480813,0.0522509699022643,0.036211560467039064
0.3337225615978241,0.18843622505664825,0.355084584698081,0.2126626256480813,0.0522509699022643,0.036211560467039064
0.41341108083724976,0.2464723289012909,0.355084584698081,0.2126626256480813,0.0522509699022643,0.036211560467039064
0.36315277218818665,0.2125767171382904,0.355084584698081,0.2126626256480813,0.0522509699022643,0.036211560467039064
0.30405092239379883,0.18226546049118042,0.355084584698081,0.2126626256480813,0.0522509699022643,0.036211560467039064
0.4270614683628082,0.25066107511520386,0.355084584698081,0.2126626256480813,0.0522509699022643,0.036211560467039064
0.3185953199863434,0.1971195489168167,0.355084584698081,0.2126626256480813,0.0522509699022643,0.036211560467039064
0.31823503971099854,0.20185671746730804,0.355084584698081,0.2126626256480813,0.0522509699022643,0.036211560467039064
0.3497820794582367,0.18907320499420166,0.355084584698081,0.2126626256480813,0.0522509699022643,0.036211560467039064
0.4087173044681549,0.250910222530365,0.355084584698081,0.2126626256480813,0.0522509699022643,0.036211560467039064
0.31576958298683167,0.17525321245193481,0.355084584698081,0.2126626256480813,0.0522509699022643,0.036211560467039064
0.30686819553375244,0.1749531328678131,0.355084584698081,0.2126626256480813,0.0522509699022643,0.036211560467039064
0.43646755814552307,0.2672879993915558,0.355084584698081,0.2126626256480813,0.0522509699022643,0.036211560467039064
0.31834906339645386,0.20350605249404907,0.355084584698081,0.2126626256480813,0.0522509699022643,0.036211560467039064
0.2709830701351166,0.17390772700309753,0.355084584698081,0.2126626256480813,0.0522509699022643,0.036211560467039064
0.34732624888420105,0.2018493413925171,0.355084584698081,0.2126626256480813,0.0522509699022643,0.036211560467039064
0.41941937804222107,0.24513156712055206,0.355084584698081,0.2126626256480813,0.0522509699022643,0.036211560467039064
0.38233432173728943,0.21595534682273865,0.355084584698081,0.2126626256480813,0.0522509699022643,0.036211560467039064
0.4406701326370239,0.2680191099643707,0.355084584698081,0.2126626256480813,0.0522509699022643,0.036211560467039064
0.3299327492713928,0.1766575127840042,0.355084584698081,0.2126626256480813,0.0522509699022643,0.036211560467039064
0.3149110972881317,0.20268438756465912,0.355084584698081,0.2126626256480813,0.0522509699022643,0.036211560467039064
0.32966703176498413,0.2114531546831131,0.355084584698081,0.2126626256480813,0.0522509699022643,0.036211560467039064
0.3085727393627167,0.207427978515625,0.355084584698081,0.2126626256480813,0.0522509699022643,0.036211560467039064
0.35238292813301086,0.23367981612682343,0.355084584698081,0.2126626256480813,0.0522509699022643,0.036211560467039064
0.295905202627182,0.16051378846168518,0.355084584698081,0.2126626256480813,0.0522509699022643,0.036211560467039064
0.33688145875930786,0.19102926552295685,0.355084584698081,0.2126626256480813,0.0522509699022643,0.036211560467039064
0.4396818280220032,0.2841426432132721,0.355084584698081,0.2126626256480813,0.0522509699022643,0.036211560467039064
0.2862412631511688,0.17417684197425842,0.355084584698081,0.2126626256480813,0.0522509699022643,0.036211560467039064
0.3727755546569824,0.21467626094818115,0.355084584698081,0.2126626256480813,0.0522509699022643,0.036211560467039064
0.3015086352825165,0.16230542957782745,0.355084584698081,0.2126626256480813,0.0522509699022643,0.036211560467039064
0.3410995900630951,0.23210299015045166,0.355084584698081,0.2126626256480813,0.0522509699022643,0.036211560467039064
0.3654780685901642,0.1958191692829132,0.355084584698081,0.2126626256480813,0.0522509699022643,0.036211560467039064
0.3900136351585388,0.2320777028799057,0.355084584698081,0.2126626256480813,0.0522509699022643,0.036211560467039064
0.4371054470539093,0.26371851563453674,0.355084584698081,0.2126626256480813,0.0522509699022643,0.036211560467039064
0.2947482764720917,0.1738755851984024,0.355084584698081,0.2126626256480813,0.0522509699022643,0.036211560467039064
0.3948149085044861,0.23056131601333618,0.355084584698081,0.2126626256480813,0.0522509699022643,0.036211560467039064
0.30561941862106323,0.1673433929681778,0.355084584698081,0.2126626256480813,0.0522509699022643,0.036211560467039064
0.317497193813324,0.16162584722042084,0.355084584698081,0.2126626256480813,0.0522509699022643,0.036211560467039064
0.28893986344337463,0.17272931337356567,0.355084584698081,0.2126626256480813,0.0522509699022643,0.036211560467039064
0.31430208683013916,0.16966590285301208,0.355084584698081,0.2126626256480813,0.0522509699022643,0.036211560467039064
0.28850603103637695,0.18265146017074585,0.355084584698081,0.2126626256480813,0.0522509699022643,0.036211560467039064
0.405595600605011,0.24721041321754456,0.355084584698081,0.2126626256480813,0.0522509699022643,0.036211560467039064
0.4513202905654907,0.29247307777404785,0.355084584698081,0.2126626256480813,0.0522509699022643,0.036211560467039064
0.3083321154117584,0.20081472396850586,0.355084584698081,0.2126626256480813,0.0522509699022643,0.036211560467039064
0.2706979215145111,0.1550879180431366,0.355084584698081,0.2126626256480813,0.0522509699022643,0.036211560467039064
0.44048619270324707,0.266329288482666,0.355084584698081,0.2126626256480813,0.0522509699022643,0.036211560467039064
0.43793511390686035,0.26659664511680603,0.355084584698081,0.2126626256480813,0.0522509699022643,0.036211560467039064
0.2648272216320038,0.1516016572713852,0.355084584698081,0.2126626256480813,0.0522509699022643,0.036211560467039064
0.2885098159313202,0.17544054985046387,0.355084584698081,0.2126626256480813,0.0522509699022643,0.036211560467039064
0.42947080731391907,0.26865148544311523,0.355084584698081,0.2126626256480813,0.0522509699022643,0.036211560467039064
0.3300592601299286,0.20506305992603302,0.355084584698081,0.2126626256480813,0.0522509699022643,0.036211560467039064
0.3880561888217926,0.22372525930404663,0.355084584698081,0.2126626256480813,0.0522509699022643,0.036211560467039064
0.3612423539161682,0.19682864844799042,0.355084584698081,0.2126626256480813,0.0522509699022643,0.036211560467039064
0.34046056866645813,0.1940840631723404,0.355084584698081,0.2126626256480813,0.0522509699022643,0.036211560467039064
0.40800946950912476,0.24203307926654816,0.355084584698081,0.2126626256480813,0.0522509699022643,0.036211560467039064
0.2743823528289795,0.16654664278030396,0.355084584698081,0.2126626256480813,0.0522509699022643,0.036211560467039064
0.3207092583179474,0.18463459610939026,0.355084584698081,0.2126626256480813,0.0522509699022643,0.036211560467039064
0.40526774525642395,0.2547509968280792,0.355084584698081,0.2126626256480813,0.0522509699022643,0.036211560467039064
0.3141067624092102,0.21199645102024078,0.355084584698081,0.2126626256480813,0.0522509699022643,0.036211560467039064
0.30893805623054504,0.20004083216190338,0.355084584698081,0.2126626256480813,0.0522509699022643,0.036211560467039064
0.421525239944458,0.25783422589302063,0.355084584698081,0.2126626256480813,0.0522509699022643,0.036211560467039064
0.26762378215789795,0.15105514228343964,0.355084584698081,0.2126626256480813,0.0522509699022643,0.036211560467039064
0.3833554685115814,0.22120022773742676,0.355084584698081,0.2126626256480813,0.0522509699022643,0.036211560467039064
0.41199755668640137,0.25837624073028564,0.355084584698081,0.2126626256480813,0.0522509699022643,0.036211560467039064
0.3489489257335663,0.20203346014022827,0.355084584698081,0.2126626256480813,0.0522509699022643,0.036211560467039064
0.37114956974983215,0.20865921676158905,0.355084584698081,0.2126626256480813,0.0522509699022643,0.036211560467039064
0.3555839955806732,0.18924950063228607,0.355084584698081,0.2126626256480813,0.0522509699022643,0.036211560467039064
0.26971495151519775,0.18287059664726257,0.355084584698081,0.2126626256480813,0.0522509699022643,0.036211560467039064
0.34636881947517395,0.23068751394748688,0.355084584698081,0.2126626256480813,0.0522509699022643,0.036211560467039064
0.425224244594574,0.27900558710098267,0.355084584698081,0.2126626256480813,0.0522509699022643,0.036211560467039064
0.2882136106491089,0.16376478970050812,0.355084584698081,0.2126626256480813,0.0522509699022643,0.036211560467039064
0.339176744222641,0.19340160489082336,0.355084584698081,0.2126626256480813,0.0522509699022643,0.036211560467039064
0.41068172454833984,0.25355806946754456,0.355084584698081,0.2126626256480813,0.0522509699022643,0.036211560467039064
0.3999473750591278,0.23182441294193268,0.355084584698081,0.2126626256480813,0.0522509699022643,0.036211560467039064
0.3797050416469574,0.2025376707315445,0.355084584698081,0.2126626256480813,0.0522509699022643,0.036211560467039064
0.2892482578754425,0.17687103152275085,0.355084584698081,0.2126626256480813,0.0522509699022643,0.036211560467039064
0.3387836813926697,0.18981336057186127,0.355084584698081,0.2126626256480813,0.0522509699022643,0.036211560467039064
0.3561018705368042,0.20689603686332703,0.355084584698081,0.2126626256480813,0.0522509699022643,0.036211560467039064
0.30053505301475525,0.17754392325878143,0.355084584698081,0.2126626256480813,0.0522509699022643,0.036211560467039064
0.4293868839740753,0.27538689970970154,0.355084584698081,0.2126626256480813,0.0522509699022643,0.036211560467039064
0.29903358221054077,0.18083183467388153,0.355084584698081,0.2126626256480813,0.0522509699022643,0.036211560467039064
0.3096567392349243,0.17095410823822021,0.355084584698081,0.2126626256480813,0.0522509699022643,0.036211560467039064
0.3937196731567383,0.2335842251777649,0.355084584698081,0.2126626256480813,0.0522509699022643,0.036211560467039064
0.43731245398521423,0.27547019720077515,0.355084584698081,0.2126626256480813,0.0522509699022643,0.036211560467039064
0.3501047194004059,0.19388888776302338,0.355084584698081,0.2126626256480813,0.0522509699022643,0.036211560467039064
0.41158196330070496,0.24744604527950287,0.355084584698081,0.2126626256480813,0.0522509699022643,0.036211560467039064
0.42255929112434387,0.26721814274787903,0.355084584698081,0.2126626256480813,0.0522509699022643,0.036211560467039064
0.4103391766548157,0.24118836224079132,0.355084584698081,0.2126626256480813,0.0522509699022643,0.036211560467039064
0.4297288656234741,0.2704688310623169,0.355084584698081,0.2126626256480813,0.0522509699022643,0.036211560467039064
0.3072734475135803,0.1923791617155075,0.355084584698081,0.2126626256480813,0.0522509699022643,0.036211560467039064
0.35225939750671387,0.19907648861408234,0.355084584698081,0.2126626256480813,0.0522509699022643,0.036211560467039064
0.327125608921051,0.2104482799768448,0.355084584698081,0.2126626256480813,0.0522509699022643,0.036211560467039064
0.3836577236652374,0.24087385833263397,0.355084584698081,0.2126626256480813,0.0522509699022643,0.036211560467039064
0.40791523456573486,0.2547130584716797,0.355084584698081,0.2126626256480813,0.0522509699022643,0.036211560467039064
0.3570854663848877,0.20294089615345,0.355084584698081,0.2126626256480813,0.0522509699022643,0.036211560467039064
0.3172691762447357,0.203513965010643,0.355084584698081,0.2126626256480813,0.0522509699022643,0.036211560467039064
0.28422337770462036,0.1715877205133438,0.355084584698081,0.2126626256480813,0.0522509699022643,0.036211560467039064
0.42063772678375244,0.2644041180610657,0.355084584698081,0.2126626256480813,0.0522509699022643,0.036211560467039064
0.35731232166290283,0.1946580857038498,0.355084584698081,0.2126626256480813,0.0522509699022643,0.036211560467039064
0.2946521043777466,0.183564692735672,0.355084584698081,0.2126626256480813,0.0522509699022643,0.036211560467039064
0.43737635016441345,0.27750182151794434,0.355084584698081,0.2126626256480813,0.0522509699022643,0.036211560467039064
0.3234139382839203,0.21326103806495667,0.355084584698081,0.2126626256480813,0.0522509699022643,0.036211560467039064
0.3652566075325012,0.2135949730873108,0.355084584698081,0.2126626256480813,0.0522509699022643,0.036211560467039064
0.29033270478248596,0.18200595676898956,0.355084584698081,0.2126626256480813,0.0522509699022643,0.036211560467039064
0.323615163564682,0.19757434725761414,0.355084584698081,0.2126626256480813,0.0522509699022643,0.036211560467039064
0.3203272223472595,0.1978166252374649,0.355084584698081,0.2126626256480813,0.0522509699022643,0.036211560467039064
0.3141234517097473,0.1830458641052246,0.355084584698081,0.2126626256480813,0.0522509699022643,0.036211560467039064
0.318197637796402,0.17651629447937012,0.355084584698081,0.2126626256480813,0.0522509699022643,0.036211560467039064
0.2947819232940674,0.18536919355392456,0.355084584698081,0.2126626256480813,0.0522509699022643,0.036211560467039064
0.3997105360031128,0.2516353726387024,0.355084584698081,0.2126626256480813,0.0522509699022643,0.036211560467039064
0.4038545489311218,0.23954445123672485,0.355084584698081,0.2126626256480813,0.0522509699022643,0.036211560467039064
0.28774121403694153,0.17266981303691864,0.355084584698081,0.2126626256480813,0.0522509699022643,0.036211560467039064
0.39725950360298157,0.2510647773742676,0.355084584698081,0.2126626256480813,0.0522509699022643,0.036211560467039064
0.31168463826179504,0.20909252762794495,0.355084584698081,0.2126626256480813,0.0522509699022643,0.036211560467039064
0.31178680062294006,0.1638973504304886,0.355084584698081,0.2126626256480813,0.0522509699022643,0.036211560467039064
0.4444963335990906,0.290485680103302,0.355084584698081,0.2126626256480813,0.0522509699022643,0.036211560467039064
0.3002471327781677,0.18005701899528503,0.355084584698081,0.2126626256480813,0.0522509699022643,0.036211560467039064
0.3055572211742401,0.1873391568660736,0.355084584698081,0.2126626256480813,0.0522509699022643,0.036211560467039064
0.32344335317611694,0.21671339869499207,0.355084584698081,0.2126626256480813,0.0522509699022643,0.036211560467039064
0.3365958034992218,0.19229237735271454,0.355084584698081,0.2126626256480813,0.0522509699022643,0.036211560467039064
0.3867691457271576,0.2315644770860672,0.355084584698081,0.2126626256480813,0.0522509699022643,0.036211560467039064
0.26376858353614807,0.15239353477954865,0.355084584698081,0.2126626256480813,0.0522509699022643,0.036211560467039064
0.4253177344799042,0.253544420003891,0.355084584698081,0.2126626256480813,0.0522509699022643,0.036211560467039064
0.43707290291786194,0.2659451365470886,0.355084584698081,0.2126626256480813,0.0522509699022643,0.036211560467039064
0.3906005024909973,0.24433588981628418,0.355084584698081,0.2126626256480813,0.0522509699022643,0.036211560467039064
0.2938147783279419,0.15286827087402344,0.355084584698081,0.2126626256480813,0.0522509699022643,0.036211560467039064
0.2981599271297455,0.18094146251678467,0.355084584698081,0.2126626256480813,0.0522509699022643,0.036211560467039064
0.3355075418949127,0.21470600366592407,0.355084584698081,0.2126626256480813,0.0522509699022643,0.036211560467039064
0.4268513023853302,0.2715086042881012,0.355084584698081,0.2126626256480813,0.0522509699022643,0.036211560467039064
0.3468760550022125,0.19312600791454315,0.355084584698081,0.2126626256480813,0.0522509699022643,0.036211560467039064
0.2849094569683075,0.1699700951576233,0.355084584698081,0.2126626256480813,0.0522509699022643,0.036211560467039064
0.3758566081523895,0.24306601285934448,0.355084584698081,0.2126626256480813,0.0522509699022643,0.036211560467039064
0.39311403036117554,0.22366242110729218,0.355084584698081,0.2126626256480813,0.0522509699022643,0.036211560467039064
0.3942103087902069,0.2253021001815796,0.355084584698081,0.2126626256480813,0.0522509699022643,0.036211560467039064
0.3511929512023926,0.20063498616218567,0.355084584698081,0.2126626256480813,0.0522509699022643,0.036211560467039064
0.4335631728172302,0.2733009159564972,0.355084584698081,0.2126626256480813,0.0522509699022643,0.036211560467039064
0.27813050150871277,0.16140341758728027,0.355084584698081,0.2126626256480813,0.0522509699022643,0.036211560467039064
0.27953314781188965,0.15423531830310822,0.355084584698081,0.2126626256480813,0.0522509699022643,0.036211560467039064
0.30275049805641174,0.19679640233516693,0.355084584698081,0.2126626256480813,0.0522509699022643,0.036211560467039064
0.4399709105491638,0.27517327666282654,0.355084584698081,0.2126626256480813,0.0522509699022643,0.036211560467039064
0.3221309185028076,0.18614840507507324,0.355084584698081,0.2126626256480813,0.0522509699022643,0.036211560467039064
0.4126741886138916,0.24000801146030426,0.355084584698081,0.2126626256480813,0.0522509699022643,0.036211560467039064
0.44485554099082947,0.2717042863368988,0.355084584698081,0.2126626256480813,0.0522509699022643,0.036211560467039064
0.4047766923904419,0.2261703461408615,0.355084584698081,0.2126626256480813,0.0522509699022643,0.036211560467039064
0.2873018682003021,0.16115204989910126,0.355084584698081,0.2126626256480813,0.0522509699022643,0.036211560467039064
0.41867929697036743,0.256969690322876,0.355084584698081,0.2126626256480813,0.0522509699022643,0.036211560467039064
0.26486775279045105,0.152089461684227,0.355084584698081,0.2126626256480813,0.0522509699022643,0.036211560467039064
0.3097393810749054,0.17035561800003052,0.355084584698081,0.2126626256480813,0.0522509699022643,0.036211560467039064
0.28835752606391907,0.18789102137088776,0.355084584698081,0.2126626256480813,0.0522509699022643,0.036211560467039064
0.4371757507324219,0.28224220871925354,0.355084584698081,0.2126626256480813,0.0522509699022643,0.036211560467039064
0.28080669045448303,0.17276035249233246,0.355084584698081,0.2126626256480813,0.0522509699022643,0.036211560467039064
0.41644906997680664,0.26349541544914246,0.355084584698081,0.2126626256480813,0.0522509699022643,0.036211560467039064
0.3964976668357849,0.2548188269138336,0.355084584698081,0.2126626256480813,0.0522509699022643,0.036211560467039064
0.3737359344959259,0.21708273887634277,0.355084584698081,0.2126626256480813,0.0522509699022643,0.036211560467039064
0.2789236009120941,0.16637808084487915,0.355084584698081,0.2126626256480813,0.0522509699022643,0.036211560467039064
0.3702748119831085,0.2178918421268463,0.355084584698081,0.2126626256480813,0.0522509699022643,0.036211560467039064
0.4061378836631775,0.24176807701587677,0.355084584698081,0.2126626256480813,0.0522509699022643,0.036211560467039064
0.3926597535610199,0.22230876982212067,0.355084584698081,0.2126626256480813,0.0522509699022643,0.036211560467039064
0.4225999116897583,0.2630636394023895,0.355084584698081,0.2126626256480813,0.0522509699022643,0.036211560467039064
0.2686738967895508,0.15439681708812714,0.355084584698081,0.2126626256480813,0.0522509699022643,0.036211560467039064
0.2358171045780182,0.1357755810022354,0.355084584698081,0.2126626256480813,0.0522509699022643,0.036211560467039064
0.2691700756549835,0.15711450576782227,0.355084584698081,0.2126626256480813,0.0522509699022643,0.036211560467039064
0.31639936566352844,0.1914079636335373,0.355084584698081,0.2126626256480813,0.0522509699022643,0.036211560467039064
0.35221949219703674,0.19139964878559113,0.355084584698081,0.2126626256480813,0.0522509699022643,0.036211560467039064
0.38635167479515076,0.21946552395820618,0.355084584698081,0.2126626256480813,0.0522509699022643,0.036211560467039064
0.3322245478630066,0.17761008441448212,0.355084584698081,0.2126626256480813,0.0522509699022643,0.036211560467039064
0.31861183047294617,0.20644821226596832,0.355084584698081,0.2126626256480813,0.0522509699022643,0.036211560467039064
0.31443384289741516,0.21288521587848663,0.355084584698081,0.2126626256480813,0.0522509699022643,0.036211560467039064
0.411892294883728,0.2600399851799011,0.355084584698081,0.2126626256480813,0.0522509699022643,0.036211560467039064
0.43542513251304626,0.2794085443019867,0.355084584698081,0.2126626256480813,0.0522509699022643,0.036211560467039064
0.3305997848510742,0.22237031161785126,0.355084584698081,0.2126626256480813,0.0522509699022643,0.036211560467039064
0.2669696509838104,0.16695380210876465,0.355084584698081,0.2126626256480813,0.0522509699022643,0.036211560467039064
0.31566643714904785,0.21256327629089355,0.355084584698081,0.2126626256480813,0.0522509699022643,0.036211560467039064
0.41756728291511536,0.2635101079940796,0.355084584698081,0.2126626256480813,0.0522509699022643,0.036211560467039064
0.30761629343032837,0.20804467797279358,0.355084584698081,0.2126626256480813,0.0522509699022643,0.036211560467039064
0.41893523931503296,0.2579440176486969,0.355084584698081,0.2126626256480813,0.0522509699022643,0.036211560467039064
0.2820422649383545,0.1707884520292282,0.355084584698081,0.2126626256480813,0.0522509699022643,0.036211560467039064
0.3039635419845581,0.19414477050304413,0.355084584698081,0.2126626256480813,0.0522509699022643,0.036211560467039064
0.34931832551956177,0.19801302254199982,0.355084584698081,0.2126626256480813,0.0522509699022643,0.036211560467039064
0.31969889998435974,0.1752030998468399,0.355084584698081,0.2126626256480813,0.0522509699022643,0.036211560467039064
0.3134666681289673,0.1971394568681717,0.355084584698081,0.2126626256480813,0.0522509699022643,0.036211560467039064
0.37345293164253235,0.21980953216552734,0.355084584698081,0.2126626256480813,0.0522509699022643,0.036211560467039064
0.4592311382293701,0.3055899739265442,0.355084584698081,0.2126626256480813,0.0522509699022643,0.036211560467039064
0.30073896050453186,0.18400956690311432,0.355084584698081,0.2126626256480813,0.0522509699022643,0.036211560467039064
0.41904404759407043,0.26561251282691956,0.355084584698081,0.2126626256480813,0.0522509699022643,0.036211560467039064
0.35951754450798035,0.1903333216905594,0.355084584698081,0.2126626256480813,0.0522509699022643,0.036211560467039064
0.39229944348335266,0.2549651265144348,0.355084584698081,0.2126626256480813,0.0522509699022643,0.036211560467039064
0.3107367157936096,0.16358697414398193,0.355084584698081,0.2126626256480813,0.0522509699022643,0.036211560467039064
0.28657981753349304,0.17220114171504974,0.355084584698081,0.2126626256480813,0.0522509699022643,0.036211560467039064
0.38930752873420715,0.21902456879615784,0.355084584698081,0.2126626256480813,0.0522509699022643,0.036211560467039064
0.3446353077888489,0.20376698672771454,0.355084584698081,0.2126626256480813,0.0522509699022643,0.036211560467039064
0.4011789560317993,0.23563414812088013,0.355084584698081,0.2126626256480813,0.0522509699022643,0.036211560467039064
0.2779216468334198,0.17854873836040497,0.355084584698081,0.2126626256480813,0.0522509699022643,0.036211560467039064
0.35575419664382935,0.196819469332695,0.355084584698081,0.2126626256480813,0.0522509699022643,0.036211560467039064
0.31241127848625183,0.1752975583076477,0.355084584698081,0.2126626256480813,0.0522509699022643,0.036211560467039064
0.2783491909503937,0.16077065467834473,0.355084584698081,0.2126626256480813,0.0522509699022643,0.036211560467039064
0.42627859115600586,0.2652975916862488,0.355084584698081,0.2126626256480813,0.0522509699022643,0.036211560467039064
0.36768555641174316,0.2086530476808548,0.355084584698081,0.2126626256480813,0.0522509699022643,0.036211560467039064
0.3484886586666107,0.20128951966762543,0.355084584698081,0.2126626256480813,0.0522509699022643,0.036211560467039064
0.3930838108062744,0.23584288358688354,0.355084584698081,0.2126626256480813,0.0522509699022643,0.036211560467039064
0.2961750030517578,0.1902143955230713,0.355084584698081,0.2126626256480813,0.0522509699022643,0.036211560467039064
0.3972516655921936,0.23290573060512543,0.355084584698081,0.2126626256480813,0.0522509699022643,0.036211560467039064
0.3223322033882141,0.2046184539794922,0.355084584698081,0.2126626256480813,0.0522509699022643,0.036211560467039064
0.43251878023147583,0.27206388115882874,0.355084584698081,0.2126626256480813,0.0522509699022643,0.036211560467039064
0.3407518267631531,0.18623952567577362,0.355084584698081,0.2126626256480813,0.0522509699022643,0.036211560467039064
0.2749926447868347,0.15266607701778412,0.355084584698081,0.2126626256480813,0.0522509699022643,0.036211560467039064
0.3526420295238495,0.19783569872379303,0.355084584698081,0.2126626256480813,0.0522509699022643,0.036211560467039064
0.4414317011833191,0.281188040971756,0.355084584698081,0.2126626256480813,0.0522509699022643,0.036211560467039064
0.3577481210231781,0.20053650438785553,0.355084584698081,0.2126626256480813,0.0522509699022643,0.036211560467039064
0.3043419420719147,0.17090007662773132,0.355084584698081,0.2126626256480813,0.0522509699022643,0.036211560467039064
0.4417858421802521,0.28378826379776,0.355084584698081,0.2126626256480813,0.0522509699022643,0.036211560467039064
0.2961033582687378,0.16625498235225677,0.355084584698081,0.2126626256480813,0.0522509699022643,0.036211560467039064
0.4056326448917389,0.247852623462677,0.355084584698081,0.2126626256480813,0.0522509699022643,0.036211560467039064
0.39632275700569153,0.22976911067962646,0.355084584698081,0.2126626256480813,0.0522509699022643,0.036211560467039064
0.395999014377594,0.23787164688110352,0.355084584698081,0.2126626256480813,0.0522509699022643,0.036211560467039064
0.26472368836402893,0.17088636755943298,0.355084584698081,0.2126626256480813,0.0522509699022643,0.036211560467039064
0.4100579023361206,0.23562376201152802,0.355084584698081,0.2126626256480813,0.0522509699022643,0.036211560467039064
0.3884865343570709,0.20513415336608887,0.355084584698081,0.2126626256480813,0.0522509699022643,0.036211560467039064
0.37205401062965393,0.2488172948360443,0.355084584698081,0.2126626256480813,0.0522509699022643,0.036211560467039064
0.29688218235969543,0.18672500550746918,0.355084584698081,0.2126626256480813,0.0522509699022643,0.036211560467039064
0.3810781240463257,0.2278887927532196,0.355084584698081,0.2126626256480813,0.0522509699022643,0.036211560467039064
0.26789790391921997,0.1532745063304901,0.355084584698081,0.2126626256480813,0.0522509699022643,0.036211560467039064
0.4054771363735199,0.25313740968704224,0.355084584698081,0.2126626256480813,0.0522509699022643,0.036211560467039064
0.3756202459335327,0.21218636631965637,0.355084584698081,0.2126626256480813,0.0522509699022643,0.036211560467039064
0.4259233772754669,0.27300339937210083,0.355084584698081,0.2126626256480813,0.0522509699022643,0.036211560467039064
0.3187295198440552,0.20962491631507874,0.355084584698081,0.2126626256480813,0.0522509699022643,0.036211560467039064
0.4112510681152344,0.25021839141845703,0.355084584698081,0.2126626256480813,0.0522509699022643,0.036211560467039064
0.28630197048187256,0.1811375766992569,0.355084584698081,0.2126626256480813,0.0522509699022643,0.036211560467039064
0.4193136692047119,0.24843478202819824,0.355084584698081,0.2126626256480813,0.0522509699022643,0.036211560467039064
0.4190078377723694,0.26084423065185547,0.355084584698081,0.2126626256480813,0.0522509699022643,0.036211560467039064
0.3063054084777832,0.17938411235809326,0.355084584698081,0.2126626256480813,0.0522509699022643,0.036211560467039064
0.42038193345069885,0.2518848776817322,0.355084584698081,0.2126626256480813,0.0522509699022643,0.036211560467039064
0.4234233796596527,0.27535563707351685,0.355084584698081,0.2126626256480813,0.0522509699022643,0.036211560467039064
0.3369330167770386,0.21549740433692932,0.355084584698081,0.2126626256480813,0.0522509699022643,0.036211560467039064
0.389058381319046,0.21663574874401093,0.355084584698081,0.2126626256480813,0.0522509699022643,0.036211560467039064
0.3516254723072052,0.1871016025543213,0.355084584698081,0.2126626256480813,0.0522509699022643,0.036211560467039064
0.37820112705230713,0.21616637706756592,0.355084584698081,0.2126626256480813,0.0522509699022643,0.036211560467039064
0.3877828121185303,0.23201021552085876,0.355084584698081,0.2126626256480813,0.0522509699022643,0.036211560467039064
0.33589452505111694,0.18564897775650024,0.355084584698081,0.2126626256480813,0.0522509699022643,0.036211560467039064
0.4463099241256714,0.2877134084701538,0.355084584698081,0.2126626256480813,0.0522509699022643,0.036211560467039064
0.26855963468551636,0.158591166138649,0.355084584698081,0.2126626256480813,0.0522509699022643,0.036211560467039064
0.4314771294593811,0.2706810235977173,0.355084584698081,0.2126626256480813,0.0522509699022643,0.036211560467039064
0.3551713824272156,0.1947273164987564,0.355084584698081,0.2126626256480813,0.0522509699022643,0.036211560467039064
0.3546646237373352,0.20277796685695648,0.355084584698081,0.2126626256480813,0.0522509699022643,0.036211560467039064
0.32971712946891785,0.17970412969589233,0.355084584698081,0.2126626256480813,0.0522509699022643,0.036211560467039064
0.3707874119281769,0.22371311485767365,0.355084584698081,0.2126626256480813,0.0522509699022643,0.036211560467039064
0.3265165090560913,0.19536355137825012,0.355084584698081,0.2126626256480813,0.0522509699022643,0.036211560467039064
0.3464234173297882,0.19590750336647034,0.355084584698081,0.2126626256480813,0.0522509699022643,0.036211560467039064
0.40794846415519714,0.25186091661453247,0.355084584698081,0.2126626256480813,0.0522509699022643,0.036211560467039064
0.30783334374427795,0.18340523540973663,0.355084584698081,0.2126626256480813,0.0522509699022643,0.036211560467039064
0.29131242632865906,0.1652660369873047,0.355084584698081,0.2126626256480813,0.0522509699022643,0.036211560467039064
0.29208895564079285,0.18884606659412384,0.355084584698081,0.2126626256480813,0.0522509699022643,0.036211560467039064
0.27640676498413086,0.16593334078788757,0.355084584698081,0.2126626256480813,0.0522509699022643,0.036211560467039064
0.3548814654350281,0.2081547975540161,0.355084584698081,0.2126626256480813,0.0522509699022643,0.036211560467039064
0.36991047859191895,0.20674224197864532,0.355084584698081,0.2126626256480813,0.0522509699022643,0.036211560467039064
0.40740031003952026,0.2435705065727234,0.355084584698081,0.2126626256480813,0.0522509699022643,0.036211560467039064
0.37829312682151794,0.21766328811645508,0.355084584698081,0.2126626256480813,0.0522509699022643,0.036211560467039064
0.32562991976737976,0.20202143490314484,0.355084584698081,0.2126626256480813,0.0522509699022643,0.036211560467039064
0.2677094042301178,0.17879211902618408,0.355084584698081,0.2126626256480813,0.0522509699022643,0.036211560467039064
0.36266353726387024,0.2118951380252838,0.355084584698081,0.2126626256480813,0.0522509699022643,0.036211560467039064
0.33276093006134033,0.17424724996089935,0.355084584698081,0.2126626256480813,0.0522509699022643,0.036211560467039064
0.3063127100467682,0.1770308017730713,0.355084584698081,0.2126626256480813,0.0522509699022643,0.036211560467039064
0.33365464210510254,0.18610621988773346,0.355084584698081,0.2126626256480813,0.0522509699022643,0.036211560467039064
0.399806946516037,0.2398308664560318,0.355084584698081,0.2126626256480813,0.0522509699022643,0.036211560467039064
0.3349590003490448,0.18231508135795593,0.355084584698081,0.2126626256480813,0.0522509699022643,0.036211560467039064
0.37620943784713745,0.21408873796463013,0.355084584698081,0.2126626256480813,0.0522509699022643,0.036211560467039064
0.41175344586372375,0.24246934056282043,0.355084584698081,0.2126626256480813,0.0522509699022643,0.036211560467039064
0.3036852478981018,0.18266510963439941,0.355084584698081,0.2126626256480813,0.0522509699022643,0.036211560467039064
0.35061392188072205,0.20770478248596191,0.355084584698081,0.2126626256480813,0.0522509699022643,0.036211560467039064
0.3511286973953247,0.1978820413351059,0.355084584698081,0.2126626256480813,0.0522509699022643,0.036211560467039064
0.4256904423236847,0.272674560546875,0.355084584698081,0.2126626256480813,0.0522509699022643,0.036211560467039064
0.3259521424770355,0.1715632975101471,0.355084584698081,0.2126626256480813,0.0522509699022643,0.036211560467039064
0.3487120270729065,0.19220268726348877,0.355084584698081,0.2126626256480813,0.0522509699022643,0.036211560467039064
0.2683309316635132,0.15627504885196686,0.355084584698081,0.2126626256480813,0.0522509699022643,0.036211560467039064
0.32672423124313354,0.1862928420305252,0.355084584698081,0.2126626256480813,0.0522509699022643,0.036211560467039064
0.40061163902282715,0.22457192838191986,0.355084584698081,0.2126626256480813,0.0522509699022643,0.036211560467039064
0.43016353249549866,0.2709207832813263,0.355084584698081,0.2126626256480813,0.0522509699022643,0.036211560467039064
0.2820335626602173,0.16352050006389618,0.355084584698081,0.2126626256480813,0.0522509699022643,0.036211560467039064
0.32631292939186096,0.21306239068508148,0.355084584698081,0.2126626256480813,0.0522509699022643,0.036211560467039064
0.336438924074173,0.2052750438451767,0.355084584698081,0.2126626256480813,0.0522509699022643,0.036211560467039064
0.33566370606422424,0.18150700628757477,0.355084584698081,0.2126626256480813,0.0522509699022643,0.036211560467039064
0.3891567289829254,0.23326155543327332,0.355084584698081,0.2126626256480813,0.0522509699022643,0.036211560467039064
0.3251912295818329,0.1855638474225998,0.355084584698081,0.2126626256480813,0.0522509699022643,0.036211560467039064
0.31287696957588196,0.20421083271503448,0.355084584698081,0.2126626256480813,0.0522509699022643,0.036211560467039064
0.3596709966659546,0.20694614946842194,0.355084584698081,0.2126626256480813,0.0522509699022643,0.036211560467039064
0.27448341250419617,0.17015376687049866,0.355084584698081,0.2126626256480813,0.0522509699022643,0.036211560467039064
0.30535125732421875,0.20351096987724304,0.355084584698081,0.2126626256480813,0.0522509699022643,0.036211560467039064
0.2845158874988556,0.17587393522262573,0.355084584698081,0.2126626256480813,0.0522509699022643,0.036211560467039064
0.3498765528202057,0.21641743183135986,0.355084584698081,0.2126626256480813,0.0522509699022643,0.036211560467039064
0.29602208733558655,0.166958749294281,0.355084584698081,0.2126626256480813,0.0522509699022643,0.036211560467039064
0.3330213725566864,0.19144761562347412,0.355084584698081,0.2126626256480813,0.0522509699022643,0.036211560467039064
0.3627428412437439,0.20378530025482178,0.355084584698081,0.2126626256480813,0.0522509699022643,0.036211560467039064
0.37298473715782166,0.22745802998542786,0.355084584698081,0.2126626256480813,0.0522509699022643,0.036211560467039064
0.4253517985343933,0.26138487458229065,0.355084584698081,0.2126626256480813,0.0522509699022643,0.036211560467039064
0.3831825256347656,0.2198091745376587,0.355084584698081,0.2126626256480813,0.0522509699022643,0.036211560467039064
0.4197882413864136,0.2477199137210846,0.355084584698081,0.2126626256480813,0.0522509699022643,0.036211560467039064
0.3264510929584503,0.21872268617153168,0.355084584698081,0.2126626256480813,0.0522509699022643,0.036211560467039064
0.41959643363952637,0.2541601061820984,0.355084584698081,0.2126626256480813,0.0522509699022643,0.036211560467039064
0.3380580544471741,0.19036822021007538,0.355084584698081,0.2126626256480813,0.0522509699022643,0.036211560467039064
0.37300923466682434,0.20318441092967987,0.355084584698081,0.2126626256480813,0.0522509699022643,0.036211560467039064
0.32918187975883484,0.1791919320821762,0.355084584698081,0.2126626256480813,0.0522509699022643,0.036211560467039064
0.4064163565635681,0.2524354159832001,0.355084584698081,0.2126626256480813,0.0522509699022643,0.036211560467039064
0.38874033093452454,0.23255117237567902,0.355084584698081,0.2126626256480813,0.0522509699022643,0.036211560467039064
0.3882075846195221,0.22822226583957672,0.355084584698081,0.2126626256480813,0.0522509699022643,0.036211560467039064
0.40324947237968445,0.24351853132247925,0.355084584698081,0.2126626256480813,0.0522509699022643,0.036211560467039064
0.39819830656051636,0.2377609759569168,0.355084584698081,0.2126626256480813,0.0522509699022643,0.036211560467039064
0.2779121696949005,0.18266551196575165,0.355084584698081,0.2126626256480813,0.0522509699022643,0.036211560467039064
0.3996460437774658,0.2387845814228058,0.355084584698081,0.2126626256480813,0.0522509699022643,0.036211560467039064
0.42275962233543396,0.2632114887237549,0.355084584698081,0.2126626256480813,0.0522509699022643,0.036211560467039064
0.33516958355903625,0.18754571676254272,0.355084584698081,0.2126626256480813,0.0522509699022643,0.036211560467039064
0.32579365372657776,0.20245598256587982,0.355084584698081,0.2126626256480813,0.0522509699022643,0.036211560467039064
0.3193557560443878,0.20865261554718018,0.355084584698081,0.2126626256480813,0.0522509699022643,0.036211560467039064
0.39103269577026367,0.24285820126533508,0.355084584698081,0.2126626256480813,0.0522509699022643,0.036211560467039064
0.284984290599823,0.15374532341957092,0.355084584698081,0.2126626256480813,0.0522509699022643,0.036211560467039064
0.39190712571144104,0.23103460669517517,0.355084584698081,0.2126626256480813,0.0522509699022643,0.036211560467039064
0.4235263168811798,0.25946182012557983,0.355084584698081,0.2126626256480813,0.0522509699022643,0.036211560467039064
0.3141173720359802,0.20527134835720062,0.355084584698081,0.2126626256480813,0.0522509699022643,0.036211560467039064
0.29540303349494934,0.1768043041229248,0.355084584698081,0.2126626256480813,0.0522509699022643,0.036211560467039064
0.38549354672431946,0.23865465819835663,0.355084584698081,0.2126626256480813,0.0522509699022643,0.036211560467039064
0.30455872416496277,0.19648028910160065,0.355084584698081,0.2126626256480813,0.0522509699022643,0.036211560467039064
0.35325905680656433,0.23201636970043182,0.355084584698081,0.2126626256480813,0.0522509699022643,0.036211560467039064
0.3171365261077881,0.20757432281970978,0.355084584698081,0.2126626256480813,0.0522509699022643,0.036211560467039064
0.30570754408836365,0.204305037856102,0.355084584698081,0.2126626256480813,0.0522509699022643,0.036211560467039064
0.3265012800693512,0.1884016990661621,0.355084584698081,0.2126626256480813,0.0522509699022643,0.036211560467039064
0.331849068403244,0.17450128495693207,0.355084584698081,0.2126626256480813,0.0522509699022643,0.036211560467039064
0.3594542443752289,0.19239023327827454,0.355084584698081,0.2126626256480813,0.0522509699022643,0.036211560467039064
0.3628958761692047,0.209178626537323,0.355084584698081,0.2126626256480813,0.0522509699022643,0.036211560467039064
0.4107164740562439,0.25469085574150085,0.355084584698081,0.2126626256480813,0.0522509699022643,0.036211560467039064
0.3388819694519043,0.2175513207912445,0.355084584698081,0.2126626256480813,0.0522509699022643,0.036211560467039064
0.30770742893218994,0.16350385546684265,0.355084584698081,0.2126626256480813,0.0522509699022643,0.036211560467039064
0.34171029925346375,0.18487171828746796,0.355084584698081,0.2126626256480813,0.0522509699022643,0.036211560467039064
0.4191271662712097,0.253690242767334,0.355084584698081,0.2126626256480813,0.0522509699022643,0.036211560467039064
0.3344899117946625,0.20838434994220734,0.355084584698081,0.2126626256480813,0.0522509699022643,0.036211560467039064
0.40937960147857666,0.24056437611579895,0.355084584698081,0.2126626256480813,0.0522509699022643,0.036211560467039064
0.3670824468135834,0.21260656416416168,0.355084584698081,0.2126626256480813,0.0522509699022643,0.036211560467039064
0.41697660088539124,0.2489490509033203,0.355084584698081,0.2126626256480813,0.0522509699022643,0.036211560467039064
0.3743472993373871,0.21939583122730255,0.355084584698081,0.2126626256480813,0.0522509699022643,0.036211560467039064
0.4036554992198944,0.2435564547777176,0.355084584698081,0.2126626256480813,0.0522509699022643,0.036211560467039064
0.4200587272644043,0.25679677724838257,0.355084584698081,0.2126626256480813,0.0522509699022643,0.036211560467039064
0.3058859407901764,0.16138160228729248,0.355084584698081,0.2126626256480813,0.0522509699022643,0.036211560467039064
0.39649781584739685,0.2590877115726471,0.355084584698081,0.2126626256480813,0.0522509699022643,0.036211560467039064
0.3453518748283386,0.19851063191890717,0.355084584698081,0.2126626256480813,0.0522509699022643,0.036211560467039064
0.3266851603984833,0.17873740196228027,0.355084584698081,0.2126626256480813,0.0522509699022643,0.036211560467039064
0.400153785943985,0.22746384143829346,0.355084584698081,0.2126626256480813,0.0522509699022643,0.036211560467039064
0.33496522903442383,0.19148196280002594,0.355084584698081,0.2126626256480813,0.0522509699022643,0.036211560467039064
0.34403911232948303,0.1890004724264145,0.355084584698081,0.2126626256480813,0.0522509699022643,0.036211560467039064
0.34519699215888977,0.19757318496704102,0.355084584698081,0.2126626256480813,0.0522509699022643,0.036211560467039064
0.41593384742736816,0.24713611602783203,0.355084584698081,0.2126626256480813,0.0522509699022643,0.036211560467039064
0.4626951515674591,0.29208943247795105,0.355084584698081,0.2126626256480813,0.0522509699022643,0.036211560467039064
0.3754054307937622,0.22019383311271667,0.355084584698081,0.2126626256480813,0.0522509699022643,0.036211560467039064
0.2905122637748718,0.16830821335315704,0.355084584698081,0.2126626256480813,0.0522509699022643,0.036211560467039064
0.37176141142845154,0.20577457547187805,0.355084584698081,0.2126626256480813,0.0522509699022643,0.036211560467039064
0.2933022379875183,0.1723945140838623,0.355084584698081,0.2126626256480813,0.0522509699022643,0.036211560467039064
0.36063915491104126,0.20117679238319397,0.355084584698081,0.2126626256480813,0.0522509699022643,0.036211560467039064
0.33876553177833557,0.2233550101518631,0.355084584698081,0.2126626256480813,0.0522509699022643,0.036211560467039064
0.408676415681839,0.2554057836532593,0.355084584698081,0.2126626256480813,0.0522509699022643,0.036211560467039064
0.29951971769332886,0.1746560037136078,0.355084584698081,0.2126626256480813,0.0522509699022643,0.036211560467039064
0.3516489267349243,0.19118165969848633,0.355084584698081,0.2126626256480813,0.0522509699022643,0.036211560467039064
0.30642151832580566,0.18814820051193237,0.355084584698081,0.2126626256480813,0.0522509699022643,0.036211560467039064
0.33123457431793213,0.20400266349315643,0.355084584698081,0.2126626256480813,0.0522509699022643,0.036211560467039064
0.3111353814601898,0.1710427701473236,0.355084584698081,0.2126626256480813,0.0522509699022643,0.036211560467039064
0.4115090072154999,0.25566795468330383,0.355084584698081,0.2126626256480813,0.0522509699022643,0.036211560467039064
0.3763377070426941,0.2207987904548645,0.355084584698081,0.2126626256480813,0.0522509699022643,0.036211560467039064
0.4195578694343567,0.26045167446136475,0.355084584698081,0.2126626256480813,0.0522509699022643,0.036211560467039064
0.3959689736366272,0.2346174716949463,0.355084584698081,0.2126626256480813,0.0522509699022643,0.036211560467039064
0.4295508861541748,0.2680109143257141,0.355084584698081,0.2126626256480813,0.0522509699022643,0.036211560467039064
0.2714688777923584,0.15570726990699768,0.355084584698081,0.2126626256480813,0.0522509699022643,0.036211560467039064
0.2966367304325104,0.18061162531375885,0.355084584698081,0.2126626256480813,0.0522509699022643,0.036211560467039064
0.31773966550827026,0.20132821798324585,0.355084584698081,0.2126626256480813,0.0522509699022643,0.036211560467039064
0.3060459494590759,0.18920961022377014,0.355084584698081,0.2126626256480813,0.0522509699022643,0.036211560467039064
0.4501354396343231,0.2799268662929535,0.355084584698081,0.2126626256480813,0.0522509699022643,0.036211560467039064
0.3822729289531708,0.22120866179466248,0.355084584698081,0.2126626256480813,0.0522509699022643,0.036211560467039064
0.413106232881546,0.25689077377319336,0.355084584698081,0.2126626256480813,0.0522509699022643,0.036211560467039064
0.33119523525238037,0.19467872381210327,0.355084584698081,0.2126626256480813,0.0522509699022643,0.036211560467039064
0.30616050958633423,0.2049480527639389,0.355084584698081,0.2126626256480813,0.0522509699022643,0.036211560467039064
0.4166944921016693,0.25550806522369385,0.355084584698081,0.2126626256480813,0.0522509699022643,0.036211560467039064
0.31783801317214966,0.17787498235702515,0.355084584698081,0.2126626256480813,0.0522509699022643,0.036211560467039064
0.43952661752700806,0.28201407194137573,0.355084584698081,0.2126626256480813,0.0522509699022643,0.036211560467039064
0.3248264491558075,0.196129709482193,0.355084584698081,0.2126626256480813,0.0522509699022643,0.036211560467039064
0.40560296177864075,0.2478686273097992,0.355084584698081,0.2126626256480813,0.0522509699022643,0.036211560467039064
0.4562095105648041,0.29889094829559326,0.355084584698081,0.2126626256480813,0.0522509699022643,0.036211560467039064
0.31560608744621277,0.16083389520645142,0.355084584698081,0.2126626256480813,0.0522509699022643,0.036211560467039064
0.4082374572753906,0.26243582367897034,0.355084584698081,0.2126626256480813,0.0522509699022643,0.036211560467039064
0.4253796339035034,0.26688656210899353,0.355084584698081,0.2126626256480813,0.0522509699022643,0.036211560467039064
0.28928041458129883,0.17082130908966064,0.355084584698081,0.2126626256480813,0.0522509699022643,0.036211560467039064
0.4164140522480011,0.2622791528701782,0.355084584698081,0.2126626256480813,0.0522509699022643,0.036211560467039064
0.41294100880622864,0.25455084443092346,0.355084584698081,0.2126626256480813,0.0522509699022643,0.036211560467039064
0.40262630581855774,0.2419896274805069,0.355084584698081,0.2126626256480813,0.0522509699022643,0.036211560467039064
0.42439085245132446,0.25884923338890076,0.355084584698081,0.2126626256480813,0.0522509699022643,0.036211560467039064
0.4562698304653168,0.2854335904121399,0.355084584698081,0.2126626256480813,0.0522509699022643,0.036211560467039064
0.2685561180114746,0.15703685581684113,0.355084584698081,0.2126626256480813,0.0522509699022643,0.036211560467039064
0.2718447148799896,0.15396201610565186,0.355084584698081,0.2126626256480813,0.0522509699022643,0.036211560467039064
0.34539371728897095,0.23048533499240875,0.355084584698081,0.2126626256480813,0.0522509699022643,0.036211560467039064
0.31160464882850647,0.17815503478050232,0.355084584698081,0.2126626256480813,0.0522509699022643,0.036211560467039064
0.39330485463142395,0.21890854835510254,0.355084584698081,0.2126626256480813,0.0522509699022643,0.036211560467039064
0.276673823595047,0.15863154828548431,0.355084584698081,0.2126626256480813,0.0522509699022643,0.036211560467039064
0.3615688383579254,0.21117576956748962,0.355084584698081,0.2126626256480813,0.0522509699022643,0.036211560467039064
0.31335148215293884,0.20181360840797424,0.355084584698081,0.2126626256480813,0.0522509699022643,0.036211560467039064
0.2795746624469757,0.16902191936969757,0.355084584698081,0.2126626256480813,0.0522509699022643,0.036211560467039064
0.2846200168132782,0.17823809385299683,0.355084584698081,0.2126626256480813,0.0522509699022643,0.036211560467039064
0.4347604215145111,0.2631418704986572,0.355084584698081,0.2126626256480813,0.0522509699022643,0.036211560467039064
0.413687139749527,0.24823376536369324,0.355084584698081,0.2126626256480813,0.0522509699022643,0.036211560467039064
0.2694705128669739,0.14326876401901245,0.355084584698081,0.2126626256480813,0.0522509699022643,0.036211560467039064
0.324554443359375,0.20867134630680084,0.355084584698081,0.2126626256480813,0.0522509699022643,0.036211560467039064
0.30520451068878174,0.16768378019332886,0.355084584698081,0.2126626256480813,0.0522509699022643,0.036211560467039064
0.35163548588752747,0.19809459149837494,0.355084584698081,0.2126626256480813,0.0522509699022643,0.036211560467039064
0.4438295066356659,0.28322508931159973,0.355084584698081,0.2126626256480813,0.0522509699022643,0.036211560467039064
0.31025776267051697,0.1672520637512207,0.355084584698081,0.2126626256480813,0.0522509699022643,0.036211560467039064
0.3314860165119171,0.18118347227573395,0.355084584698081,0.2126626256480813,0.0522509699022643,0.036211560467039064
0.33948075771331787,0.19229069352149963,0.355084584698081,0.2126626256480813,0.0522509699022643,0.036211560467039064
0.3737124502658844,0.21531762182712555,0.355084584698081,0.2126626256480813,0.0522509699022643,0.036211560467039064
0.29600298404693604,0.18979741632938385,0.355084584698081,0.2126626256480813,0.0522509699022643,0.036211560467039064
0.3475300073623657,0.22702772915363312,0.355084584698081,0.2126626256480813,0.0522509699022643,0.036211560467039064
0.4009031653404236,0.2337825894355774,0.355084584698081,0.2126626256480813,0.0522509699022643,0.036211560467039064
0.342229425907135,0.1888955980539322,0.355084584698081,0.2126626256480813,0.0522509699022643,0.036211560467039064
0.4134610891342163,0.25673970580101013,0.355084584698081,0.2126626256480813,0.0522509699022643,0.036211560467039064
0.43296748399734497,0.26407840847969055,0.355084584698081,0.2126626256480813,0.0522509699022643,0.036211560467039064
0.3626849055290222,0.19992531836032867,0.355084584698081,0.2126626256480813,0.0522509699022643,0.036211560467039064
0.3052351772785187,0.1841316968202591,0.355084584698081,0.2126626256480813,0.0522509699022643,0.036211560467039064
0.291246622800827,0.16545599699020386,0.355084584698081,0.2126626256480813,0.0522509699022643,0.036211560467039064
0.36939525604248047,0.21145130693912506,0.355084584698081,0.2126626256480813,0.0522509699022643,0.036211560467039064
0.3780202865600586,0.21320022642612457,0.355084584698081,0.2126626256480813,0.0522509699022643,0.036211560467039064
0.36836281418800354,0.2114427536725998,0.355084584698081,0.2126626256480813,0.0522509699022643,0.036211560467039064
0.26465076208114624,0.1549154371023178,0.355084584698081,0.2126626256480813,0.0522509699022643,0.036211560467039064
0.33036163449287415,0.22324411571025848,0.355084584698081,0.2126626256480813,0.0522509699022643,0.036211560467039064
0.3498227298259735,0.1966107338666916,0.355084584698081,0.2126626256480813,0.0522509699022643,0.036211560467039064
0.38031962513923645,0.2224620282649994,0.355084584698081,0.2126626256480813,0.0522509699022643,0.036211560467039064
0.3196958005428314,0.1762339472770691,0.355084584698081,0.2126626256480813,0.0522509699022643,0.036211560467039064
0.41283082962036133,0.25459030270576477,0.355084584698081,0.2126626256480813,0.0522509699022643,0.036211560467039064
0.31834760308265686,0.1718936413526535,0.355084584698081,0.2126626256480813,0.0522509699022643,0.036211560467039064
0.3538377583026886,0.19740059971809387,0.355084584698081,0.2126626256480813,0.0522509699022643,0.036211560467039064
0.27363863587379456,0.16485179960727692,0.355084584698081,0.2126626256480813,0.0522509699022643,0.036211560467039064
0.4233255982398987,0.2536182701587677,0.355084584698081,0.2126626256480813,0.0522509699022643,0.036211560467039064
0.29497411847114563,0.16544070839881897,0.355084584698081,0.2126626256480813,0.0522509699022643,0.036211560467039064
0.4453876316547394,0.2791305184364319,0.355084584698081,0.2126626256480813,0.0522509699022643,0.036211560467039064
0.38365283608436584,0.2233404517173767,0.355084584698081,0.2126626256480813,0.0522509699022643,0.036211560467039064
0.3101351261138916,0.19704066216945648,0.355084584698081,0.2126626256480813,0.0522509699022643,0.036211560467039064
0.3562588393688202,0.18548665940761566,0.355084584698081,0.2126626256480813,0.0522509699022643,0.036211560467039064
0.3560205399990082,0.1990356743335724,0.355084584698081,0.2126626256480813,0.0522509699022643,0.036211560467039064
0.2787421643733978,0.15559452772140503,0.355084584698081,0.2126626256480813,0.0522509699022643,0.036211560467039064
0.3538631498813629,0.20205987989902496,0.355084584698081,0.2126626256480813,0.0522509699022643,0.036211560467039064
0.33804816007614136,0.22040031850337982,0.355084584698081,0.2126626256480813,0.0522509699022643,0.036211560467039064
0.4111213684082031,0.2579059600830078,0.355084584698081,0.2126626256480813,0.0522509699022643,0.036211560467039064
0.35429781675338745,0.2030366063117981,0.355084584698081,0.2126626256480813,0.0522509699022643,0.036211560467039064
0.41724303364753723,0.26480409502983093,0.355084584698081,0.2126626256480813,0.0522509699022643,0.036211560467039064
0.414737731218338,0.24652668833732605,0.355084584698081,0.2126626256480813,0.0522509699022643,0.036211560467039064
0.42210981249809265,0.26340487599372864,0.355084584698081,0.2126626256480813,0.0522509699022643,0.036211560467039064
0.2834654748439789,0.14956022799015045,0.355084584698081,0.2126626256480813,0.0522509699022643,0.036211560467039064
0.3162314295768738,0.1984202116727829,0.355084584698081,0.2126626256480813,0.0522509699022643,0.036211560467039064
0.36201125383377075,0.19997408986091614,0.355084584698081,0.2126626256480813,0.0522509699022643,0.036211560467039064
0.36136505007743835,0.1871914565563202,0.355084584698081,0.2126626256480813,0.0522509699022643,0.036211560467039064
0.33431968092918396,0.20838776230812073,0.355084584698081,0.2126626256480813,0.0522509699022643,0.036211560467039064
0.36086368560791016,0.20508480072021484,0.355084584698081,0.2126626256480813,0.0522509699022643,0.036211560467039064
0.2904891073703766,0.17531901597976685,0.355084584698081,0.2126626256480813,0.0522509699022643,0.036211560467039064
0.3285163640975952,0.20195022225379944,0.355084584698081,0.2126626256480813,0.0522509699022643,0.036211560467039064
0.4272941052913666,0.26649370789527893,0.355084584698081,0.2126626256480813,0.0522509699022643,0.036211560467039064
0.2903871238231659,0.17323829233646393,0.355084584698081,0.2126626256480813,0.0522509699022643,0.036211560467039064
0.33049440383911133,0.18275529146194458,0.355084584698081,0.2126626256480813,0.0522509699022643,0.036211560467039064
0.32190483808517456,0.19901105761528015,0.355084584698081,0.2126626256480813,0.0522509699022643,0.036211560467039064
0.27277639508247375,0.1606595367193222,0.355084584698081,0.2126626256480813,0.0522509699022643,0.036211560467039064
0.38583922386169434,0.2487608641386032,0.355084584698081,0.2126626256480813,0.0522509699022643,0.036211560467039064
0.4038137197494507,0.25433245301246643,0.355084584698081,0.2126626256480813,0.0522509699022643,0.036211560467039064
0.32227203249931335,0.16600175201892853,0.355084584698081,0.2126626256480813,0.0522509699022643,0.036211560467039064
0.30487656593322754,0.20338468253612518,0.355084584698081,0.2126626256480813,0.0522509699022643,0.036211560467039064
0.2879578471183777,0.1839750111103058,0.355084584698081,0.2126626256480813,0.0522509699022643,0.036211560467039064
0.4169188141822815,0.25232750177383423,0.355084584698081,0.2126626256480813,0.0522509699022643,0.036211560467039064
0.3261195719242096,0.194485604763031,0.355084584698081,0.2126626256480813,0.0522509699022643,0.036211560467039064
0.3733496367931366,0.2162722647190094,0.355084584698081,0.2126626256480813,0.0522509699022643,0.036211560467039064
0.316849023103714,0.19658316671848297,0.355084584698081,0.2126626256480813,0.0522509699022643,0.036211560467039064
0.3619326651096344,0.22802944481372833,0.355084584698081,0.2126626256480813,0.0522509699022643,0.036211560467039064
0.3650864362716675,0.20481933653354645,0.355084584698081,0.2126626256480813,0.0522509699022643,0.036211560467039064
0.39017167687416077,0.22710548341274261,0.355084584698081,0.2126626256480813,0.0522509699022643,0.036211560467039064
0.447142094373703,0.2789834141731262,0.355084584698081,0.2126626256480813,0.0522509699022643,0.036211560467039064
0.3469507098197937,0.18335683643817902,0.355084584698081,0.2126626256480813,0.0522509699022643,0.036211560467039064
0.40358611941337585,0.24422545731067657,0.355084584698081,0.2126626256480813,0.0522509699022643,0.036211560467039064
0.3025254011154175,0.19203607738018036,0.355084584698081,0.2126626256480813,0.0522509699022643,0.036211560467039064
0.30333754420280457,0.196221724152565,0.355084584698081,0.2126626256480813,0.0522509699022643,0.036211560467039064
0.3030724823474884,0.1825922429561615,0.355084584698081,0.2126626256480813,0.0522509699022643,0.036211560467039064
0.28927189111709595,0.17100077867507935,0.355084584698081,0.2126626256480813,0.0522509699022643,0.036211560467039064
0.4212607443332672,0.27127885818481445,0.355084584698081,0.2126626256480813,0.0522509699022643,0.036211560467039064
0.41693195700645447,0.24954986572265625,0.355084584698081,0.2126626256480813,0.0522509699022643,0.036211560467039064
0.41271597146987915,0.23980894684791565,0.355084584698081,0.2126626256480813,0.0522509699022643,0.036211560467039064
0.3784210979938507,0.2219952493906021,0.355084584698081,0.2126626256480813,0.0522509699022643,0.036211560467039064
0.3502776324748993,0.18519417941570282,0.355084584698081,0.2126626256480813,0.0522509699022643,0.036211560467039064
0.3453887701034546,0.21069693565368652,0.355084584698081,0.2126626256480813,0.0522509699022643,0.036211560467039064
0.3512415587902069,0.19223694503307343,0.355084584698081,0.2126626256480813,0.0522509699022643,0.036211560467039064
0.42147696018218994,0.25824442505836487,0.355084584698081,0.2126626256480813,0.0522509699022643,0.036211560467039064
0.402690052986145,0.23931202292442322,0.355084584698081,0.2126626256480813,0.0522509699022643,0.036211560467039064
0.39926475286483765,0.23153729736804962,0.355084584698081,0.2126626256480813,0.0522509699022643,0.036211560467039064
0.42497342824935913,0.25771546363830566,0.355084584698081,0.2126626256480813,0.0522509699022643,0.036211560467039064
0.3107149004936218,0.19660942256450653,0.355084584698081,0.2126626256480813,0.0522509699022643,0.036211560467039064
0.30224543809890747,0.19535361230373383,0.355084584698081,0.2126626256480813,0.0522509699022643,0.036211560467039064
0.3214830458164215,0.1919613927602768,0.355084584698081,0.2126626256480813,0.0522509699022643,0.036211560467039064
0.34788763523101807,0.21183228492736816,0.355084584698081,0.2126626256480813,0.0522509699022643,0.036211560467039064
0.42172369360923767,0.2610357105731964,0.355084584698081,0.2126626256480813,0.0522509699022643,0.036211560467039064
0.32186707854270935,0.1795339584350586,0.355084584698081,0.2126626256480813,0.0522509699022643,0.036211560467039064
0.3224414885044098,0.2143857777118683,0.355084584698081,0.2126626256480813,0.0522509699022643,0.036211560467039064
0.36189642548561096,0.21230481564998627,0.355084584698081,0.2126626256480813,0.0522509699022643,0.036211560467039064
0.3463096618652344,0.18869678676128387,0.355084584698081,0.2126626256480813,0.0522509699022643,0.036211560467039064
0.3368039131164551,0.18927331268787384,0.355084584698081,0.2126626256480813,0.0522509699022643,0.036211560467039064
0.39646103978157043,0.24910986423492432,0.355084584698081,0.2126626256480813,0.0522509699022643,0.036211560467039064
0.41635486483573914,0.27145424485206604,0.355084584698081,0.2126626256480813,0.0522509699022643,0.036211560467039064
0.4069449007511139,0.2556440830230713,0.355084584698081,0.2126626256480813,0.0522509699022643,0.036211560467039064
0.4218084514141083,0.26857060194015503,0.355084584698081,0.2126626256480813,0.0522509699022643,0.036211560467039064
0.3339978754520416,0.18294893205165863,0.355084584698081,0.2126626256480813,0.0522509699022643,0.036211560467039064
0.43534374237060547,0.2829448878765106,0.355084584698081,0.2126626256480813,0.0522509699022643,0.036211560467039064
0.4055861234664917,0.2481524795293808,0.355084584698081,0.2126626256480813,0.0522509699022643,0.036211560467039064
0.4145200252532959,0.24691011011600494,0.355084584698081,0.2126626256480813,0.0522509699022643,0.036211560467039064
0.385231077671051,0.21490466594696045,0.355084584698081,0.2126626256480813,0.0522509699022643,0.036211560467039064
0.381111741065979,0.23029468953609467,0.355084584698081,0.2126626256480813,0.0522509699022643,0.036211560467039064
0.3353580832481384,0.17573563754558563,0.355084584698081,0.2126626256480813,0.0522509699022643,0.036211560467039064
0.31507062911987305,0.16669808328151703,0.355084584698081,0.2126626256480813,0.0522509699022643,0.036211560467039064
0.3087184727191925,0.17700569331645966,0.355084584698081,0.2126626256480813,0.0522509699022643,0.036211560467039064
0.307962030172348,0.1930456906557083,0.355084584698081,0.2126626256480813,0.0522509699022643,0.036211560467039064
0.43610793352127075,0.2706442177295685,0.355084584698081,0.2126626256480813,0.0522509699022643,0.036211560467039064
0.2922340929508209,0.1877012997865677,0.355084584698081,0.2126626256480813,0.0522509699022643,0.036211560467039064
0.28652751445770264,0.15911705791950226,0.355084584698081,0.2126626256480813,0.0522509699022643,0.036211560467039064
0.36019769310951233,0.23221619427204132,0.355084584698081,0.2126626256480813,0.0522509699022643,0.036211560467039064
0.2924398183822632,0.1803184151649475,0.355084584698081,0.2126626256480813,0.0522509699022643,0.036211560467039064
0.334867388010025,0.20293670892715454,0.355084584698081,0.2126626256480813,0.0522509699022643,0.036211560467039064
0.42371758818626404,0.2754001319408417,0.355084584698081,0.2126626256480813,0.0522509699022643,0.036211560467039064
0.2725299596786499,0.1592613011598587,0.355084584698081,0.2126626256480813,0.0522509699022643,0.036211560467039064
0.3302607834339142,0.19072705507278442,0.355084584698081,0.2126626256480813,0.0522509699022643,0.036211560467039064
0.3513517379760742,0.19990940392017365,0.355084584698081,0.2126626256480813,0.0522509699022643,0.036211560467039064
0.340206503868103,0.2335459440946579,0.355084584698081,0.2126626256480813,0.0522509699022643,0.036211560467039064
0.3699580729007721,0.20074032247066498,0.355084584698081,0.2126626256480813,0.0522509699022643,0.036211560467039064
0.3415432274341583,0.2004774659872055,0.355084584698081,0.2126626256480813,0.0522509699022643,0.036211560467039064
0.4436781108379364,0.27737563848495483,0.355084584698081,0.2126626256480813,0.0522509699022643,0.036211560467039064
0.3605865240097046,0.23289677500724792,0.355084584698081,0.2126626256480813,0.0522509699022643,0.036211560467039064
0.4208184480667114,0.2627238631248474,0.355084584698081,0.2126626256480813,0.0522509699022643,0.036211560467039064
0.3302235007286072,0.16846902668476105,0.355084584698081,0.2126626256480813,0.0522509699022643,0.036211560467039064
0.2918614447116852,0.15136930346488953,0.355084584698081,0.2126626256480813,0.0522509699022643,0.036211560467039064
0.4015774130821228,0.2645668089389801,0.355084584698081,0.2126626256480813,0.0522509699022643,0.036211560467039064
0.30129414796829224,0.17331577837467194,0.355084584698081,0.2126626256480813,0.0522509699022643,0.036211560467039064
0.30589359998703003,0.2015654444694519,0.355084584698081,0.2126626256480813,0.0522509699022643,0.036211560467039064
0.2721824049949646,0.1511366218328476,0.355084584698081,0.2126626256480813,0.0522509699022643,0.036211560467039064
0.4320768117904663,0.26987025141716003,0.355084584698081,0.2126626256480813,0.0522509699022643,0.036211560467039064
0.3724519908428192,0.20809149742126465,0.355084584698081,0.2126626256480813,0.0522509699022643,0.036211560467039064
0.4061339795589447,0.25263306498527527,0.355084584698081,0.2126626256480813,0.0522509699022643,0.036211560467039064
0.3016544282436371,0.1808704137802124,0.355084584698081,0.2126626256480813,0.0522509699022643,0.036211560467039064
0.4070308804512024,0.2546280324459076,0.355084584698081,0.2126626256480813,0.0522509699022643,0.036211560467039064
0.3510395586490631,0.20119382441043854,0.355084584698081,0.2126626256480813,0.0522509699022643,0.036211560467039064
0.3041593134403229,0.1716674417257309,0.355084584698081,0.2126626256480813,0.0522509699022643,0.036211560467039064
0.33042868971824646,0.18652640283107758,0.355084584698081,0.2126626256480813,0.0522509699022643,0.036211560467039064
0.3771462142467499,0.22565585374832153,0.355084584698081,0.2126626256480813,0.0522509699022643,0.036211560467039064
0.31109416484832764,0.18560220301151276,0.355084584698081,0.2126626256480813,0.0522509699022643,0.036211560467039064
0.2783750593662262,0.16434717178344727,0.355084584698081,0.2126626256480813,0.0522509699022643,0.036211560467039064
0.41655102372169495,0.24349857866764069,0.355084584698081,0.2126626256480813,0.0522509699022643,0.036211560467039064
0.31691187620162964,0.20717617869377136,0.355084584698081,0.2126626256480813,0.0522509699022643,0.036211560467039064
0.2866714894771576,0.16498763859272003,0.355084584698081,0.2126626256480813,0.0522509699022643,0.036211560467039064
0.310411661863327,0.20339223742485046,0.355084584698081,0.2126626256480813,0.0522509699022643,0.036211560467039064
0.383770614862442,0.22883713245391846,0.355084584698081,0.2126626256480813,0.0522509699022643,0.036211560467039064
0.2817329168319702,0.1690225601196289,0.355084584698081,0.2126626256480813,0.0522509699022643,0.036211560467039064
0.34394940733909607,0.22110916674137115,0.355084584698081,0.2126626256480813,0.0522509699022643,0.036211560467039064
0.4611964821815491,0.2947962284088135,0.355084584698081,0.2126626256480813,0.0522509699022643,0.036211560467039064
0.3385908901691437,0.18726076185703278,0.355084584698081,0.2126626256480813,0.0522509699022643,0.036211560467039064
0.41550466418266296,0.2564479112625122,0.355084584698081,0.2126626256480813,0.0522509699022643,0.036211560467039064
0.27479636669158936,0.15628446638584137,0.355084584698081,0.2126626256480813,0.0522509699022643,0.036211560467039064
0.4096006453037262,0.23168648779392242,0.355084584698081,0.2126626256480813,0.0522509699022643,0.036211560467039064
0.30967262387275696,0.18501783907413483,0.355084584698081,0.2126626256480813,0.0522509699022643,0.036211560467039064
0.389473021030426,0.2444780319929123,0.355084584698081,0.2126626256480813,0.0522509699022643,0.036211560467039064
0.33037662506103516,0.18057222664356232,0.355084584698081,0.2126626256480813,0.0522509699022643,0.036211560467039064
0.28688716888427734,0.18285870552062988,0.355084584698081,0.2126626256480813,0.0522509699022643,0.036211560467039064
0.31484341621398926,0.17313140630722046,0.355084584698081,0.2126626256480813,0.0522509699022643,0.036211560467039064
0.4090035855770111,0.23798184096813202,0.355084584698081,0.2126626256480813,0.0522509699022643,0.036211560467039064
0.4099899232387543,0.25928518176078796,0.355084584698081,0.2126626256480813,0.0522509699022643,0.036211560467039064
0.3010706305503845,0.19242727756500244,0.355084584698081,0.2126626256480813,0.0522509699022643,0.036211560467039064
0.39693334698677063,0.22577883303165436,0.355084584698081,0.2126626256480813,0.0522509699022643,0.036211560467039064
0.2983872890472412,0.18528957664966583,0.355084584698081,0.2126626256480813,0.0522509699022643,0.036211560467039064
0.3988591134548187,0.2327863872051239,0.355084584698081,0.2126626256480813,0.0522509699022643,0.036211560467039064
0.43527019023895264,0.26842987537384033,0.355084584698081,0.2126626256480813,0.0522509699022643,0.036211560467039064
0.29618626832962036,0.18778039515018463,0.355084584698081,0.2126626256480813,0.0522509699022643,0.036211560467039064
0.4086077809333801,0.2508792579174042,0.355084584698081,0.2126626256480813,0.0522509699022643,0.036211560467039064
0.4032885730266571,0.23070171475410461,0.355084584698081,0.2126626256480813,0.0522509699022643,0.036211560467039064
0.422447144985199,0.26028746366500854,0.355084584698081,0.2126626256480813,0.0522509699022643,0.036211560467039064
0.3101004362106323,0.17479541897773743,0.355084584698081,0.2126626256480813,0.0522509699022643,0.036211560467039064
0.3000648021697998,0.19966702163219452,0.355084584698081,0.2126626256480813,0.0522509699022643,0.036211560467039064
0.39129021763801575,0.2489124983549118,0.355084584698081,0.2126626256480813,0.0522509699022643,0.036211560467039064
0.37497687339782715,0.22180554270744324,0.355084584698081,0.2126626256480813,0.0522509699022643,0.036211560467039064
0.4134291708469391,0.25627437233924866,0.355084584698081,0.2126626256480813,0.0522509699022643,0.036211560467039064
0.42806538939476013,0.2639174461364746,0.355084584698081,0.2126626256480813,0.0522509699022643,0.036211560467039064
0.3887808918952942,0.23422208428382874,0.355084584698081,0.2126626256480813,0.0522509699022643,0.036211560467039064
0.295437753200531,0.17508253455162048,0.355084584698081,0.2126626256480813,0.0522509699022643,0.036211560467039064
0.28376778960227966,0.1515681892633438,0.355084584698081,0.2126626256480813,0.0522509699022643,0.036211560467039064
0.3175032436847687,0.2007165551185608,0.355084584698081,0.2126626256480813,0.0522509699022643,0.036211560467039064
0.2851579487323761,0.16706962883472443,0.355084584698081,0.2126626256480813,0.0522509699022643,0.036211560467039064
0.29169344902038574,0.1858719289302826,0.355084584698081,0.2126626256480813,0.0522509699022643,0.036211560467039064
0.428716242313385,0.26973608136177063,0.355084584698081,0.2126626256480813,0.0522509699022643,0.036211560467039064
0.3023594915866852,0.1845858097076416,0.355084584698081,0.2126626256480813,0.0522509699022643,0.036211560467039064
0.43460825085639954,0.26191696524620056,0.355084584698081,0.2126626256480813,0.0522509699022643,0.036211560467039064
0.2898017466068268,0.1702142059803009,0.355084584698081,0.2126626256480813,0.0522509699022643,0.036211560467039064
0.2692054212093353,0.15369848906993866,0.355084584698081,0.2126626256480813,0.0522509699022643,0.036211560467039064
0.43674492835998535,0.26663681864738464,0.355084584698081,0.2126626256480813,0.0522509699022643,0.036211560467039064
0.2929333448410034,0.17649829387664795,0.355084584698081,0.2126626256480813,0.0522509699022643,0.036211560467039064
0.32962721586227417,0.18792681396007538,0.355084584698081,0.2126626256480813,0.0522509699022643,0.036211560467039064
0.38392210006713867,0.24501018226146698,0.355084584698081,0.2126626256480813,0.0522509699022643,0.036211560467039064
0.3673039972782135,0.20871035754680634,0.355084584698081,0.2126626256480813,0.0522509699022643,0.036211560467039064
0.2877170741558075,0.16682147979736328,0.355084584698081,0.2126626256480813,0.0522509699022643,0.036211560467039064
0.2995309829711914,0.1965627670288086,0.355084584698081,0.2126626256480813,0.0522509699022643,0.036211560467039064
0.4317479133605957,0.27443641424179077,0.355084584698081,0.2126626256480813,0.0522509699022643,0.036211560467039064
0.29966863989830017,0.17482779920101166,0.355084584698081,0.2126626256480813,0.0522509699022643,0.036211560467039064
0.28358766436576843,0.16674143075942993,0.355084584698081,0.2126626256480813,0.0522509699022643,0.036211560467039064
0.4071418046951294,0.2563660740852356,0.355084584698081,0.2126626256480813,0.0522509699022643,0.036211560467039064
0.3797924816608429,0.2124747484922409,0.355084584698081,0.2126626256480813,0.0522509699022643,0.036211560467039064
0.2721596360206604,0.15466473996639252,0.355084584698081,0.2126626256480813,0.0522509699022643,0.036211560467039064
0.43467023968696594,0.2741488218307495,0.355084584698081,0.2126626256480813,0.0522509699022643,0.036211560467039064
0.29443809390068054,0.1630687117576599,0.355084584698081,0.2126626256480813,0.0522509699022643,0.036211560467039064
0.43190500140190125,0.27212050557136536,0.355084584698081,0.2126626256480813,0.0522509699022643,0.036211560467039064
0.2986534833908081,0.1900544911623001,0.355084584698081,0.2126626256480813,0.0522509699022643,0.036211560467039064
0.347908079624176,0.20924822986125946,0.355084584698081,0.2126626256480813,0.0522509699022643,0.036211560467039064
0.27005428075790405,0.14796744287014008,0.355084584698081,0.2126626256480813,0.0522509699022643,0.036211560467039064
0.405550479888916,0.25708743929862976,0.355084584698081,0.2126626256480813,0.0522509699022643,0.036211560467039064
0.3135581910610199,0.17886711657047272,0.355084584698081,0.2126626256480813,0.0522509699022643,0.036211560467039064
0.3871045410633087,0.2120380997657776,0.355084584698081,0.2126626256480813,0.0522509699022643,0.036211560467039064
0.36978891491889954,0.22934633493423462,0.355084584698081,0.2126626256480813,0.0522509699022643,0.036211560467039064
0.36923664808273315,0.2372836023569107,0.355084584698081,0.2126626256480813,0.0522509699022643,0.036211560467039064
0.3243235945701599,0.18521124124526978,0.355084584698081,0.2126626256480813,0.0522509699022643,0.036211560467039064
0.39073190093040466,0.2329043447971344,0.355084584698081,0.2126626256480813,0.0522509699022643,0.036211560467039064
0.3720768392086029,0.21332865953445435,0.355084584698081,0.2126626256480813,0.0522509699022643,0.036211560467039064
0.4105837345123291,0.2423446774482727,0.355084584698081,0.2126626256480813,0.0522509699022643,0.036211560467039064
0.32073408365249634,0.18611878156661987,0.355084584698081,0.2126626256480813,0.0522509699022643,0.036211560467039064
0.31021833419799805,0.173837348818779,0.355084584698081,0.2126626256480813,0.0522509699022643,0.036211560467039064
0.3231256902217865,0.20611704885959625,0.355084584698081,0.2126626256480813,0.0522509699022643,0.036211560467039064
0.32531073689460754,0.17875872552394867,0.355084584698081,0.2126626256480813,0.0522509699022643,0.036211560467039064
0.36254921555519104,0.19592082500457764,0.355084584698081,0.2126626256480813,0.0522509699022643,0.036211560467039064
0.4170641601085663,0.24252310395240784,0.355084584698081,0.2126626256480813,0.0522509699022643,0.036211560467039064
0.3785114288330078,0.21027898788452148,0.355084584698081,0.2126626256480813,0.0522509699022643,0.036211560467039064
0.414418488740921,0.23713113367557526,0.355084584698081,0.2126626256480813,0.0522509699022643,0.036211560467039064
0.34413468837738037,0.22637395560741425,0.355084584698081,0.2126626256480813,0.0522509699022643,0.036211560467039064
0.27791455388069153,0.1800227016210556,0.355084584698081,0.2126626256480813,0.0522509699022643,0.036211560467039064
0.34979215264320374,0.2176915407180786,0.355084584698081,0.2126626256480813,0.0522509699022643,0.036211560467039064
0.3335542678833008,0.1873595118522644,0.355084584698081,0.2126626256480813,0.0522509699022643,0.036211560467039064
0.3365955054759979,0.17807690799236298,0.355084584698081,0.2126626256480813,0.0522509699022643,0.036211560467039064
0.41836807131767273,0.25795504450798035,0.355084584698081,0.2126626256480813,0.0522509699022643,0.036211560467039064
0.2923622727394104,0.16663344204425812,0.355084584698081,0.2126626256480813,0.0522509699022643,0.036211560467039064
0.40713751316070557,0.24637411534786224,0.355084584698081,0.2126626256480813,0.0522509699022643,0.036211560467039064
0.2832142412662506,0.1678691804409027,0.355084584698081,0.2126626256480813,0.0522509699022643,0.036211560467039064
0.3641136884689331,0.1924397200345993,0.355084584698081,0.2126626256480813,0.0522509699022643,0.036211560467039064
0.30823978781700134,0.17309220135211945,0.355084584698081,0.2126626256480813,0.0522509699022643,0.036211560467039064
0.276078999042511,0.16167451441287994,0.355084584698081,0.2126626256480813,0.0522509699022643,0.036211560467039064
0.38314107060432434,0.21145574748516083,0.355084584698081,0.2126626256480813,0.0522509699022643,0.036211560467039064
0.37657058238983154,0.20753614604473114,0.355084584698081,0.2126626256480813,0.0522509699022643,0.036211560467039064
0.40469151735305786,0.23410043120384216,0.355084584698081,0.2126626256480813,0.0522509699022643,0.036211560467039064
0.43436941504478455,0.27311578392982483,0.355084584698081,0.2126626256480813,0.0522509699022643,0.036211560467039064
0.33425790071487427,0.17969287931919098,0.355084584698081,0.2126626256480813,0.0522509699022643,0.036211560467039064
0.429712176322937,0.2806755304336548,0.355084584698081,0.2126626256480813,0.0522509699022643,0.036211560467039064
0.41253331303596497,0.25041261315345764,0.355084584698081,0.2126626256480813,0.0522509699022643,0.036211560467039064
0.3380225896835327,0.22382192313671112,0.355084584698081,0.2126626256480813,0.0522509699022643,0.036211560467039064
0.28076452016830444,0.16982126235961914,0.355084584698081,0.2126626256480813,0.0522509699022643,0.036211560467039064
0.39252182841300964,0.23109737038612366,0.355084584698081,0.2126626256480813,0.0522509699022643,0.036211560467039064
0.3214602470397949,0.18537409603595734,0.355084584698081,0.2126626256480813,0.0522509699022643,0.036211560467039064
0.3791215717792511,0.20598949491977692,0.355084584698081,0.2126626256480813,0.0522509699022643,0.036211560467039064
0.32704591751098633,0.19257277250289917,0.355084584698081,0.2126626256480813,0.0522509699022643,0.036211560467039064
0.3818133771419525,0.2322869449853897,0.355084584698081,0.2126626256480813,0.0522509699022643,0.036211560467039064
0.2892216444015503,0.1748485267162323,0.355084584698081,0.2126626256480813,0.0522509699022643,0.036211560467039064
0.4419799745082855,0.28113535046577454,0.355084584698081,0.2126626256480813,0.0522509699022643,0.036211560467039064
0.3793024718761444,0.22014646232128143,0.355084584698081,0.2126626256480813,0.0522509699022643,0.036211560467039064
0.3883287310600281,0.23711669445037842,0.355084584698081,0.2126626256480813,0.0522509699022643,0.036211560467039064
0.31924307346343994,0.16402935981750488,0.355084584698081,0.2126626256480813,0.0522509699022643,0.036211560467039064
0.42107391357421875,0.2615047097206116,0.355084584698081,0.2126626256480813,0.0522509699022643,0.036211560467039064
0.2760218381881714,0.16419093310832977,0.355084584698081,0.2126626256480813,0.0522509699022643,0.036211560467039064
0.2948771119117737,0.18021394312381744,0.355084584698081,0.2126626256480813,0.0522509699022643,0.036211560467039064
0.37881386280059814,0.21836711466312408,0.355084584698081,0.2126626256480813,0.0522509699022643,0.036211560467039064
0.3747515082359314,0.22640900313854218,0.355084584698081,0.2126626256480813,0.0522509699022643,0.036211560467039064
0.3445819616317749,0.2138100117444992,0.355084584698081,0.2126626256480813,0.0522509699022643,0.036211560467039064
0.4105413258075714,0.2562362849712372,0.355084584698081,0.2126626256480813,0.0522509699022643,0.036211560467039064
0.4374733865261078,0.28192201256752014,0.355084584698081,0.2126626256480813,0.0522509699022643,0.036211560467039064
0.3878694772720337,0.2264997810125351,0.355084584698081,0.2126626256480813,0.0522509699022643,0.036211560467039064
0.3109060823917389,0.21469660103321075,0.355084584698081,0.2126626256480813,0.0522509699022643,0.036211560467039064
0.32619360089302063,0.2066831886768341,0.355084584698081,0.2126626256480813,0.0522509699022643,0.036211560467039064
0.35564371943473816,0.19999217987060547,0.355084584698081,0.2126626256480813,0.0522509699022643,0.036211560467039064
0.39853501319885254,0.23573452234268188,0.355084584698081,0.2126626256480813,0.0522509699022643,0.036211560467039064
0.28124868869781494,0.17923609912395477,0.355084584698081,0.2126626256480813,0.0522509699022643,0.036211560467039064
0.34210410714149475,0.19046522676944733,0.355084584698081,0.2126626256480813,0.0522509699022643,0.036211560467039064
0.3986230194568634,0.24072328209877014,0.355084584698081,0.2126626256480813,0.0522509699022643,0.036211560467039064
0.280215322971344,0.16658318042755127,0.355084584698081,0.2126626256480813,0.0522509699022643,0.036211560467039064
0.41224825382232666,0.25626569986343384,0.355084584698081,0.2126626256480813,0.0522509699022643,0.036211560467039064
0.43095558881759644,0.26442354917526245,0.355084584698081,0.2126626256480813,0.0522509699022643,0.036211560467039064
0.3017861843109131,0.17209140956401825,0.355084584698081,0.2126626256480813,0.0522509699022643,0.036211560467039064
0.40158045291900635,0.2533912658691406,0.355084584698081,0.2126626256480813,0.0522509699022643,0.036211560467039064
0.40289685130119324,0.24342820048332214,0.355084584698081,0.2126626256480813,0.0522509699022643,0.036211560467039064
0.37211737036705017,0.2120787352323532,0.355084584698081,0.2126626256480813,0.0522509699022643,0.036211560467039064
0.4219892621040344,0.25081145763397217,0.355084584698081,0.2126626256480813,0.0522509699022643,0.036211560467039064
0.33299097418785095,0.1797069013118744,0.355084584698081,0.2126626256480813,0.0522509699022643,0.036211560467039064
0.4171065390110016,0.25327786803245544,0.355084584698081,0.2126626256480813,0.0522509699022643,0.036211560467039064
0.43040069937705994,0.26858407258987427,0.355084584698081,0.2126626256480813,0.0522509699022643,0.036211560467039064
0.2963813543319702,0.16030992567539215,0.355084584698081,0.2126626256480813,0.0522509699022643,0.036211560467039064
0.29640963673591614,0.17797008156776428,0.355084584698081,0.2126626256480813,0.0522509699022643,0.036211560467039064
0.433899462223053,0.28193649649620056,0.355084584698081,0.2126626256480813,0.0522509699022643,0.036211560467039064
0.2908696234226227,0.17144973576068878,0.355084584698081,0.2126626256480813,0.0522509699022643,0.036211560467039064
0.32895204424858093,0.20306910574436188,0.355084584698081,0.2126626256480813,0.0522509699022643,0.036211560467039064
0.41145363450050354,0.25685226917266846,0.355084584698081,0.2126626256480813,0.0522509699022643,0.036211560467039064
0.4118852913379669,0.2471766322851181,0.355084584698081,0.2126626256480813,0.0522509699022643,0.036211560467039064
0.4044351875782013,0.24022383987903595,0.355084584698081,0.2126626256480813,0.0522509699022643,0.036211560467039064
0.31077396869659424,0.1694861799478531,0.355084584698081,0.2126626256480813,0.0522509699022643,0.036211560467039064
0.403576523065567,0.2396635264158249,0.355084584698081,0.2126626256480813,0.0522509699022643,0.036211560467039064
0.4256156384944916,0.2663060128688812,0.355084584698081,0.2126626256480813,0.0522509699022643,0.036211560467039064
0.34300655126571655,0.1904224455356598,0.355084584698081,0.2126626256480813,0.0522509699022643,0.036211560467039064
0.34908661246299744,0.1892663687467575,0.355084584698081,0.2126626256480813,0.0522509699022643,0.036211560467039064
0.39552807807922363,0.2292531132698059,0.355084584698081,0.2126626256480813,0.0522509699022643,0.036211560467039064
0.34037840366363525,0.1790536642074585,0.355084584698081,0.2126626256480813,0.0522509699022643,0.036211560467039064
0.3353901505470276,0.1827966570854187,0.355084584698081,0.2126626256480813,0.0522509699022643,0.036211560467039064
0.30368921160697937,0.19518917798995972,0.355084584698081,0.2126626256480813,0.0522509699022643,0.036211560467039064
0.3895363211631775,0.2329571694135666,0.355084584698081,0.2126626256480813,0.0522509699022643,0.036211560467039064
0.40791627764701843,0.23778881132602692,0.355084584698081,0.2126626256480813,0.0522509699022643,0.036211560467039064
0.3223392069339752,0.19553373754024506,0.355084584698081,0.2126626256480813,0.0522509699022643,0.036211560467039064
0.286394864320755,0.15180455148220062,0.355084584698081,0.2126626256480813,0.0522509699022643,0.036211560467039064
0.3698493540287018,0.21514280140399933,0.355084584698081,0.2126626256480813,0.0522509699022643,0.036211560467039064
0.2606521248817444,0.15281420946121216,0.355084584698081,0.2126626256480813,0.0522509699022643,0.036211560467039064
0.33353713154792786,0.18736585974693298,0.355084584698081,0.2126626256480813,0.0522509699022643,0.036211560467039064
0.38379204273223877,0.22488078474998474,0.355084584698081,0.2126626256480813,0.0522509699022643,0.036211560467039064
0.29337719082832336,0.15100380778312683,0.355084584698081,0.2126626256480813,0.0522509699022643,0.036211560467039064
0.4176120162010193,0.2570943832397461,0.355084584698081,0.2126626256480813,0.0522509699022643,0.036211560467039064
0.38462960720062256,0.2475038319826126,0.355084584698081,0.2126626256480813,0.0522509699022643,0.036211560467039064
0.39020803570747375,0.25597691535949707,0.355084584698081,0.2126626256480813,0.0522509699022643,0.036211560467039064
0.41217657923698425,0.23658153414726257,0.355084584698081,0.2126626256480813,0.0522509699022643,0.036211560467039064
0.41172170639038086,0.24846598505973816,0.355084584698081,0.2126626256480813,0.0522509699022643,0.036211560467039064
0.2857059836387634,0.17961814999580383,0.355084584698081,0.2126626256480813,0.0522509699022643,0.036211560467039064
0.44569140672683716,0.28426915407180786,0.355084584698081,0.2126626256480813,0.0522509699022643,0.036211560467039064
0.35754063725471497,0.20182451605796814,0.355084584698081,0.2126626256480813,0.0522509699022643,0.036211560467039064
0.3678545355796814,0.21365588903427124,0.355084584698081,0.2126626256480813,0.0522509699022643,0.036211560467039064
0.3334715664386749,0.18480007350444794,0.355084584698081,0.2126626256480813,0.0522509699022643,0.036211560467039064
0.35295677185058594,0.20014195144176483,0.355084584698081,0.2126626256480813,0.0522509699022643,0.036211560467039064
0.2923088073730469,0.17480047047138214,0.355084584698081,0.2126626256480813,0.0522509699022643,0.036211560467039064
0.4037231504917145,0.2561577558517456,0.355084584698081,0.2126626256480813,0.0522509699022643,0.036211560467039064
0.2861887812614441,0.15778517723083496,0.355084584698081,0.2126626256480813,0.0522509699022643,0.036211560467039064
0.3777185082435608,0.21063661575317383,0.355084584698081,0.2126626256480813,0.0522509699022643,0.036211560467039064
0.3241080045700073,0.187869593501091,0.355084584698081,0.2126626256480813,0.0522509699022643,0.036211560467039064
0.36628952622413635,0.2112046182155609,0.355084584698081,0.2126626256480813,0.0522509699022643,0.036211560467039064
0.4396325647830963,0.25698789954185486,0.355084584698081,0.2126626256480813,0.0522509699022643,0.036211560467039064
0.3730553090572357,0.20573458075523376,0.355084584698081,0.2126626256480813,0.0522509699022643,0.036211560467039064
0.37237465381622314,0.2219468355178833,0.355084584698081,0.2126626256480813,0.0522509699022643,0.036211560467039064
0.4069610834121704,0.2512616813182831,0.355084584698081,0.2126626256480813,0.0522509699022643,0.036211560467039064
0.4172317683696747,0.2535319924354553,0.355084584698081,0.2126626256480813,0.0522509699022643,0.036211560467039064
0.3894691467285156,0.24946393072605133,0.355084584698081,0.2126626256480813,0.0522509699022643,0.036211560467039064
0.281834214925766,0.18491213023662567,0.355084584698081,0.2126626256480813,0.0522509699022643,0.036211560467039064
0.43894094228744507,0.2772098183631897,0.355084584698081,0.2126626256480813,0.0522509699022643,0.036211560467039064
0.3809163272380829,0.22263747453689575,0.355084584698081,0.2126626256480813,0.0522509699022643,0.036211560467039064
0.303352415561676,0.20306041836738586,0.355084584698081,0.2126626256480813,0.0522509699022643,0.036211560467039064
0.37992313504219055,0.21642069518566132,0.355084584698081,0.2126626256480813,0.0522509699022643,0.036211560467039064
0.2950938642024994,0.15564967691898346,0.355084584698081,0.2126626256480813,0.0522509699022643,0.036211560467039064
0.30882972478866577,0.1825411170721054,0.355084584698081,0.2126626256480813,0.0522509699022643,0.036211560467039064
0.4008975625038147,0.23910823464393616,0.355084584698081,0.2126626256480813,0.0522509699022643,0.036211560467039064
0.35200822353363037,0.232878640294075,0.355084584698081,0.2126626256480813,0.0522509699022643,0.036211560467039064
0.3970962464809418,0.22506311535835266,0.355084584698081,0.2126626256480813,0.0522509699022643,0.036211560467039064
0.25744763016700745,0.1493281126022339,0.355084584698081,0.2126626256480813,0.0522509699022643,0.036211560467039064
0.3171917498111725,0.21677449345588684,0.355084584698081,0.2126626256480813,0.0522509699022643,0.036211560467039064
0.32016322016716003,0.20537403225898743,0.355084584698081,0.2126626256480813,0.0522509699022643,0.036211560467039064
0.26827821135520935,0.154579758644104,0.355084584698081,0.2126626256480813,0.0522509699022643,0.036211560467039064
0.2758287489414215,0.17359349131584167,0.355084584698081,0.2126626256480813,0.0522509699022643,0.036211560467039064
0.3404269218444824,0.1932927668094635,0.355084584698081,0.2126626256480813,0.0522509699022643,0.036211560467039064
0.32809796929359436,0.20266516506671906,0.355084584698081,0.2126626256480813,0.0522509699022643,0.036211560467039064
0.367077499628067,0.21169252693653107,0.355084584698081,0.2126626256480813,0.0522509699022643,0.036211560467039064
0.3986508846282959,0.2591584622859955,0.355084584698081,0.2126626256480813,0.0522509699022643,0.036211560467039064
0.35289856791496277,0.19091804325580597,0.355084584698081,0.2126626256480813,0.0522509699022643,0.036211560467039064
0.30998924374580383,0.20147816836833954,0.355084584698081,0.2126626256480813,0.0522509699022643,0.036211560467039064
0.34912076592445374,0.19554276764392853,0.355084584698081,0.2126626256480813,0.0522509699022643,0.036211560467039064
0.41026973724365234,0.251174658536911,0.355084584698081,0.2126626256480813,0.0522509699022643,0.036211560467039064
0.41838300228118896,0.25528907775878906,0.355084584698081,0.2126626256480813,0.0522509699022643,0.036211560467039064
0.37080422043800354,0.20496207475662231,0.355084584698081,0.2126626256480813,0.0522509699022643,0.036211560467039064
0.3420508801937103,0.21370698511600494,0.355084584698081,0.2126626256480813,0.0522509699022643,0.036211560467039064
0.35550209879875183,0.1868823617696762,0.355084584698081,0.2126626256480813,0.0522509699022643,0.036211560467039064
0.27574577927589417,0.15776295959949493,0.355084584698081,0.2126626256480813,0.0522509699022643,0.036211560467039064
0.4260229170322418,0.2529134452342987,0.355084584698081,0.2126626256480813,0.0522509699022643,0.036211560467039064
0.2871416509151459,0.17989179491996765,0.355084584698081,0.2126626256480813,0.0522509699022643,0.036211560467039064
0.325483500957489,0.178551584482193,0.355084584698081,0.2126626256480813,0.0522509699022643,0.036211560467039064
0.4264337718486786,0.26031097769737244,0.355084584698081,0.2126626256480813,0.0522509699022643,0.036211560467039064
0.35776612162590027,0.2158799022436142,0.355084584698081,0.2126626256480813,0.0522509699022643,0.036211560467039064
0.43545854091644287,0.26855897903442383,0.355084584698081,0.2126626256480813,0.0522509699022643,0.036211560467039064
0.4148153066635132,0.2556281089782715,0.355084584698081,0.2126626256480813,0.0522509699022643,0.036211560467039064
0.29098138213157654,0.18855386972427368,0.355084584698081,0.2126626256480813,0.0522509699022643,0.036211560467039064
0.38501957058906555,0.21484863758087158,0.355084584698081,0.2126626256480813,0.0522509699022643,0.036211560467039064
0.3497700095176697,0.19965925812721252,0.355084584698081,0.2126626256480813,0.0522509699022643,0.036211560467039064
0.3001171052455902,0.16658665239810944,0.355084584698081,0.2126626256480813,0.0522509699022643,0.036211560467039064
0.33523625135421753,0.2045111507177353,0.355084584698081,0.2126626256480813,0.0522509699022643,0.036211560467039064
0.2750624120235443,0.15895560383796692,0.355084584698081,0.2126626256480813,0.0522509699022643,0.036211560467039064
0.3146967589855194,0.20839233696460724,0.355084584698081,0.2126626256480813,0.0522509699022643,0.036211560467039064
0.3820273280143738,0.20561423897743225,0.355084584698081,0.2126626256480813,0.0522509699022643,0.036211560467039064
0.3028500974178314,0.16567419469356537,0.355084584698081,0.2126626256480813,0.0522509699022643,0.036211560467039064
0.4424108564853668,0.28745797276496887,0.355084584698081,0.2126626256480813,0.0522509699022643,0.036211560467039064
0.37537139654159546,0.21467487514019012,0.355084584698081,0.2126626256480813,0.0522509699022643,0.036211560467039064
0.4399324357509613,0.27523428201675415,0.355084584698081,0.2126626256480813,0.0522509699022643,0.036211560467039064
0.2816229462623596,0.17646430432796478,0.355084584698081,0.2126626256480813,0.0522509699022643,0.036211560467039064
0.270385205745697,0.14770236611366272,0.355084584698081,0.2126626256480813,0.0522509699022643,0.036211560467039064
0.42100247740745544,0.2461540400981903,0.355084584698081,0.2126626256480813,0.0522509699022643,0.036211560467039064
0.3142792880535126,0.18807481229305267,0.355084584698081,0.2126626256480813,0.0522509699022643,0.036211560467039064
0.3436106741428375,0.22043465077877045,0.355084584698081,0.2126626256480813,0.0522509699022643,0.036211560467039064
0.3573085069656372,0.21267063915729523,0.355084584698081,0.2126626256480813,0.0522509699022643,0.036211560467039064
0.41571515798568726,0.2462974190711975,0.355084584698081,0.2126626256480813,0.0522509699022643,0.036211560467039064
0.3030923902988434,0.2000710666179657,0.355084584698081,0.2126626256480813,0.0522509699022643,0.036211560467039064
0.34275713562965393,0.18782059848308563,0.355084584698081,0.2126626256480813,0.0522509699022643,0.036211560467039064
0.34145501255989075,0.18876580893993378,0.355084584698081,0.2126626256480813,0.0522509699022643,0.036211560467039064
0.31905388832092285,0.19878020882606506,0.355084584698081,0.2126626256480813,0.0522509699022643,0.036211560467039064
0.4077500104904175,0.23752036690711975,0.355084584698081,0.2126626256480813,0.0522509699022643,0.036211560467039064
0.41924646496772766,0.2820451855659485,0.355084584698081,0.2126626256480813,0.0522509699022643,0.036211560467039064
0.280917227268219,0.15728473663330078,0.355084584698081,0.2126626256480813,0.0522509699022643,0.036211560467039064
0.4008896052837372,0.26022180914878845,0.355084584698081,0.2126626256480813,0.0522509699022643,0.036211560467039064
0.27627691626548767,0.16384434700012207,0.355084584698081,0.2126626256480813,0.0522509699022643,0.036211560467039064
0.31909415125846863,0.20210221409797668,0.355084584698081,0.2126626256480813,0.0522509699022643,0.036211560467039064
0.4054509103298187,0.2545858919620514,0.355084584698081,0.2126626256480813,0.0522509699022643,0.036211560467039064
0.39681997895240784,0.24305230379104614,0.355084584698081,0.2126626256480813,0.0522509699022643,0.036211560467039064
0.32211342453956604,0.20300912857055664,0.355084584698081,0.2126626256480813,0.0522509699022643,0.036211560467039064
0.33935585618019104,0.18670465052127838,0.355084584698081,0.2126626256480813,0.0522509699022643,0.036211560467039064
0.4259963035583496,0.2689911425113678,0.355084584698081,0.2126626256480813,0.0522509699022643,0.036211560467039064
0.3024444580078125,0.187665194272995,0.355084584698081,0.2126626256480813,0.0522509699022643,0.036211560467039064
0.2702977955341339,0.16400615870952606,0.355084584698081,0.2126626256480813,0.0522509699022643,0.036211560467039064
0.37554097175598145,0.20993341505527496,0.355084584698081,0.2126626256480813,0.0522509699022643,0.036211560467039064
0.3975948989391327,0.2376164346933365,0.355084584698081,0.2126626256480813,0.0522509699022643,0.036211560467039064
0.3498702347278595,0.19689597189426422,0.355084584698081,0.2126626256480813,0.0522509699022643,0.036211560467039064
0.4111982583999634,0.2495741993188858,0.355084584698081,0.2126626256480813,0.0522509699022643,0.036211560467039064
0.3487791419029236,0.1868981570005417,0.355084584698081,0.2126626256480813,0.0522509699022643,0.036211560467039064
0.38166484236717224,0.22103407979011536,0.355084584698081,0.2126626256480813,0.0522509699022643,0.036211560467039064
0.34335196018218994,0.1944597214460373,0.355084584698081,0.2126626256480813,0.0522509699022643,0.036211560467039064
0.29844772815704346,0.17599596083164215,0.355084584698081,0.2126626256480813,0.0522509699022643,0.036211560467039064
0.359142541885376,0.20305389165878296,0.355084584698081,0.2126626256480813,0.0522509699022643,0.036211560467039064
0.27871936559677124,0.16174980998039246,0.355084584698081,0.2126626256480813,0.0522509699022643,0.036211560467039064
0.3316676616668701,0.22231706976890564,0.355084584698081,0.2126626256480813,0.0522509699022643,0.036211560467039064
0.3493746519088745,0.19467832148075104,0.355084584698081,0.2126626256480813,0.0522509699022643,0.036211560467039064
0.4097697138786316,0.24831731617450714,0.355084584698081,0.2126626256480813,0.0522509699022643,0.036211560467039064
0.40901461243629456,0.23884382843971252,0.355084584698081,0.2126626256480813,0.0522509699022643,0.036211560467039064
0.3155342936515808,0.18568278849124908,0.355084584698081,0.2126626256480813,0.0522509699022643,0.036211560467039064
0.37860459089279175,0.21126854419708252,0.355084584698081,0.2126626256480813,0.0522509699022643,0.036211560467039064
0.2546888291835785,0.14572738111019135,0.355084584698081,0.2126626256480813,0.0522509699022643,0.036211560467039064
0.2818402051925659,0.15712261199951172,0.355084584698081,0.2126626256480813,0.0522509699022643,0.036211560467039064
0.3870871365070343,0.21088120341300964,0.355084584698081,0.2126626256480813,0.0522509699022643,0.036211560467039064
0.3043041527271271,0.1965145319700241,0.355084584698081,0.2126626256480813,0.0522509699022643,0.036211560467039064
0.2949216067790985,0.17946700751781464,0.355084584698081,0.2126626256480813,0.0522509699022643,0.036211560467039064
0.29592469334602356,0.1779199093580246,0.355084584698081,0.2126626256480813,0.0522509699022643,0.036211560467039064
0.37659597396850586,0.22523164749145508,0.355084584698081,0.2126626256480813,0.0522509699022643,0.036211560467039064
0.3119204640388489,0.20529039204120636,0.355084584698081,0.2126626256480813,0.0522509699022643,0.036211560467039064
0.2769760489463806,0.17175139486789703,0.355084584698081,0.2126626256480813,0.0522509699022643,0.036211560467039064
0.29637885093688965,0.15672023594379425,0.355084584698081,0.2126626256480813,0.0522509699022643,0.036211560467039064
0.38744664192199707,0.24809630215168,0.355084584698081,0.2126626256480813,0.0522509699022643,0.036211560467039064
0.3262694180011749,0.19113469123840332,0.355084584698081,0.2126626256480813,0.0522509699022643,0.036211560467039064
0.3858582377433777,0.23844188451766968,0.355084584698081,0.2126626256480813,0.0522509699022643,0.036211560467039064
0.4053286612033844,0.23488934338092804,0.355084584698081,0.2126626256480813,0.0522509699022643,0.036211560467039064
0.34001097083091736,0.21600951254367828,0.355084584698081,0.2126626256480813,0.0522509699022643,0.036211560467039064
0.3458058536052704,0.18848761916160583,0.355084584698081,0.2126626256480813,0.0522509699022643,0.036211560467039064
0.32075628638267517,0.19462403655052185,0.355084584698081,0.2126626256480813,0.0522509699022643,0.036211560467039064
0.4243963062763214,0.27004992961883545,0.355084584698081,0.2126626256480813,0.0522509699022643,0.036211560467039064
0.2775956094264984,0.17461606860160828,0.355084584698081,0.2126626256480813,0.0522509699022643,0.036211560467039064
0.32835501432418823,0.181780606508255,0.355084584698081,0.2126626256480813,0.0522509699022643,0.036211560467039064
0.3064260184764862,0.1946638971567154,0.355084584698081,0.2126626256480813,0.0522509699022643,0.036211560467039064
0.40762466192245483,0.24443455040454865,0.355084584698081,0.2126626256480813,0.0522509699022643,0.036211560467039064
0.2868001163005829,0.1779477298259735,0.355084584698081,0.2126626256480813,0.0522509699022643,0.036211560467039064
0.31416288018226624,0.1984349638223648,0.355084584698081,0.2126626256480813,0.0522509699022643,0.036211560467039064
0.2881743013858795,0.17994391918182373,0.355084584698081,0.2126626256480813,0.0522509699022643,0.036211560467039064
0.384178102016449,0.2351854145526886,0.355084584698081,0.2126626256480813,0.0522509699022643,0.036211560467039064
0.2966811954975128,0.18395493924617767,0.355084584698081,0.2126626256480813,0.0522509699022643,0.036211560467039064
0.3476959764957428,0.2001376450061798,0.355084584698081,0.2126626256480813,0.0522509699022643,0.036211560467039064
0.3526664972305298,0.20297272503376007,0.355084584698081,0.2126626256480813,0.0522509699022643,0.036211560467039064
0.42342573404312134,0.26874637603759766,0.355084584698081,0.2126626256480813,0.0522509699022643,0.036211560467039064
0.3459862172603607,0.21286244690418243,0.355084584698081,0.2126626256480813,0.0522509699022643,0.036211560467039064
0.3680259585380554,0.24609987437725067,0.355084584698081,0.2126626256480813,0.0522509699022643,0.036211560467039064
0.3354352116584778,0.20431698858737946,0.355084584698081,0.2126626256480813,0.0522509699022643,0.036211560467039064
0.4237869083881378,0.25998780131340027,0.355084584698081,0.2126626256480813,0.0522509699022643,0.036211560467039064
0.30995312333106995,0.19945061206817627,0.355084584698081,0.2126626256480813,0.0522509699022643,0.036211560467039064
0.3191430866718292,0.1834804117679596,0.355084584698081,0.2126626256480813,0.0522509699022643,0.036211560467039064
0.3149614930152893,0.18252727389335632,0.355084584698081,0.2126626256480813,0.0522509699022643,0.036211560467039064
0.39730405807495117,0.25295186042785645,0.355084584698081,0.2126626256480813,0.0522509699022643,0.036211560467039064
0.36491867899894714,0.20195534825325012,0.355084584698081,0.2126626256480813,0.0522509699022643,0.036211560467039064
0.4184005558490753,0.2439165860414505,0.355084584698081,0.2126626256480813,0.0522509699022643,0.036211560467039064
0.43698063492774963,0.2679980397224426,0.355084584698081,0.2126626256480813,0.0522509699022643,0.036211560467039064
0.2919728755950928,0.16071951389312744,0.355084584698081,0.2126626256480813,0.0522509699022643,0.036211560467039064
0.4115048944950104,0.24717499315738678,0.355084584698081,0.2126626256480813,0.0522509699022643,0.036211560467039064
0.28411802649497986,0.18040239810943604,0.355084584698081,0.2126626256480813,0.0522509699022643,0.036211560467039064
0.3243080973625183,0.19913548231124878,0.355084584698081,0.2126626256480813,0.0522509699022643,0.036211560467039064
0.2620222568511963,0.1499204784631729,0.355084584698081,0.2126626256480813,0.0522509699022643,0.036211560467039064
0.41769927740097046,0.2534753084182739,0.355084584698081,0.2126626256480813,0.0522509699022643,0.036211560467039064
0.4079739451408386,0.2561621069908142,0.355084584698081,0.2126626256480813,0.0522509699022643,0.036211560467039064
0.38765451312065125,0.22000330686569214,0.355084584698081,0.2126626256480813,0.0522509699022643,0.036211560467039064
0.38858911395072937,0.24721746146678925,0.355084584698081,0.2126626256480813,0.0522509699022643,0.036211560467039064
0.27522972226142883,0.1457134485244751,0.355084584698081,0.2126626256480813,0.0522509699022643,0.036211560467039064
0.3278180956840515,0.19158723950386047,0.355084584698081,0.2126626256480813,0.0522509699022643,0.036211560467039064
0.43151456117630005,0.26921096444129944,0.355084584698081,0.2126626256480813,0.0522509699022643,0.036211560467039064
0.3828992545604706,0.21169781684875488,0.355084584698081,0.2126626256480813,0.0522509699022643,0.036211560467039064
0.40319690108299255,0.24370744824409485,0.355084584698081,0.2126626256480813,0.0522509699022643,0.036211560467039064
0.34360170364379883,0.19219432771205902,0.355084584698081,0.2126626256480813,0.0522509699022643,0.036211560467039064
0.27237585186958313,0.16695471107959747,0.355084584698081,0.2126626256480813,0.0522509699022643,0.036211560467039064
0.3036403954029083,0.19580574333667755,0.355084584698081,0.2126626256480813,0.0522509699022643,0.036211560467039064
0.42060932517051697,0.266666442155838,0.355084584698081,0.2126626256480813,0.0522509699022643,0.036211560467039064
0.28874748945236206,0.16670334339141846,0.355084584698081,0.2126626256480813,0.0522509699022643,0.036211560467039064
0.3884114623069763,0.2342880666255951,0.355084584698081,0.2126626256480813,0.0522509699022643,0.036211560467039064
0.2802795469760895,0.15924541652202606,0.355084584698081,0.2126626256480813,0.0522509699022643,0.036211560467039064
0.29149049520492554,0.18723255395889282,0.355084584698081,0.2126626256480813,0.0522509699022643,0.036211560467039064
0.39560720324516296,0.23661336302757263,0.355084584698081,0.2126626256480813,0.0522509699022643,0.036211560467039064
0.41777122020721436,0.25320395827293396,0.355084584698081,0.2126626256480813,0.0522509699022643,0.036211560467039064
0.3051498532295227,0.17399545013904572,0.355084584698081,0.2126626256480813,0.0522509699022643,0.036211560467039064
0.3256444036960602,0.18657156825065613,0.355084584698081,0.2126626256480813,0.0522509699022643,0.036211560467039064
0.3822706639766693,0.20955808460712433,0.355084584698081,0.2126626256480813,0.0522509699022643,0.036211560467039064
0.32063353061676025,0.20504701137542725,0.355084584698081,0.2126626256480813,0.0522509699022643,0.036211560467039064
0.4297889471054077,0.2675538659095764,0.355084584698081,0.2126626256480813,0.0522509699022643,0.036211560467039064
0.2840142250061035,0.17166128754615784,0.355084584698081,0.2126626256480813,0.0522509699022643,0.036211560467039064
0.3470691740512848,0.20137900114059448,0.355084584698081,0.2126626256480813,0.0522509699022643,0.036211560467039064
0.35701847076416016,0.19312410056591034,0.355084584698081,0.2126626256480813,0.0522509699022643,0.036211560467039064
0.45206418633461,0.2873062491416931,0.355084584698081,0.2126626256480813,0.0522509699022643,0.036211560467039064
0.3631843030452728,0.20938797295093536,0.355084584698081,0.2126626256480813,0.0522509699022643,0.036211560467039064
0.24780462682247162,0.13938049972057343,0.355084584698081,0.2126626256480813,0.0522509699022643,0.036211560467039064
0.3744884431362152,0.20526352524757385,0.355084584698081,0.2126626256480813,0.0522509699022643,0.036211560467039064
0.3381180465221405,0.18934747576713562,0.355084584698081,0.2126626256480813,0.0522509699022643,0.036211560467039064
0.29172050952911377,0.17769180238246918,0.355084584698081,0.2126626256480813,0.0522509699022643,0.036211560467039064
0.36800724267959595,0.22673824429512024,0.355084584698081,0.2126626256480813,0.0522509699022643,0.036211560467039064
0.3397219777107239,0.1872430145740509,0.355084584698081,0.2126626256480813,0.0522509699022643,0.036211560467039064
0.41733863949775696,0.2562406361103058,0.355084584698081,0.2126626256480813,0.0522509699022643,0.036211560467039064
0.29907840490341187,0.17541801929473877,0.355084584698081,0.2126626256480813,0.0522509699022643,0.036211560467039064
0.4064052999019623,0.2379036843776703,0.355084584698081,0.2126626256480813,0.0522509699022643,0.036211560467039064
0.3050871193408966,0.1907515525817871,0.355084584698081,0.2126626256480813,0.0522509699022643,0.036211560467039064
0.31374919414520264,0.1587732434272766,0.355084584698081,0.2126626256480813,0.0522509699022643,0.036211560467039064
0.43510761857032776,0.27930331230163574,0.355084584698081,0.2126626256480813,0.0522509699022643,0.036211560467039064
0.40793293714523315,0.23553800582885742,0.355084584698081,0.2126626256480813,0.0522509699022643,0.036211560467039064
0.3993552029132843,0.2188933789730072,0.355084584698081,0.2126626256480813,0.0522509699022643,0.036211560467039064
0.44567227363586426,0.29562193155288696,0.355084584698081,0.2126626256480813,0.0522509699022643,0.036211560467039064
0.3147162199020386,0.2057681828737259,0.355084584698081,0.2126626256480813,0.0522509699022643,0.036211560467039064
0.4525160789489746,0.28899696469306946,0.355084584698081,0.2126626256480813,0.0522509699022643,0.036211560467039064
0.40848448872566223,0.26031023263931274,0.355084584698081,0.2126626256480813,0.0522509699022643,0.036211560467039064
0.2953324317932129,0.18864019215106964,0.355084584698081,0.2126626256480813,0.0522509699022643,0.036211560467039064
0.29643481969833374,0.1825348138809204,0.355084584698081,0.2126626256480813,0.0522509699022643,0.036211560467039064
0.30126819014549255,0.17932365834712982,0.355084584698081,0.2126626256480813,0.0522509699022643,0.036211560467039064
0.3791615962982178,0.25660160183906555,0.355084584698081,0.2126626256480813,0.0522509699022643,0.036211560467039064
0.41960179805755615,0.2601917088031769,0.355084584698081,0.2126626256480813,0.0522509699022643,0.036211560467039064
0.2984989881515503,0.18836133182048798,0.355084584698081,0.2126626256480813,0.0522509699022643,0.036211560467039064
0.35849446058273315,0.2096724957227707,0.355084584698081,0.2126626256480813,0.0522509699022643,0.036211560467039064
0.30139467120170593,0.16609689593315125,0.355084584698081,0.2126626256480813,0.0522509699022643,0.036211560467039064
0.30996429920196533,0.19732478260993958,0.355084584698081,0.2126626256480813,0.0522509699022643,0.036211560467039064
0.29492586851119995,0.1790049523115158,0.355084584698081,0.2126626256480813,0.0522509699022643,0.036211560467039064
0.4369392395019531,0.2660676836967468,0.355084584698081,0.2126626256480813,0.0522509699022643,0.036211560467039064
0.32737088203430176,0.18402628600597382,0.355084584698081,0.2126626256480813,0.0522509699022643,0.036211560467039064
0.37249186635017395,0.21163468062877655,0.355084584698081,0.2126626256480813,0.0522509699022643,0.036211560467039064
0.4255093038082123,0.2700730264186859,0.355084584698081,0.2126626256480813,0.0522509699022643,0.036211560467039064
0.4158017039299011,0.25280100107192993,0.355084584698081,0.2126626256480813,0.0522509699022643,0.036211560467039064
0.2973901331424713,0.18515826761722565,0.355084584698081,0.2126626256480813,0.0522509699022643,0.036211560467039064
0.29986461997032166,0.19324706494808197,0.355084584698081,0.2126626256480813,0.0522509699022643,0.036211560467039064
0.41326528787612915,0.2453697919845581,0.355084584698081,0.2126626256480813,0.0522509699022643,0.036211560467039064
0.35199710726737976,0.2347807139158249,0.355084584698081,0.2126626256480813,0.0522509699022643,0.036211560467039064
0.40635547041893005,0.25768765807151794,0.355084584698081,0.2126626256480813,0.0522509699022643,0.036211560467039064
0.3428246080875397,0.19229160249233246,0.355084584698081,0.2126626256480813,0.0522509699022643,0.036211560467039064
0.35220807790756226,0.19250984489917755,0.355084584698081,0.2126626256480813,0.0522509699022643,0.036211560467039064
0.32660430669784546,0.1959434300661087,0.355084584698081,0.2126626256480813,0.0522509699022643,0.036211560467039064
0.306472510099411,0.1973564326763153,0.355084584698081,0.2126626256480813,0.0522509699022643,0.036211560467039064
0.2966998815536499,0.17227159440517426,0.355084584698081,0.2126626256480813,0.0522509699022643,0.036211560467039064
0.36783331632614136,0.20162370800971985,0.355084584698081,0.2126626256480813,0.0522509699022643,0.036211560467039064
0.38279861211776733,0.2100871354341507,0.355084584698081,0.2126626256480813,0.0522509699022643,0.036211560467039064
0.4152683615684509,0.26356613636016846,0.355084584698081,0.2126626256480813,0.0522509699022643,0.036211560467039064
0.38962098956108093,0.22196988761425018,0.355084584698081,0.2126626256480813,0.0522509699022643,0.036211560467039064
0.38068997859954834,0.24908104538917542,0.355084584698081,0.2126626256480813,0.0522509699022643,0.036211560467039064
0.4522678554058075,0.2923091650009155,0.355084584698081,0.2126626256480813,0.0522509699022643,0.036211560467039064
0.3949582874774933,0.24589139223098755,0.355084584698081,0.2126626256480813,0.0522509699022643,0.036211560467039064
0.4292464256286621,0.2745891213417053,0.355084584698081,0.2126626256480813,0.0522509699022643,0.036211560467039064
0.4143713116645813,0.24360814690589905,0.355084584698081,0.2126626256480813,0.0522509699022643,0.036211560467039064
0.4114542603492737,0.24443763494491577,0.355084584698081,0.2126626256480813,0.0522509699022643,0.036211560467039064
0.30547213554382324,0.187504380941391,0.355084584698081,0.2126626256480813,0.0522509699022643,0.036211560467039064
0.42958590388298035,0.2772536873817444,0.355084584698081,0.2126626256480813,0.0522509699022643,0.036211560467039064
0.29319092631340027,0.19367939233779907,0.355084584698081,0.2126626256480813,0.0522509699022643,0.036211560467039064
0.36805757880210876,0.2040037363767624,0.355084584698081,0.2126626256480813,0.0522509699022643,0.036211560467039064
0.35080686211586,0.19206342101097107,0.355084584698081,0.2126626256480813,0.0522509699022643,0.036211560467039064
0.39016616344451904,0.24697880446910858,0.355084584698081,0.2126626256480813,0.0522509699022643,0.036211560467039064
0.42564141750335693,0.26627403497695923,0.355084584698081,0.2126626256480813,0.0522509699022643,0.036211560467039064
0.30187052488327026,0.20600949227809906,0.355084584698081,0.2126626256480813,0.0522509699022643,0.036211560467039064
0.4094991087913513,0.24094408750534058,0.355084584698081,0.2126626256480813,0.0522509699022643,0.036211560467039064
0.32027143239974976,0.20177379250526428,0.355084584698081,0.2126626256480813,0.0522509699022643,0.036211560467039064
0.36530157923698425,0.21319928765296936,0.355084584698081,0.2126626256480813,0.0522509699022643,0.036211560467039064
0.26376664638519287,0.1539262980222702,0.355084584698081,0.2126626256480813,0.0522509699022643,0.036211560467039064
0.28283068537712097,0.16815897822380066,0.355084584698081,0.2126626256480813,0.0522509699022643,0.036211560467039064
0.43058422207832336,0.25913041830062866,0.355084584698081,0.2126626256480813,0.0522509699022643,0.036211560467039064
0.4338322579860687,0.27108752727508545,0.355084584698081,0.2126626256480813,0.0522509699022643,0.036211560467039064
0.36236971616744995,0.20407746732234955,0.355084584698081,0.2126626256480813,0.0522509699022643,0.036211560467039064
0.3967539668083191,0.22582171857357025,0.355084584698081,0.2126626256480813,0.0522509699022643,0.036211560467039064
0.30299946665763855,0.19669964909553528,0.355084584698081,0.2126626256480813,0.0522509699022643,0.036211560467039064
0.37589094042778015,0.23384316265583038,0.355084584698081,0.2126626256480813,0.0522509699022643,0.036211560467039064
0.29721879959106445,0.19035877287387848,0.355084584698081,0.2126626256480813,0.0522509699022643,0.036211560467039064
0.3964417576789856,0.23532536625862122,0.355084584698081,0.2126626256480813,0.0522509699022643,0.036211560467039064
0.39932718873023987,0.22897008061408997,0.355084584698081,0.2126626256480813,0.0522509699022643,0.036211560467039064
0.29305872321128845,0.18275992572307587,0.355084584698081,0.2126626256480813,0.0522509699022643,0.036211560467039064
0.3069157004356384,0.19690921902656555,0.355084584698081,0.2126626256480813,0.0522509699022643,0.036211560467039064
0.3026491403579712,0.15877112746238708,0.355084584698081,0.2126626256480813,0.0522509699022643,0.036211560467039064
0.3408954441547394,0.19851960241794586,0.355084584698081,0.2126626256480813,0.0522509699022643,0.036211560467039064
0.41784489154815674,0.2498953938484192,0.355084584698081,0.2126626256480813,0.0522509699022643,0.036211560467039064
0.44058868288993835,0.26148897409439087,0.355084584698081,0.2126626256480813,0.0522509699022643,0.036211560467039064
0.4261258840560913,0.25235721468925476,0.355084584698081,0.2126626256480813,0.0522509699022643,0.036211560467039064
0.34078750014305115,0.18183022737503052,0.355084584698081,0.2126626256480813,0.0522509699022643,0.036211560467039064
0.3476727604866028,0.1945972740650177,0.355084584698081,0.2126626256480813,0.0522509699022643,0.036211560467039064
0.30457377433776855,0.1998567432165146,0.355084584698081,0.2126626256480813,0.0522509699022643,0.036211560467039064
0.30227795243263245,0.1901392787694931,0.355084584698081,0.2126626256480813,0.0522509699022643,0.036211560467039064
0.30632317066192627,0.16368649899959564,0.355084584698081,0.2126626256480813,0.0522509699022643,0.036211560467039064
0.3138967752456665,0.18041205406188965,0.355084584698081,0.2126626256480813,0.0522509699022643,0.036211560467039064
0.40074846148490906,0.2556215822696686,0.355084584698081,0.2126626256480813,0.0522509699022643,0.036211560467039064
0.39176541566848755,0.25179195404052734,0.355084584698081,0.2126626256480813,0.0522509699022643,0.036211560467039064
0.32801708579063416,0.20334140956401825,0.355084584698081,0.2126626256480813,0.0522509699022643,0.036211560467039064
0.3739010691642761,0.22176684439182281,0.355084584698081,0.2126626256480813,0.0522509699022643,0.036211560467039064
0.29390519857406616,0.16310544312000275,0.355084584698081,0.2126626256480813,0.0522509699022643,0.036211560467039064
0.3982964754104614,0.23041242361068726,0.355084584698081,0.2126626256480813,0.0522509699022643,0.036211560467039064
0.41521623730659485,0.25559309124946594,0.355084584698081,0.2126626256480813,0.0522509699022643,0.036211560467039064
0.37717801332473755,0.22009508311748505,0.355084584698081,0.2126626256480813,0.0522509699022643,0.036211560467039064
0.4322234094142914,0.2718578577041626,0.355084584698081,0.2126626256480813,0.0522509699022643,0.036211560467039064
0.4232320487499237,0.2615264058113098,0.355084584698081,0.2126626256480813,0.0522509699022643,0.036211560467039064
0.2916891276836395,0.18999171257019043,0.355084584698081,0.2126626256480813,0.0522509699022643,0.036211560467039064
0.3790469765663147,0.21768425405025482,0.355084584698081,0.2126626256480813,0.0522509699022643,0.036211560467039064
0.37789663672447205,0.2220515012741089,0.355084584698081,0.2126626256480813,0.0522509699022643,0.036211560467039064
0.4015583097934723,0.23754116892814636,0.355084584698081,0.2126626256480813,0.0522509699022643,0.036211560467039064
0.3740311861038208,0.22068409621715546,0.355084584698081,0.2126626256480813,0.0522509699022643,0.036211560467039064
0.34892138838768005,0.1879480481147766,0.355084584698081,0.2126626256480813,0.0522509699022643,0.036211560467039064
0.2902247905731201,0.16804666817188263,0.355084584698081,0.2126626256480813,0.0522509699022643,0.036211560467039064
0.2997889220714569,0.17549028992652893,0.355084584698081,0.2126626256480813,0.0522509699022643,0.036211560467039064
0.2814547121524811,0.1627693623304367,0.355084584698081,0.2126626256480813,0.0522509699022643,0.036211560467039064
0.3212086856365204,0.17723308503627777,0.355084584698081,0.2126626256480813,0.0522509699022643,0.036211560467039064
0.31518083810806274,0.21114829182624817,0.355084584698081,0.2126626256480813,0.0522509699022643,0.036211560467039064
0.2652303874492645,0.15477575361728668,0.355084584698081,0.2126626256480813,0.0522509699022643,0.036211560467039064
0.31159621477127075,0.16975098848342896,0.355084584698081,0.2126626256480813,0.0522509699022643,0.036211560467039064
0.2757749557495117,0.16565245389938354,0.355084584698081,0.2126626256480813,0.0522509699022643,0.036211560467039064
0.32749494910240173,0.18475840985774994,0.355084584698081,0.2126626256480813,0.0522509699022643,0.036211560467039064
0.29250574111938477,0.17951969802379608,0.355084584698081,0.2126626256480813,0.0522509699022643,0.036211560467039064
0.4188580811023712,0.26658543944358826,0.355084584698081,0.2126626256480813,0.0522509699022643,0.036211560467039064
0.29106420278549194,0.17663238942623138,0.355084584698081,0.2126626256480813,0.0522509699022643,0.036211560467039064
0.28906434774398804,0.178675577044487,0.355084584698081,0.2126626256480813,0.0522509699022643,0.036211560467039064
0.28190532326698303,0.16314096748828888,0.355084584698081,0.2126626256480813,0.0522509699022643,0.036211560467039064
0.33587270975112915,0.1796981692314148,0.355084584698081,0.2126626256480813,0.0522509699022643,0.036211560467039064
0.3865853250026703,0.2350550889968872,0.355084584698081,0.2126626256480813,0.0522509699022643,0.036211560467039064
0.4060937166213989,0.2657751441001892,0.355084584698081,0.2126626256480813,0.0522509699022643,0.036211560467039064
0.41114166378974915,0.23697619140148163,0.355084584698081,0.2126626256480813,0.0522509699022643,0.036211560467039064
0.32234227657318115,0.17338280379772186,0.355084584698081,0.2126626256480813,0.0522509699022643,0.036211560467039064
0.40485209226608276,0.24582794308662415,0.355084584698081,0.2126626256480813,0.0522509699022643,0.036211560467039064
0.41732484102249146,0.2515355050563812,0.355084584698081,0.2126626256480813,0.0522509699022643,0.036211560467039064
0.31735897064208984,0.1833759844303131,0.355084584698081,0.2126626256480813,0.0522509699022643,0.036211560467039064
0.3816584646701813,0.20665138959884644,0.355084584698081,0.2126626256480813,0.0522509699022643,0.036211560467039064
0.43324267864227295,0.2685777544975281,0.355084584698081,0.2126626256480813,0.0522509699022643,0.036211560467039064
0.31950366497039795,0.1832169145345688,0.355084584698081,0.2126626256480813,0.0522509699022643,0.036211560467039064
0.34870657324790955,0.20308038592338562,0.355084584698081,0.2126626256480813,0.0522509699022643,0.036211560467039064
0.2788551449775696,0.16736461222171783,0.355084584698081,0.2126626256480813,0.0522509699022643,0.036211560467039064
0.41535067558288574,0.2507913410663605,0.355084584698081,0.2126626256480813,0.0522509699022643,0.036211560467039064
0.355419397354126,0.19226962327957153,0.355084584698081,0.2126626256480813,0.0522509699022643,0.036211560467039064
0.2960800230503082,0.18924985826015472,0.355084584698081,0.2126626256480813,0.0522509699022643,0.036211560467039064
0.43487349152565,0.2945217192173004,0.355084584698081,0.2126626256480813,0.0522509699022643,0.036211560467039064
0.4588877558708191,0.29143309593200684,0.355084584698081,0.2126626256480813,0.0522509699022643,0.036211560467039064
0.3874198794364929,0.2098897099494934,0.355084584698081,0.2126626256480813,0.0522509699022643,0.036211560467039064
0.42314639687538147,0.2690166234970093,0.355084584698081,0.2126626256480813,0.0522509699022643,0.036211560467039064
0.40152767300605774,0.2425786852836609,0.355084584698081,0.2126626256480813,0.0522509699022643,0.036211560467039064
0.26251479983329773,0.153351292014122,0.355084584698081,0.2126626256480813,0.0522509699022643,0.036211560467039064
0.4421350657939911,0.2758999168872833,0.355084584698081,0.2126626256480813,0.0522509699022643,0.036211560467039064
0.394203245639801,0.23466916382312775,0.355084584698081,0.2126626256480813,0.0522509699022643,0.036211560467039064
0.28794923424720764,0.1894385665655136,0.355084584698081,0.2126626256480813,0.0522509699022643,0.036211560467039064
0.29480791091918945,0.16710752248764038,0.355084584698081,0.2126626256480813,0.0522509699022643,0.036211560467039064
0.4213884472846985,0.26981568336486816,0.355084584698081,0.2126626256480813,0.0522509699022643,0.036211560467039064
0.4066568911075592,0.2490164041519165,0.355084584698081,0.2126626256480813,0.0522509699022643,0.036211560467039064
0.3333562910556793,0.19753585755825043,0.355084584698081,0.2126626256480813,0.0522509699022643,0.036211560467039064
0.3781527280807495,0.21604442596435547,0.355084584698081,0.2126626256480813,0.0522509699022643,0.036211560467039064
0.3090643882751465,0.20032358169555664,0.355084584698081,0.2126626256480813,0.0522509699022643,0.036211560467039064
0.42990657687187195,0.2631126046180725,0.355084584698081,0.2126626256480813,0.0522509699022643,0.036211560467039064
0.30064719915390015,0.16700336337089539,0.355084584698081,0.2126626256480813,0.0522509699022643,0.036211560467039064
0.4191434979438782,0.2472854107618332,0.355084584698081,0.2126626256480813,0.0522509699022643,0.036211560467039064
0.41967591643333435,0.2605230212211609,0.355084584698081,0.2126626256480813,0.0522509699022643,0.036211560467039064
0.34130236506462097,0.1859699785709381,0.355084584698081,0.2126626256480813,0.0522509699022643,0.036211560467039064
0.32205232977867126,0.16684378683567047,0.355084584698081,0.2126626256480813,0.0522509699022643,0.036211560467039064
0.42546546459198,0.2552446126937866,0.355084584698081,0.2126626256480813,0.0522509699022643,0.036211560467039064
0.3619785010814667,0.20309412479400635,0.355084584698081,0.2126626256480813,0.0522509699022643,0.036211560467039064
0.40890535712242126,0.2552924156188965,0.355084584698081,0.2126626256480813,0.0522509699022643,0.036211560467039064
0.35553884506225586,0.20576822757720947,0.355084584698081,0.2126626256480813,0.0522509699022643,0.036211560467039064
0.29673343896865845,0.15854837000370026,0.355084584698081,0.2126626256480813,0.0522509699022643,0.036211560467039064
0.3980107009410858,0.2516551911830902,0.355084584698081,0.2126626256480813,0.0522509699022643,0.036211560467039064
0.277143269777298,0.16878657042980194,0.355084584698081,0.2126626256480813,0.0522509699022643,0.036211560467039064
0.2744649350643158,0.15795408189296722,0.355084584698081,0.2126626256480813,0.0522509699022643,0.036211560467039064
0.33614206314086914,0.19016490876674652,0.355084584698081,0.2126626256480813,0.0522509699022643,0.036211560467039064
0.3465271294116974,0.1978166401386261,0.355084584698081,0.2126626256480813,0.0522509699022643,0.036211560467039064
0.4201979339122772,0.26440662145614624,0.355084584698081,0.2126626256480813,0.0522509699022643,0.036211560467039064
0.3289993405342102,0.18449977040290833,0.355084584698081,0.2126626256480813,0.0522509699022643,0.036211560467039064
0.3118440806865692,0.16579128801822662,0.355084584698081,0.2126626256480813,0.0522509699022643,0.036211560467039064
0.3129395842552185,0.1721600443124771,0.355084584698081,0.2126626256480813,0.0522509699022643,0.036211560467039064
0.32567039132118225,0.20960909128189087,0.355084584698081,0.2126626256480813,0.0522509699022643,0.036211560467039064
0.384335994720459,0.2146468311548233,0.355084584698081,0.2126626256480813,0.0522509699022643,0.036211560467039064
0.34954211115837097,0.2209455519914627,0.355084584698081,0.2126626256480813,0.0522509699022643,0.036211560467039064
0.4067532420158386,0.25584861636161804,0.355084584698081,0.2126626256480813,0.0522509699022643,0.036211560467039064
0.26322102546691895,0.14754915237426758,0.355084584698081,0.2126626256480813,0.0522509699022643,0.036211560467039064
0.42251265048980713,0.26790884137153625,0.355084584698081,0.2126626256480813,0.0522509699022643,0.036211560467039064
0.3704192638397217,0.22092705965042114,0.355084584698081,0.2126626256480813,0.0522509699022643,0.036211560467039064
0.4243013858795166,0.2698099911212921,0.355084584698081,0.2126626256480813,0.0522509699022643,0.036211560467039064
0.40120217204093933,0.2509825825691223,0.355084584698081,0.2126626256480813,0.0522509699022643,0.036211560467039064
0.35787642002105713,0.20665302872657776,0.355084584698081,0.2126626256480813,0.0522509699022643,0.036211560467039064
0.42110201716423035,0.25416579842567444,0.355084584698081,0.2126626256480813,0.0522509699022643,0.036211560467039064
0.44373103976249695,0.2795504927635193,0.355084584698081,0.2126626256480813,0.0522509699022643,0.036211560467039064
0.4396076500415802,0.27587634325027466,0.355084584698081,0.2126626256480813,0.0522509699022643,0.036211560467039064
0.28108078241348267,0.1745886504650116,0.355084584698081,0.2126626256480813,0.0522509699022643,0.036211560467039064
0.4216398298740387,0.2721165716648102,0.355084584698081,0.2126626256480813,0.0522509699022643,0.036211560467039064
0.3367052972316742,0.18744082748889923,0.355084584698081,0.2126626256480813,0.0522509699022643,0.036211560467039064
0.433630108833313,0.2605896294116974,0.355084584698081,0.2126626256480813,0.0522509699022643,0.036211560467039064
0.3805137574672699,0.20806671679019928,0.355084584698081,0.2126626256480813,0.0522509699022643,0.036211560467039064
0.4116867780685425,0.2547244131565094,0.355084584698081,0.2126626256480813,0.0522509699022643,0.036211560467039064
0.36934006214141846,0.23333078622817993,0.355084584698081,0.2126626256480813,0.0522509699022643,0.036211560467039064
0.31517213582992554,0.1775766909122467,0.355084584698081,0.2126626256480813,0.0522509699022643,0.036211560467039064
0.4001067280769348,0.24303755164146423,0.355084584698081,0.2126626256480813,0.0522509699022643,0.036211560467039064
0.3257860243320465,0.18464255332946777,0.355084584698081,0.2126626256480813,0.0522509699022643,0.036211560467039064
0.3954687714576721,0.23599226772785187,0.355084584698081,0.2126626256480813,0.0522509699022643,0.036211560467039064
0.4130747616291046,0.26030343770980835,0.355084584698081,0.2126626256480813,0.0522509699022643,0.036211560467039064
0.4379652738571167,0.28024640679359436,0.355084584698081,0.2126626256480813,0.0522509699022643,0.036211560467039064
0.3200611174106598,0.210305318236351,0.355084584698081,0.2126626256480813,0.0522509699022643,0.036211560467039064
0.43241041898727417,0.26907020807266235,0.355084584698081,0.2126626256480813,0.0522509699022643,0.036211560467039064
0.33259835839271545,0.18564775586128235,0.355084584698081,0.2126626256480813,0.0522509699022643,0.036211560467039064
0.41828083992004395,0.2573956549167633,0.355084584698081,0.2126626256480813,0.0522509699022643,0.036211560467039064
0.30535608530044556,0.16756966710090637,0.355084584698081,0.2126626256480813,0.0522509699022643,0.036211560467039064
0.32503774762153625,0.17855310440063477,0.355084584698081,0.2126626256480813,0.0522509699022643,0.036211560467039064
0.31781643629074097,0.210407093167305,0.355084584698081,0.2126626256480813,0.0522509699022643,0.036211560467039064
0.3210042715072632,0.2006908357143402,0.355084584698081,0.2126626256480813,0.0522509699022643,0.036211560467039064
0.42457959055900574,0.2656433582305908,0.355084584698081,0.2126626256480813,0.0522509699022643,0.036211560467039064
0.30463188886642456,0.19742842018604279,0.355084584698081,0.2126626256480813,0.0522509699022643,0.036211560467039064
0.30762362480163574,0.19678865373134613,0.355084584698081,0.2126626256480813,0.0522509699022643,0.036211560467039064
0.40197309851646423,0.25072941184043884,0.355084584698081,0.2126626256480813,0.0522509699022643,0.036211560467039064
0.4319026470184326,0.2767845392227173,0.355084584698081,0.2126626256480813,0.0522509699022643,0.036211560467039064
0.4395798444747925,0.27750563621520996,0.355084584698081,0.2126626256480813,0.0522509699022643,0.036211560467039064
0.4002370536327362,0.252327024936676,0.355084584698081,0.2126626256480813,0.0522509699022643,0.036211560467039064
0.3682005703449249,0.21802635490894318,0.355084584698081,0.2126626256480813,0.0522509699022643,0.036211560467039064
0.42329463362693787,0.26305773854255676,0.355084584698081,0.2126626256480813,0.0522509699022643,0.036211560467039064
0.4262756109237671,0.2718666195869446,0.355084584698081,0.2126626256480813,0.0522509699022643,0.036211560467039064
0.39223432540893555,0.24060562252998352,0.355084584698081,0.2126626256480813,0.0522509699022643,0.036211560467039064
0.31465208530426025,0.18097001314163208,0.355084584698081,0.2126626256480813,0.0522509699022643,0.036211560467039064
0.3264354169368744,0.20551830530166626,0.355084584698081,0.2126626256480813,0.0522509699022643,0.036211560467039064
0.32533228397369385,0.17121507227420807,0.355084584698081,0.2126626256480813,0.0522509699022643,0.036211560467039064
0.28678882122039795,0.15290963649749756,0.355084584698081,0.2126626256480813,0.0522509699022643,0.036211560467039064
0.2692306339740753,0.1592285931110382,0.355084584698081,0.2126626256480813,0.0522509699022643,0.036211560467039064
0.41368889808654785,0.24188199639320374,0.355084584698081,0.2126626256480813,0.0522509699022643,0.036211560467039064
0.42582446336746216,0.27178674936294556,0.355084584698081,0.2126626256480813,0.0522509699022643,0.036211560467039064
0.422143816947937,0.2638215124607086,0.355084584698081,0.2126626256480813,0.0522509699022643,0.036211560467039064
0.29930177330970764,0.18873447179794312,0.355084584698081,0.2126626256480813,0.0522509699022643,0.036211560467039064
0.3386105000972748,0.21382147073745728,0.355084584698081,0.2126626256480813,0.0522509699022643,0.036211560467039064
0.3547011613845825,0.19801343977451324,0.355084584698081,0.2126626256480813,0.0522509699022643,0.036211560467039064
0.45118436217308044,0.2903168499469757,0.355084584698081,0.2126626256480813,0.0522509699022643,0.036211560467039064
0.4274201989173889,0.26430097222328186,0.355084584698081,0.2126626256480813,0.0522509699022643,0.036211560467039064
0.29059913754463196,0.18126673996448517,0.355084584698081,0.2126626256480813,0.0522509699022643,0.036211560467039064
0.28250476717948914,0.16591039299964905,0.355084584698081,0.2126626256480813,0.0522509699022643,0.036211560467039064
0.39846184849739075,0.25761502981185913,0.355084584698081,0.2126626256480813,0.0522509699022643,0.036211560467039064
0.40849190950393677,0.24501311779022217,0.355084584698081,0.2126626256480813,0.0522509699022643,0.036211560467039064
0.29836785793304443,0.1920139044523239,0.355084584698081,0.2126626256480813,0.0522509699022643,0.036211560467039064
0.39918968081474304,0.2592166066169739,0.355084584698081,0.2126626256480813,0.0522509699022643,0.036211560467039064
0.3211418390274048,0.17227411270141602,0.355084584698081,0.2126626256480813,0.0522509699022643,0.036211560467039064
0.32178694009780884,0.18196608126163483,0.355084584698081,0.2126626256480813,0.0522509699022643,0.036211560467039064
0.4032513499259949,0.24398352205753326,0.355084584698081,0.2126626256480813,0.0522509699022643,0.036211560467039064
0.3929716646671295,0.2509728670120239,0.355084584698081,0.2126626256480813,0.0522509699022643,0.036211560467039064
0.37583085894584656,0.2088395208120346,0.355084584698081,0.2126626256480813,0.0522509699022643,0.036211560467039064
0.3810841143131256,0.21952228248119354,0.355084584698081,0.2126626256480813,0.0522509699022643,0.036211560467039064
0.3628801703453064,0.2051066905260086,0.355084584698081,0.2126626256480813,0.0522509699022643,0.036211560467039064
0.4404894709587097,0.2866980731487274,0.355084584698081,0.2126626256480813,0.0522509699022643,0.036211560467039064
0.31799641251564026,0.1669696718454361,0.355084584698081,0.2126626256480813,0.0522509699022643,0.036211560467039064
0.29777342081069946,0.19691307842731476,0.355084584698081,0.2126626256480813,0.0522509699022643,0.036211560467039064
0.35837265849113464,0.19132624566555023,0.355084584698081,0.2126626256480813,0.0522509699022643,0.036211560467039064
0.42258062958717346,0.2615479826927185,0.355084584698081,0.2126626256480813,0.0522509699022643,0.036211560467039064
0.42165523767471313,0.25523048639297485,0.355084584698081,0.2126626256480813,0.0522509699022643,0.036211560467039064
0.38802120089530945,0.21080635488033295,0.355084584698081,0.2126626256480813,0.0522509699022643,0.036211560467039064
0.35038673877716064,0.2022932916879654,0.355084584698081,0.2126626256480813,0.0522509699022643,0.036211560467039064
0.3100120723247528,0.18038834631443024,0.355084584698081,0.2126626256480813,0.0522509699022643,0.036211560467039064
0.34867796301841736,0.21891094744205475,0.355084584698081,0.2126626256480813,0.0522509699022643,0.036211560467039064
0.27616170048713684,0.1678677797317505,0.355084584698081,0.2126626256480813,0.0522509699022643,0.036211560467039064
0.3027610182762146,0.18395788967609406,0.355084584698081,0.2126626256480813,0.0522509699022643,0.036211560467039064
0.3468204736709595,0.19527997076511383,0.355084584698081,0.2126626256480813,0.0522509699022643,0.036211560467039064
0.3935500681400299,0.23957735300064087,0.355084584698081,0.2126626256480813,0.0522509699022643,0.036211560467039064
0.33802592754364014,0.2024850696325302,0.355084584698081,0.2126626256480813,0.0522509699022643,0.036211560467039064
0.26450467109680176,0.14476336538791656,0.355084584698081,0.2126626256480813,0.0522509699022643,0.036211560467039064
0.3171425759792328,0.2115107774734497,0.355084584698081,0.2126626256480813,0.0522509699022643,0.036211560467039064
0.3891441524028778,0.22749817371368408,0.355084584698081,0.2126626256480813,0.0522509699022643,0.036211560467039064
0.3933713138103485,0.23921939730644226,0.355084584698081,0.2126626256480813,0.0522509699022643,0.036211560467039064
0.35268634557724,0.20158681273460388,0.355084584698081,0.2126626256480813,0.0522509699022643,0.036211560467039064
0.2914249897003174,0.16492772102355957,0.355084584698081,0.2126626256480813,0.0522509699022643,0.036211560467039064
0.4288867712020874,0.26609641313552856,0.355084584698081,0.2126626256480813,0.0522509699022643,0.036211560467039064
0.2709919810295105,0.15880940854549408,0.355084584698081,0.2126626256480813,0.0522509699022643,0.036211560467039064
0.3262636065483093,0.21165072917938232,0.355084584698081,0.2126626256480813,0.0522509699022643,0.036211560467039064
0.3162856996059418,0.19585618376731873,0.355084584698081,0.2126626256480813,0.0522509699022643,0.036211560467039064
0.3193032145500183,0.20878365635871887,0.355084584698081,0.2126626256480813,0.0522509699022643,0.036211560467039064
0.2861791253089905,0.17822307348251343,0.355084584698081,0.2126626256480813,0.0522509699022643,0.036211560467039064
0.4267842769622803,0.24750646948814392,0.355084584698081,0.2126626256480813,0.0522509699022643,0.036211560467039064
0.40809568762779236,0.2598932683467865,0.355084584698081,0.2126626256480813,0.0522509699022643,0.036211560467039064
0.418793648481369,0.2622966468334198,0.355084584698081,0.2126626256480813,0.0522509699022643,0.036211560467039064
0.40616723895072937,0.2235390692949295,0.355084584698081,0.2126626256480813,0.0522509699022643,0.036211560467039064
0.2625455856323242,0.1608973741531372,0.355084584698081,0.2126626256480813,0.0522509699022643,0.036211560467039064
0.29568883776664734,0.1810721904039383,0.355084584698081,0.2126626256480813,0.0522509699022643,0.036211560467039064
0.360266774892807,0.2100995033979416,0.355084584698081,0.2126626256480813,0.0522509699022643,0.036211560467039064
0.4350132346153259,0.27737298607826233,0.355084584698081,0.2126626256480813,0.0522509699022643,0.036211560467039064
0.410053014755249,0.2579836845397949,0.355084584698081,0.2126626256480813,0.0522509699022643,0.036211560467039064
0.3520706593990326,0.19020304083824158,0.355084584698081,0.2126626256480813,0.0522509699022643,0.036211560467039064
0.2763722538948059,0.1608484834432602,0.355084584698081,0.2126626256480813,0.0522509699022643,0.036211560467039064
0.4139845669269562,0.25500908493995667,0.355084584698081,0.2126626256480813,0.0522509699022643,0.036211560467039064
0.30353569984436035,0.17055827379226685,0.355084584698081,0.2126626256480813,0.0522509699022643,0.036211560467039064
0.3916909694671631,0.2210853546857834,0.355084584698081,0.2126626256480813,0.0522509699022643,0.036211560467039064
0.4319567382335663,0.2503552734851837,0.355084584698081,0.2126626256480813,0.0522509699022643,0.036211560467039064
0.30163317918777466,0.19698436558246613,0.355084584698081,0.2126626256480813,0.0522509699022643,0.036211560467039064
0.34996482729911804,0.22361880540847778,0.355084584698081,0.2126626256480813,0.0522509699022643,0.036211560467039064
0.338885098695755,0.18832118809223175,0.355084584698081,0.2126626256480813,0.0522509699022643,0.036211560467039064
0.3589136600494385,0.19782118499279022,0.355084584698081,0.2126626256480813,0.0522509699022643,0.036211560467039064
0.34572094678878784,0.18940362334251404,0.355084584698081,0.2126626256480813,0.0522509699022643,0.036211560467039064
0.4145193099975586,0.2488580048084259,0.355084584698081,0.2126626256480813,0.0522509699022643,0.036211560467039064
0.3121640980243683,0.18366244435310364,0.355084584698081,0.2126626256480813,0.0522509699022643,0.036211560467039064
0.3959152400493622,0.21611058712005615,0.355084584698081,0.2126626256480813,0.0522509699022643,0.036211560467039064
0.3384696841239929,0.1883719265460968,0.355084584698081,0.2126626256480813,0.0522509699022643,0.036211560467039064
0.3304033875465393,0.20509512722492218,0.355084584698081,0.2126626256480813,0.0522509699022643,0.036211560467039064
0.40313804149627686,0.25801336765289307,0.355084584698081,0.2126626256480813,0.0522509699022643,0.036211560467039064
0.3203115165233612,0.21568429470062256,0.355084584698081,0.2126626256480813,0.0522509699022643,0.036211560467039064
0.3546313941478729,0.2088198959827423,0.355084584698081,0.2126626256480813,0.0522509699022643,0.036211560467039064
0.38244307041168213,0.21841906011104584,0.355084584698081,0.2126626256480813,0.0522509699022643,0.036211560467039064
0.4204178750514984,0.24948373436927795,0.355084584698081,0.2126626256480813,0.0522509699022643,0.036211560467039064
0.4052623510360718,0.2343309372663498,0.355084584698081,0.2126626256480813,0.0522509699022643,0.036211560467039064
0.319089412689209,0.21254844963550568,0.355084584698081,0.2126626256480813,0.0522509699022643,0.036211560467039064
0.4350183606147766,0.27066105604171753,0.355084584698081,0.2126626256480813,0.0522509699022643,0.036211560467039064
0.41154012084007263,0.24065940082073212,0.355084584698081,0.2126626256480813,0.0522509699022643,0.036211560467039064
0.28132444620132446,0.17670542001724243,0.355084584698081,0.2126626256480813,0.0522509699022643,0.036211560467039064
0.3742801249027252,0.20766544342041016,0.355084584698081,0.2126626256480813,0.0522509699022643,0.036211560467039064
0.4286898076534271,0.2753235697746277,0.355084584698081,0.2126626256480813,0.0522509699022643,0.036211560467039064
0.2891230285167694,0.17095598578453064,0.355084584698081,0.2126626256480813,0.0522509699022643,0.036211560467039064
0.4079691171646118,0.2551058530807495,0.355084584698081,0.2126626256480813,0.0522509699022643,0.036211560467039064
0.4417875409126282,0.28333228826522827,0.355084584698081,0.2126626256480813,0.0522509699022643,0.036211560467039064
0.4469068646430969,0.27144402265548706,0.355084584698081,0.2126626256480813,0.0522509699022643,0.036211560467039064
0.26045501232147217,0.14957022666931152,0.355084584698081,0.2126626256480813,0.0522509699022643,0.036211560467039064
0.3776032030582428,0.21059909462928772,0.355084584698081,0.2126626256480813,0.0522509699022643,0.036211560467039064
0.4096629023551941,0.2526267170906067,0.355084584698081,0.2126626256480813,0.0522509699022643,0.036211560467039064
0.3039287328720093,0.20256873965263367,0.355084584698081,0.2126626256480813,0.0522509699022643,0.036211560467039064
0.4332548677921295,0.2717379033565521,0.355084584698081,0.2126626256480813,0.0522509699022643,0.036211560467039064
0.4266645610332489,0.2650601267814636,0.355084584698081,0.2126626256480813,0.0522509699022643,0.036211560467039064
0.2997450530529022,0.17120665311813354,0.355084584698081,0.2126626256480813,0.0522509699022643,0.036211560467039064
0.3903234601020813,0.2204113006591797,0.355084584698081,0.2126626256480813,0.0522509699022643,0.036211560467039064
0.35918402671813965,0.208073228597641,0.355084584698081,0.2126626256480813,0.0522509699022643,0.036211560467039064
0.40804776549339294,0.25960060954093933,0.355084584698081,0.2126626256480813,0.0522509699022643,0.036211560467039064
0.4030386507511139,0.23404647409915924,0.355084584698081,0.2126626256480813,0.0522509699022643,0.036211560467039064
0.4237962067127228,0.2744358777999878,0.355084584698081,0.2126626256480813,0.0522509699022643,0.036211560467039064
0.32806694507598877,0.18222163617610931,0.355084584698081,0.2126626256480813,0.0522509699022643,0.036211560467039064
0.3201591372489929,0.19266651570796967,0.355084584698081,0.2126626256480813,0.0522509699022643,0.036211560467039064
0.3453275263309479,0.22074979543685913,0.355084584698081,0.2126626256480813,0.0522509699022643,0.036211560467039064
0.252524197101593,0.14126557111740112,0.355084584698081,0.2126626256480813,0.0522509699022643,0.036211560467039064
0.2930346727371216,0.189107283949852,0.355084584698081,0.2126626256480813,0.0522509699022643,0.036211560467039064
0.3823122978210449,0.21972624957561493,0.355084584698081,0.2126626256480813,0.0522509699022643,0.036211560467039064
0.29698100686073303,0.1794985830783844,0.355084584698081,0.2126626256480813,0.0522509699022643,0.036211560467039064
0.3097403645515442,0.18626463413238525,0.355084584698081,0.2126626256480813,0.0522509699022643,0.036211560467039064
0.3031451106071472,0.16545303165912628,0.355084584698081,0.2126626256480813,0.0522509699022643,0.036211560467039064
0.3200681209564209,0.19615469872951508,0.355084584698081,0.2126626256480813,0.0522509699022643,0.036211560467039064
0.29460498690605164,0.18146489560604095,0.355084584698081,0.2126626256480813,0.0522509699022643,0.036211560467039064
0.3755311965942383,0.2218228578567505,0.355084584698081,0.2126626256480813,0.0522509699022643,0.036211560467039064
0.3708052337169647,0.2062801718711853,0.355084584698081,0.2126626256480813,0.0522509699022643,0.036211560467039064
0.2573124170303345,0.14738856256008148,0.355084584698081,0.2126626256480813,0.0522509699022643,0.036211560467039064
0.41025063395500183,0.2554032802581787,0.355084584698081,0.2126626256480813,0.0522509699022643,0.036211560467039064
0.4113459885120392,0.25792667269706726,0.355084584698081,0.2126626256480813,0.0522509699022643,0.036211560467039064
0.30412957072257996,0.17495810985565186,0.355084584698081,0.2126626256480813,0.0522509699022643,0.036211560467039064
0.27199235558509827,0.163399338722229,0.355084584698081,0.2126626256480813,0.0522509699022643,0.036211560467039064
0.3619691729545593,0.20528076589107513,0.355084584698081,0.2126626256480813,0.0522509699022643,0.036211560467039064
0.3300834000110626,0.2158259153366089,0.355084584698081,0.2126626256480813,0.0522509699022643,0.036211560467039064
0.39938515424728394,0.24511589109897614,0.355084584698081,0.2126626256480813,0.0522509699022643,0.036211560467039064
0.40495753288269043,0.24743011593818665,0.355084584698081,0.2126626256480813,0.0522509699022643,0.036211560467039064
0.32799428701400757,0.1866876184940338,0.355084584698081,0.2126626256480813,0.0522509699022643,0.036211560467039064
0.38215184211730957,0.22489061951637268,0.355084584698081,0.2126626256480813,0.0522509699022643,0.036211560467039064
0.4137773811817169,0.26561659574508667,0.355084584698081,0.2126626256480813,0.0522509699022643,0.036211560467039064
0.3614231050014496,0.23540467023849487,0.355084584698081,0.2126626256480813,0.0522509699022643,0.036211560467039064
0.4362946152687073,0.2741003632545471,0.355084584698081,0.2126626256480813,0.0522509699022643,0.036211560467039064
0.28668728470802307,0.1626828908920288,0.355084584698081,0.2126626256480813,0.0522509699022643,0.036211560467039064
0.40428683161735535,0.22987908124923706,0.355084584698081,0.2126626256480813,0.0522509699022643,0.036211560467039064
0.3993954062461853,0.23269960284233093,0.355084584698081,0.2126626256480813,0.0522509699022643,0.036211560467039064
0.3329557776451111,0.18136082589626312,0.355084584698081,0.2126626256480813,0.0522509699022643,0.036211560467039064
0.2804470360279083,0.16576926410198212,0.355084584698081,0.2126626256480813,0.0522509699022643,0.036211560467039064
0.3196146488189697,0.19029927253723145,0.355084584698081,0.2126626256480813,0.0522509699022643,0.036211560467039064
0.3332202136516571,0.1879260540008545,0.355084584698081,0.2126626256480813,0.0522509699022643,0.036211560467039064
0.39333802461624146,0.23517267405986786,0.355084584698081,0.2126626256480813,0.0522509699022643,0.036211560467039064
0.4402764141559601,0.26123496890068054,0.355084584698081,0.2126626256480813,0.0522509699022643,0.036211560467039064
0.4031665027141571,0.24138803780078888,0.355084584698081,0.2126626256480813,0.0522509699022643,0.036211560467039064
0.40863537788391113,0.24069781601428986,0.355084584698081,0.2126626256480813,0.0522509699022643,0.036211560467039064
0.4235086441040039,0.2514864504337311,0.355084584698081,0.2126626256480813,0.0522509699022643,0.036211560467039064
0.3989715576171875,0.23216034471988678,0.355084584698081,0.2126626256480813,0.0522509699022643,0.036211560467039064
0.42419424653053284,0.26976364850997925,0.355084584698081,0.2126626256480813,0.0522509699022643,0.036211560467039064
0.32686468958854675,0.19132189452648163,0.355084584698081,0.2126626256480813,0.0522509699022643,0.036211560467039064
0.33304479718208313,0.20753824710845947,0.355084584698081,0.2126626256480813,0.0522509699022643,0.036211560467039064
0.3556230664253235,0.2061980813741684,0.355084584698081,0.2126626256480813,0.0522509699022643,0.036211560467039064
0.29205048084259033,0.16115866601467133,0.355084584698081,0.2126626256480813,0.0522509699022643,0.036211560467039064
0.35933196544647217,0.1956145465373993,0.355084584698081,0.2126626256480813,0.0522509699022643,0.036211560467039064
0.32793131470680237,0.17839132249355316,0.355084584698081,0.2126626256480813,0.0522509699022643,0.036211560467039064
0.3289066255092621,0.21493129432201385,0.355084584698081,0.2126626256480813,0.0522509699022643,0.036211560467039064
0.277687668800354,0.14730851352214813,0.355084584698081,0.2126626256480813,0.0522509699022643,0.036211560467039064
0.3170161247253418,0.20577667653560638,0.355084584698081,0.2126626256480813,0.0522509699022643,0.036211560467039064
0.30778002738952637,0.17747050523757935,0.355084584698081,0.2126626256480813,0.0522509699022643,0.036211560467039064
0.35380491614341736,0.19923029839992523,0.355084584698081,0.2126626256480813,0.0522509699022643,0.036211560467039064
0.36766842007637024,0.21788521111011505,0.355084584698081,0.2126626256480813,0.0522509699022643,0.036211560467039064
0.37569549679756165,0.22035163640975952,0.355084584698081,0.2126626256480813,0.0522509699022643,0.036211560467039064
0.38742583990097046,0.2233268916606903,0.355084584698081,0.2126626256480813,0.0522509699022643,0.036211560467039064
0.3885148763656616,0.22246907651424408,0.355084584698081,0.2126626256480813,0.0522509699022643,0.036211560467039064
0.2872870862483978,0.1836525946855545,0.355084584698081,0.2126626256480813,0.0522509699022643,0.036211560467039064
0.27331846952438354,0.15780998766422272,0.355084584698081,0.2126626256480813,0.0522509699022643,0.036211560467039064
0.39071840047836304,0.22068582475185394,0.355084584698081,0.2126626256480813,0.0522509699022643,0.036211560467039064
0.4199398159980774,0.26994258165359497,0.355084584698081,0.2126626256480813,0.0522509699022643,0.036211560467039064
0.268307626247406,0.15627944469451904,0.355084584698081,0.2126626256480813,0.0522509699022643,0.036211560467039064
0.33080559968948364,0.18996833264827728,0.355084584698081,0.2126626256480813,0.0522509699022643,0.036211560467039064
0.422749400138855,0.26741164922714233,0.355084584698081,0.2126626256480813,0.0522509699022643,0.036211560467039064
0.297166109085083,0.1915503889322281,0.355084584698081,0.2126626256480813,0.0522509699022643,0.036211560467039064
0.38665857911109924,0.24277357757091522,0.355084584698081,0.2126626256480813,0.0522509699022643,0.036211560467039064
0.41744592785835266,0.24602971971035004,0.355084584698081,0.2126626256480813,0.0522509699022643,0.036211560467039064
0.30184319615364075,0.19929297268390656,0.355084584698081,0.2126626256480813,0.0522509699022643,0.036211560467039064
0.4114857017993927,0.23451261222362518,0.355084584698081,0.2126626256480813,0.0522509699022643,0.036211560467039064
0.34291860461235046,0.20675413310527802,0.355084584698081,0.2126626256480813,0.0522509699022643,0.036211560467039064
0.3932526111602783,0.24801751971244812,0.355084584698081,0.2126626256480813,0.0522509699022643,0.036211560467039064
0.40159744024276733,0.2536402642726898,0.355084584698081,0.2126626256480813,0.0522509699022643,0.036211560467039064
0.40241488814353943,0.23752686381340027,0.355084584698081,0.2126626256480813,0.0522509699022643,0.036211560467039064
0.3646843731403351,0.21229256689548492,0.355084584698081,0.2126626256480813,0.0522509699022643,0.036211560467039064
0.31282979249954224,0.20903372764587402,0.355084584698081,0.2126626256480813,0.0522509699022643,0.036211560467039064
0.30843400955200195,0.1879563182592392,0.355084584698081,0.2126626256480813,0.0522509699022643,0.036211560467039064
0.37653616070747375,0.21093060076236725,0.355084584698081,0.2126626256480813,0.0522509699022643,0.036211560467039064
0.44259148836135864,0.28408336639404297,0.355084584698081,0.2126626256480813,0.0522509699022643,0.036211560467039064
0.31388577818870544,0.1851816177368164,0.355084584698081,0.2126626256480813,0.0522509699022643,0.036211560467039064
0.40735745429992676,0.256632536649704,0.355084584698081,0.2126626256480813,0.0522509699022643,0.036211560467039064
0.4332444965839386,0.26692259311676025,0.355084584698081,0.2126626256480813,0.0522509699022643,0.036211560467039064
0.3003186285495758,0.17163674533367157,0.355084584698081,0.2126626256480813,0.0522509699022643,0.036211560467039064
0.4030800461769104,0.23414558172225952,0.355084584698081,0.2126626256480813,0.0522509699022643,0.036211560467039064
0.32109367847442627,0.17778603732585907,0.355084584698081,0.2126626256480813,0.0522509699022643,0.036211560467039064
0.4209016263484955,0.2653735280036926,0.355084584698081,0.2126626256480813,0.0522509699022643,0.036211560467039064
0.40721482038497925,0.23993664979934692,0.355084584698081,0.2126626256480813,0.0522509699022643,0.036211560467039064
0.42553240060806274,0.26103276014328003,0.355084584698081,0.2126626256480813,0.0522509699022643,0.036211560467039064
0.38330212235450745,0.22757934033870697,0.355084584698081,0.2126626256480813,0.0522509699022643,0.036211560467039064
0.343031108379364,0.22801730036735535,0.355084584698081,0.2126626256480813,0.0522509699022643,0.036211560467039064
0.29601791501045227,0.1620941013097763,0.355084584698081,0.2126626256480813,0.0522509699022643,0.036211560467039064
0.3482959568500519,0.2028302550315857,0.355084584698081,0.2126626256480813,0.0522509699022643,0.036211560467039064
0.43179935216903687,0.26639777421951294,0.355084584698081,0.2126626256480813,0.0522509699022643,0.036211560467039064
0.35325247049331665,0.2060021162033081,0.355084584698081,0.2126626256480813,0.0522509699022643,0.036211560467039064
0.45602428913116455,0.29372090101242065,0.355084584698081,0.2126626256480813,0.0522509699022643,0.036211560467039064
0.3034904897212982,0.17577847838401794,0.355084584698081,0.2126626256480813,0.0522509699022643,0.036211560467039064
0.3061380386352539,0.2033701241016388,0.355084584698081,0.2126626256480813,0.0522509699022643,0.036211560467039064
0.36425042152404785,0.2039964497089386,0.355084584698081,0.2126626256480813,0.0522509699022643,0.036211560467039064
0.35045912861824036,0.20890282094478607,0.355084584698081,0.2126626256480813,0.0522509699022643,0.036211560467039064
0.4224908649921417,0.25166672468185425,0.355084584698081,0.2126626256480813,0.0522509699022643,0.036211560467039064
0.36965614557266235,0.2124829888343811,0.355084584698081,0.2126626256480813,0.0522509699022643,0.036211560467039064
0.40637582540512085,0.2623497247695923,0.355084584698081,0.2126626256480813,0.0522509699022643,0.036211560467039064
0.3576206564903259,0.19472335278987885,0.355084584698081,0.2126626256480813,0.0522509699022643,0.036211560467039064
0.30475378036499023,0.1706884354352951,0.355084584698081,0.2126626256480813,0.0522509699022643,0.036211560467039064
0.379773885011673,0.23861275613307953,0.355084584698081,0.2126626256480813,0.0522509699022643,0.036211560467039064
0.40390434861183167,0.23754628002643585,0.355084584698081,0.2126626256480813,0.0522509699022643,0.036211560467039064
0.2801398038864136,0.18075694143772125,0.355084584698081,0.2126626256480813,0.0522509699022643,0.036211560467039064
0.40969863533973694,0.24388915300369263,0.355084584698081,0.2126626256480813,0.0522509699022643,0.036211560467039064
0.39868906140327454,0.22920545935630798,0.355084584698081,0.2126626256480813,0.0522509699022643,0.036211560467039064
0.38057470321655273,0.215447798371315,0.355084584698081,0.2126626256480813,0.0522509699022643,0.036211560467039064
0.3142772316932678,0.17799854278564453,0.355084584698081,0.2126626256480813,0.0522509699022643,0.036211560467039064
0.4040406346321106,0.24411851167678833,0.355084584698081,0.2126626256480813,0.0522509699022643,0.036211560467039064
0.3250107169151306,0.17819339036941528,0.355084584698081,0.2126626256480813,0.0522509699022643,0.036211560467039064
0.39072880148887634,0.2306860387325287,0.355084584698081,0.2126626256480813,0.0522509699022643,0.036211560467039064
0.37503963708877563,0.2065368890762329,0.355084584698081,0.2126626256480813,0.0522509699022643,0.036211560467039064
0.346828818321228,0.1906677484512329,0.355084584698081,0.2126626256480813,0.0522509699022643,0.036211560467039064
0.34015578031539917,0.2335466891527176,0.355084584698081,0.2126626256480813,0.0522509699022643,0.036211560467039064
0.29733285307884216,0.20023153722286224,0.355084584698081,0.2126626256480813,0.0522509699022643,0.036211560467039064
0.3516273498535156,0.20370601117610931,0.355084584698081,0.2126626256480813,0.0522509699022643,0.036211560467039064
0.3974904716014862,0.23108486831188202,0.355084584698081,0.2126626256480813,0.0522509699022643,0.036211560467039064
0.4177229106426239,0.2667204439640045,0.355084584698081,0.2126626256480813,0.0522509699022643,0.036211560467039064
0.37663283944129944,0.20222720503807068,0.355084584698081,0.2126626256480813,0.0522509699022643,0.036211560467039064
0.3560863733291626,0.20816881954669952,0.355084584698081,0.2126626256480813,0.0522509699022643,0.036211560467039064
0.43327468633651733,0.27058854699134827,0.355084584698081,0.2126626256480813,0.0522509699022643,0.036211560467039064
0.2935348153114319,0.1686858981847763,0.355084584698081,0.2126626256480813,0.0522509699022643,0.036211560467039064
0.33265966176986694,0.2217933088541031,0.355084584698081,0.2126626256480813,0.0522509699022643,0.036211560467039064
0.34805354475975037,0.2333686351776123,0.355084584698081,0.2126626256480813,0.0522509699022643,0.036211560467039064
0.2926785349845886,0.1717141568660736,0.355084584698081,0.2126626256480813,0.0522509699022643,0.036211560467039064
0.42846813797950745,0.26201745867729187,0.355084584698081,0.2126626256480813,0.0522509699022643,0.036211560467039064
0.31401634216308594,0.17332878708839417,0.355084584698081,0.2126626256480813,0.0522509699022643,0.036211560467039064
0.3498519957065582,0.19251209497451782,0.355084584698081,0.2126626256480813,0.0522509699022643,0.036211560467039064
0.31506410241127014,0.16939526796340942,0.355084584698081,0.2126626256480813,0.0522509699022643,0.036211560467039064
0.40812963247299194,0.2520839273929596,0.355084584698081,0.2126626256480813,0.0522509699022643,0.036211560467039064
0.33070802688598633,0.20563814043998718,0.355084584698081,0.2126626256480813,0.0522509699022643,0.036211560467039064
0.37847864627838135,0.21215766668319702,0.355084584698081,0.2126626256480813,0.0522509699022643,0.036211560467039064
0.2989872395992279,0.19364893436431885,0.355084584698081,0.2126626256480813,0.0522509699022643,0.036211560467039064
0.3872086703777313,0.22864331305027008,0.355084584698081,0.2126626256480813,0.0522509699022643,0.036211560467039064
0.3467605412006378,0.19369083642959595,0.355084584698081,0.2126626256480813,0.0522509699022643,0.036211560467039064
0.40609627962112427,0.24591965973377228,0.355084584698081,0.2126626256480813,0.0522509699022643,0.036211560467039064
0.3945643901824951,0.24009649455547333,0.355084584698081,0.2126626256480813,0.0522509699022643,0.036211560467039064
0.31308871507644653,0.16482773423194885,0.355084584698081,0.2126626256480813,0.0522509699022643,0.036211560467039064
0.4137671887874603,0.2524339556694031,0.355084584698081,0.2126626256480813,0.0522509699022643,0.036211560467039064
0.30099624395370483,0.16994708776474,0.355084584698081,0.2126626256480813,0.0522509699022643,0.036211560467039064
0.3962908983230591,0.2347550094127655,0.355084584698081,0.2126626256480813,0.0522509699022643,0.036211560467039064
0.3008461892604828,0.1659856140613556,0.355084584698081,0.2126626256480813,0.0522509699022643,0.036211560467039064
0.42114323377609253,0.263774573802948,0.355084584698081,0.2126626256480813,0.0522509699022643,0.036211560467039064
0.3477346897125244,0.22037173807621002,0.355084584698081,0.2126626256480813,0.0522509699022643,0.036211560467039064
0.28376826643943787,0.165681853890419,0.355084584698081,0.2126626256480813,0.0522509699022643,0.036211560467039064
0.28957563638687134,0.15874965488910675,0.355084584698081,0.2126626256480813,0.0522509699022643,0.036211560467039064
0.2902107536792755,0.17394551634788513,0.355084584698081,0.2126626256480813,0.0522509699022643,0.036211560467039064
0.28537797927856445,0.16793759167194366,0.355084584698081,0.2126626256480813,0.0522509699022643,0.036211560467039064
0.2795039415359497,0.16176040470600128,0.355084584698081,0.2126626256480813,0.0522509699022643,0.036211560467039064
0.33177563548088074,0.18888632953166962,0.355084584698081,0.2126626256480813,0.0522509699022643,0.036211560467039064
0.4114716053009033,0.2477806955575943,0.355084584698081,0.2126626256480813,0.0522509699022643,0.036211560467039064
0.3394407331943512,0.18153993785381317,0.355084584698081,0.2126626256480813,0.0522509699022643,0.036211560467039064
0.3715423047542572,0.21109312772750854,0.355084584698081,0.2126626256480813,0.0522509699022643,0.036211560467039064
0.3734283745288849,0.2075587511062622,0.355084584698081,0.2126626256480813,0.0522509699022643,0.036211560467039064
0.34362199902534485,0.21868591010570526,0.355084584698081,0.2126626256480813,0.0522509699022643,0.036211560467039064
0.4295320212841034,0.2629551887512207,0.355084584698081,0.2126626256480813,0.0522509699022643,0.036211560467039064
0.35545051097869873,0.20523874461650848,0.355084584698081,0.2126626256480813,0.0522509699022643,0.036211560467039064
0.29387158155441284,0.18605266511440277,0.355084584698081,0.2126626256480813,0.0522509699022643,0.036211560467039064
0.3352179229259491,0.20764626562595367,0.355084584698081,0.2126626256480813,0.0522509699022643,0.036211560467039064
0.28825560212135315,0.18342871963977814,0.355084584698081,0.2126626256480813,0.0522509699022643,0.036211560467039064
0.3687725067138672,0.2071317583322525,0.355084584698081,0.2126626256480813,0.0522509699022643,0.036211560467039064
0.4409526586532593,0.2683275043964386,0.355084584698081,0.2126626256480813,0.0522509699022643,0.036211560467039064
0.24473772943019867,0.14356233179569244,0.355084584698081,0.2126626256480813,0.0522509699022643,0.036211560467039064
0.32805395126342773,0.1976533681154251,0.355084584698081,0.2126626256480813,0.0522509699022643,0.036211560467039064
0.3063618838787079,0.17158623039722443,0.355084584698081,0.2126626256480813,0.0522509699022643,0.036211560467039064
0.29786354303359985,0.18061256408691406,0.355084584698081,0.2126626256480813,0.0522509699022643,0.036211560467039064
0.3112112283706665,0.18074291944503784,0.355084584698081,0.2126626256480813,0.0522509699022643,0.036211560467039064
0.30323198437690735,0.2003171145915985,0.355084584698081,0.2126626256480813,0.0522509699022643,0.036211560467039064
0.37223902344703674,0.21274155378341675,0.355084584698081,0.2126626256480813,0.0522509699022643,0.036211560467039064
0.4240303337574005,0.261064738035202,0.355084584698081,0.2126626256480813,0.0522509699022643,0.036211560467039064
0.30025067925453186,0.1970667541027069,0.355084584698081,0.2126626256480813,0.0522509699022643,0.036211560467039064
0.32081449031829834,0.1938832551240921,0.355084584698081,0.2126626256480813,0.0522509699022643,0.036211560467039064
0.32348525524139404,0.17188729345798492,0.355084584698081,0.2126626256480813,0.0522509699022643,0.036211560467039064
0.3234632909297943,0.21101868152618408,0.355084584698081,0.2126626256480813,0.0522509699022643,0.036211560467039064
0.30950939655303955,0.19856925308704376,0.355084584698081,0.2126626256480813,0.0522509699022643,0.036211560467039064
0.3718456029891968,0.2090217024087906,0.355084584698081,0.2126626256480813,0.0522509699022643,0.036211560467039064
0.41481032967567444,0.2543034851551056,0.355084584698081,0.2126626256480813,0.0522509699022643,0.036211560467039064
0.30498814582824707,0.20389574766159058,0.355084584698081,0.2126626256480813,0.0522509699022643,0.036211560467039064
0.32054927945137024,0.1917772740125656,0.355084584698081,0.2126626256480813,0.0522509699022643,0.036211560467039064
0.3784203827381134,0.23270553350448608,0.355084584698081,0.2126626256480813,0.0522509699022643,0.036211560467039064
0.40994518995285034,0.24623306095600128,0.355084584698081,0.2126626256480813,0.0522509699022643,0.036211560467039064
0.40240156650543213,0.2607818841934204,0.355084584698081,0.2126626256480813,0.0522509699022643,0.036211560467039064
0.3972395360469818,0.24141579866409302,0.355084584698081,0.2126626256480813,0.0522509699022643,0.036211560467039064
0.4392133355140686,0.28373751044273376,0.355084584698081,0.2126626256480813,0.0522509699022643,0.036211560467039064
0.3183685541152954,0.19431552290916443,0.355084584698081,0.2126626256480813,0.0522509699022643,0.036211560467039064
0.33804887533187866,0.17613030970096588,0.355084584698081,0.2126626256480813,0.0522509699022643,0.036211560467039064
0.3147876560688019,0.19342297315597534,0.355084584698081,0.2126626256480813,0.0522509699022643,0.036211560467039064
0.3580889403820038,0.21391575038433075,0.355084584698081,0.2126626256480813,0.0522509699022643,0.036211560467039064
0.27309858798980713,0.15901276469230652,0.355084584698081,0.2126626256480813,0.0522509699022643,0.036211560467039064
0.3998771607875824,0.24991746246814728,0.355084584698081,0.2126626256480813,0.0522509699022643,0.036211560467039064
0.3242288827896118,0.18453416228294373,0.355084584698081,0.2126626256480813,0.0522509699022643,0.036211560467039064
0.31665781140327454,0.17460283637046814,0.355084584698081,0.2126626256480813,0.0522509699022643,0.036211560467039064
0.38892847299575806,0.21689939498901367,0.355084584698081,0.2126626256480813,0.0522509699022643,0.036211560467039064
0.3083324730396271,0.17329415678977966,0.355084584698081,0.2126626256480813,0.0522509699022643,0.036211560467039064
0.3064386248588562,0.18441970646381378,0.355084584698081,0.2126626256480813,0.0522509699022643,0.036211560467039064
0.30913272500038147,0.1928619146347046,0.355084584698081,0.2126626256480813,0.0522509699022643,0.036211560467039064
0.28298643231391907,0.18635150790214539,0.355084584698081,0.2126626256480813,0.0522509699022643,0.036211560467039064
0.43071720004081726,0.2616193890571594,0.355084584698081,0.2126626256480813,0.0522509699022643,0.036211560467039064
0.3646913170814514,0.23226039111614227,0.355084584698081,0.2126626256480813,0.0522509699022643,0.036211560467039064
0.4040772020816803,0.2446926087141037,0.355084584698081,0.2126626256480813,0.0522509699022643,0.036211560467039064
0.4199177324771881,0.25942370295524597,0.355084584698081,0.2126626256480813,0.0522509699022643,0.036211560467039064
0.3167027235031128,0.18860942125320435,0.355084584698081,0.2126626256480813,0.0522509699022643,0.036211560467039064
0.3391028940677643,0.19065754115581512,0.355084584698081,0.2126626256480813,0.0522509699022643,0.036211560467039064
0.3468334376811981,0.183943971991539,0.355084584698081,0.2126626256480813,0.0522509699022643,0.036211560467039064
0.31694912910461426,0.19576837122440338,0.355084584698081,0.2126626256480813,0.0522509699022643,0.036211560467039064
0.37391602993011475,0.2204875499010086,0.355084584698081,0.2126626256480813,0.0522509699022643,0.036211560467039064
0.4601912796497345,0.28951773047447205,0.355084584698081,0.2126626256480813,0.0522509699022643,0.036211560467039064
0.3433035612106323,0.2212672084569931,0.355084584698081,0.2126626256480813,0.0522509699022643,0.036211560467039064
0.2859942615032196,0.17139869928359985,0.355084584698081,0.2126626256480813,0.0522509699022643,0.036211560467039064
0.42689627408981323,0.25902998447418213,0.355084584698081,0.2126626256480813,0.0522509699022643,0.036211560467039064
0.29281124472618103,0.1620420664548874,0.355084584698081,0.2126626256480813,0.0522509699022643,0.036211560467039064
0.4214194416999817,0.26996368169784546,0.355084584698081,0.2126626256480813,0.0522509699022643,0.036211560467039064
0.2867395579814911,0.1630059778690338,0.355084584698081,0.2126626256480813,0.0522509699022643,0.036211560467039064
0.31311994791030884,0.19369952380657196,0.355084584698081,0.2126626256480813,0.0522509699022643,0.036211560467039064
0.4306063950061798,0.267272412776947,0.355084584698081,0.2126626256480813,0.0522509699022643,0.036211560467039064
0.3050692677497864,0.1758623570203781,0.355084584698081,0.2126626256480813,0.0522509699022643,0.036211560467039064
0.3188546597957611,0.19566404819488525,0.355084584698081,0.2126626256480813,0.0522509699022643,0.036211560467039064
0.3902587890625,0.23232191801071167,0.355084584698081,0.2126626256480813,0.0522509699022643,0.036211560467039064
0.4403611421585083,0.28246888518333435,0.355084584698081,0.2126626256480813,0.0522509699022643,0.036211560467039064
0.4220956861972809,0.266919881105423,0.355084584698081,0.2126626256480813,0.0522509699022643,0.036211560467039064
0.3027123808860779,0.1753193885087967,0.355084584698081,0.2126626256480813,0.0522509699022643,0.036211560467039064
0.38243743777275085,0.2348160445690155,0.355084584698081,0.2126626256480813,0.0522509699022643,0.036211560467039064
0.40236786007881165,0.2385415881872177,0.355084584698081,0.2126626256480813,0.0522509699022643,0.036211560467039064
0.43308138847351074,0.2768511474132538,0.355084584698081,0.2126626256480813,0.0522509699022643,0.036211560467039064
0.3893604278564453,0.24543705582618713,0.355084584698081,0.2126626256480813,0.0522509699022643,0.036211560467039064
0.2994120121002197,0.15428194403648376,0.355084584698081,0.2126626256480813,0.0522509699022643,0.036211560467039064
0.3750477433204651,0.24565112590789795,0.355084584698081,0.2126626256480813,0.0522509699022643,0.036211560467039064
0.410812109708786,0.25085392594337463,0.355084584698081,0.2126626256480813,0.0522509699022643,0.036211560467039064
0.31181958317756653,0.1662939041852951,0.355084584698081,0.2126626256480813,0.0522509699022643,0.036211560467039064
0.38894855976104736,0.2381737232208252,0.355084584698081,0.2126626256480813,0.0522509699022643,0.036211560467039064
0.3778371512889862,0.22445999085903168,0.355084584698081,0.2126626256480813,0.0522509699022643,0.036211560467039064
0.426435261964798,0.27413952350616455,0.355084584698081,0.2126626256480813,0.0522509699022643,0.036211560467039064
0.3899012804031372,0.22642415761947632,0.355084584698081,0.2126626256480813,0.0522509699022643,0.036211560467039064
0.43863409757614136,0.26290130615234375,0.355084584698081,0.2126626256480813,0.0522509699022643,0.036211560467039064
0.30408957600593567,0.20116713643074036,0.355084584698081,0.2126626256480813,0.0522509699022643,0.036211560467039064
0.27330127358436584,0.16352900862693787,0.355084584698081,0.2126626256480813,0.0522509699022643,0.036211560467039064
0.4431792199611664,0.27335625886917114,0.355084584698081,0.2126626256480813,0.0522509699022643,0.036211560467039064
0.43645790219306946,0.2807014286518097,0.355084584698081,0.2126626256480813,0.0522509699022643,0.036211560467039064
0.37338170409202576,0.20206095278263092,0.355084584698081,0.2126626256480813,0.0522509699022643,0.036211560467039064
0.3255196511745453,0.167517751455307,0.355084584698081,0.2126626256480813,0.0522509699022643,0.036211560467039064
0.2818242907524109,0.16563591361045837,0.355084584698081,0.2126626256480813,0.0522509699022643,0.036211560467039064
0.32793745398521423,0.2026890218257904,0.355084584698081,0.2126626256480813,0.0522509699022643,0.036211560467039064
0.41063907742500305,0.26710185408592224,0.355084584698081,0.2126626256480813,0.0522509699022643,0.036211560467039064
0.4140108525753021,0.2436516284942627,0.355084584698081,0.2126626256480813,0.0522509699022643,0.036211560467039064
0.35652783513069153,0.1896965056657791,0.355084584698081,0.2126626256480813,0.0522509699022643,0.036211560467039064
0.387372225522995,0.21803633868694305,0.355084584698081,0.2126626256480813,0.0522509699022643,0.036211560467039064
0.4042477309703827,0.2500913441181183,0.355084584698081,0.2126626256480813,0.0522509699022643,0.036211560467039064
0.29714322090148926,0.16871806979179382,0.355084584698081,0.2126626256480813,0.0522509699022643,0.036211560467039064
0.327409952878952,0.21787193417549133,0.355084584698081,0.2126626256480813,0.0522509699022643,0.036211560467039064
0.43645352125167847,0.2866991460323334,0.355084584698081,0.2126626256480813,0.0522509699022643,0.036211560467039064
0.3494931757450104,0.200116828083992,0.355084584698081,0.2126626256480813,0.0522509699022643,0.036211560467039064
0.29670092463493347,0.1876196414232254,0.355084584698081,0.2126626256480813,0.0522509699022643,0.036211560467039064
0.40999889373779297,0.25553345680236816,0.355084584698081,0.2126626256480813,0.0522509699022643,0.036211560467039064
0.41699373722076416,0.2662561535835266,0.355084584698081,0.2126626256480813,0.0522509699022643,0.036211560467039064
0.3820575475692749,0.24183738231658936,0.355084584698081,0.2126626256480813,0.0522509699022643,0.036211560467039064
0.40921375155448914,0.24739228188991547,0.355084584698081,0.2126626256480813,0.0522509699022643,0.036211560467039064
0.37875896692276,0.22838515043258667,0.355084584698081,0.2126626256480813,0.0522509699022643,0.036211560467039064
0.33032816648483276,0.21016862988471985,0.355084584698081,0.2126626256480813,0.0522509699022643,0.036211560467039064
0.42350155115127563,0.25870281457901,0.355084584698081,0.2126626256480813,0.0522509699022643,0.036211560467039064
0.37613776326179504,0.20958244800567627,0.355084584698081,0.2126626256480813,0.0522509699022643,0.036211560467039064
0.31960201263427734,0.20082396268844604,0.355084584698081,0.2126626256480813,0.0522509699022643,0.036211560467039064
0.401835560798645,0.24275191128253937,0.355084584698081,0.2126626256480813,0.0522509699022643,0.036211560467039064
0.37108126282691956,0.21529929339885712,0.355084584698081,0.2126626256480813,0.0522509699022643,0.036211560467039064
0.28728392720222473,0.16799695789813995,0.355084584698081,0.2126626256480813,0.0522509699022643,0.036211560467039064
0.3849382698535919,0.22719250619411469,0.355084584698081,0.2126626256480813,0.0522509699022643,0.036211560467039064
0.3542207181453705,0.19811859726905823,0.355084584698081,0.2126626256480813,0.0522509699022643,0.036211560467039064
0.30217090249061584,0.1621696650981903,0.355084584698081,0.2126626256480813,0.0522509699022643,0.036211560467039064
0.35245826840400696,0.19640494883060455,0.355084584698081,0.2126626256480813,0.0522509699022643,0.036211560467039064
0.4300623834133148,0.26372477412223816,0.355084584698081,0.2126626256480813,0.0522509699022643,0.036211560467039064
0.3092040419578552,0.2031167447566986,0.355084584698081,0.2126626256480813,0.0522509699022643,0.036211560467039064
0.32857298851013184,0.19611229002475739,0.355084584698081,0.2126626256480813,0.0522509699022643,0.036211560467039064
0.3387194275856018,0.2217213213443756,0.355084584698081,0.2126626256480813,0.0522509699022643,0.036211560467039064
0.43760061264038086,0.2797810137271881,0.355084584698081,0.2126626256480813,0.0522509699022643,0.036211560467039064
0.29325973987579346,0.19320356845855713,0.355084584698081,0.2126626256480813,0.0522509699022643,0.036211560467039064
0.2739209830760956,0.14761996269226074,0.355084584698081,0.2126626256480813,0.0522509699022643,0.036211560467039064
0.3594486117362976,0.1937554031610489,0.355084584698081,0.2126626256480813,0.0522509699022643,0.036211560467039064
0.2681516110897064,0.15622830390930176,0.355084584698081,0.2126626256480813,0.0522509699022643,0.036211560467039064
0.32650578022003174,0.17201292514801025,0.355084584698081,0.2126626256480813,0.0522509699022643,0.036211560467039064
0.28573745489120483,0.15463118255138397,0.355084584698081,0.2126626256480813,0.0522509699022643,0.036211560467039064
0.4369267225265503,0.2651507556438446,0.355084584698081,0.2126626256480813,0.0522509699022643,0.036211560467039064
0.43941178917884827,0.280578076839447,0.355084584698081,0.2126626256480813,0.0522509699022643,0.036211560467039064
0.2824888527393341,0.16799065470695496,0.355084584698081,0.2126626256480813,0.0522509699022643,0.036211560467039064
0.3920220136642456,0.22441710531711578,0.355084584698081,0.2126626256480813,0.0522509699022643,0.036211560467039064
0.3427763879299164,0.19247837364673615,0.355084584698081,0.2126626256480813,0.0522509699022643,0.036211560467039064
0.4257480502128601,0.2573997378349304,0.355084584698081,0.2126626256480813,0.0522509699022643,0.036211560467039064
0.33280569314956665,0.21654647588729858,0.355084584698081,0.2126626256480813,0.0522509699022643,0.036211560467039064
0.4438488781452179,0.2660831809043884,0.355084584698081,0.2126626256480813,0.0522509699022643,0.036211560467039064
0.3597664535045624,0.1987193524837494,0.355084584698081,0.2126626256480813,0.0522509699022643,0.036211560467039064
0.30890166759490967,0.1941559910774231,0.355084584698081,0.2126626256480813,0.0522509699022643,0.036211560467039064
0.41176870465278625,0.23026831448078156,0.355084584698081,0.2126626256480813,0.0522509699022643,0.036211560467039064
0.31846582889556885,0.17690855264663696,0.355084584698081,0.2126626256480813,0.0522509699022643,0.036211560467039064
0.381842702627182,0.223592609167099,0.355084584698081,0.2126626256480813,0.0522509699022643,0.036211560467039064
0.3360435366630554,0.18807269632816315,0.355084584698081,0.2126626256480813,0.0522509699022643,0.036211560467039064
0.35047784447669983,0.19354288280010223,0.355084584698081,0.2126626256480813,0.0522509699022643,0.036211560467039064
0.29672643542289734,0.185730442404747,0.355084584698081,0.2126626256480813,0.0522509699022643,0.036211560467039064
0.3103805482387543,0.17858681082725525,0.355084584698081,0.2126626256480813,0.0522509699022643,0.036211560467039064
0.3777468800544739,0.21587003767490387,0.355084584698081,0.2126626256480813,0.0522509699022643,0.036211560467039064
0.3857516348361969,0.2310100644826889,0.355084584698081,0.2126626256480813,0.0522509699022643,0.036211560467039064
0.3132503628730774,0.16766206920146942,0.355084584698081,0.2126626256480813,0.0522509699022643,0.036211560467039064
0.4378264248371124,0.276828408241272,0.355084584698081,0.2126626256480813,0.0522509699022643,0.036211560467039064
0.37253135442733765,0.194879412651062,0.355084584698081,0.2126626256480813,0.0522509699022643,0.036211560467039064
0.4284615218639374,0.2532493770122528,0.355084584698081,0.2126626256480813,0.0522509699022643,0.036211560467039064
0.4038334786891937,0.22860391438007355,0.355084584698081,0.2126626256480813,0.0522509699022643,0.036211560467039064
0.34936729073524475,0.2007899433374405,0.355084584698081,0.2126626256480813,0.0522509699022643,0.036211560467039064
0.4243992269039154,0.2716823220252991,0.355084584698081,0.2126626256480813,0.0522509699022643,0.036211560467039064
0.4038216173648834,0.23836921155452728,0.355084584698081,0.2126626256480813,0.0522509699022643,0.036211560467039064
0.34447890520095825,0.21763809025287628,0.355084584698081,0.2126626256480813,0.0522509699022643,0.036211560467039064
0.340136855840683,0.1954139620065689,0.355084584698081,0.2126626256480813,0.0522509699022643,0.036211560467039064
0.32010066509246826,0.17959441244602203,0.355084584698081,0.2126626256480813,0.0522509699022643,0.036211560467039064
0.32365360856056213,0.1795390546321869,0.355084584698081,0.2126626256480813,0.0522509699022643,0.036211560467039064
0.30013132095336914,0.18204918503761292,0.355084584698081,0.2126626256480813,0.0522509699022643,0.036211560467039064
0.3554360270500183,0.20689283311367035,0.355084584698081,0.2126626256480813,0.0522509699022643,0.036211560467039064
0.33107200264930725,0.2091902494430542,0.355084584698081,0.2126626256480813,0.0522509699022643,0.036211560467039064
0.36878275871276855,0.2048238068819046,0.355084584698081,0.2126626256480813,0.0522509699022643,0.036211560467039064
0.27982577681541443,0.16277071833610535,0.355084584698081,0.2126626256480813,0.0522509699022643,0.036211560467039064
0.30661922693252563,0.19423595070838928,0.355084584698081,0.2126626256480813,0.0522509699022643,0.036211560467039064
0.4110822379589081,0.24715901911258698,0.355084584698081,0.2126626256480813,0.0522509699022643,0.036211560467039064
0.43056851625442505,0.2655653655529022,0.355084584698081,0.2126626256480813,0.0522509699022643,0.036211560467039064
0.4009413421154022,0.2347864955663681,0.355084584698081,0.2126626256480813,0.0522509699022643,0.036211560467039064
0.40405958890914917,0.2528449296951294,0.355084584698081,0.2126626256480813,0.0522509699022643,0.036211560467039064
0.28700539469718933,0.1770285815000534,0.355084584698081,0.2126626256480813,0.0522509699022643,0.036211560467039064
0.24410435557365417,0.142192080616951,0.355084584698081,0.2126626256480813,0.0522509699022643,0.036211560467039064
0.29277950525283813,0.18221884965896606,0.355084584698081,0.2126626256480813,0.0522509699022643,0.036211560467039064
0.31749194860458374,0.20360976457595825,0.355084584698081,0.2126626256480813,0.0522509699022643,0.036211560467039064
0.3021686375141144,0.1707174926996231,0.355084584698081,0.2126626256480813,0.0522509699022643,0.036211560467039064
0.32776257395744324,0.19187277555465698,0.355084584698081,0.2126626256480813,0.0522509699022643,0.036211560467039064
0.3107296824455261,0.19714172184467316,0.355084584698081,0.2126626256480813,0.0522509699022643,0.036211560467039064
0.43684911727905273,0.27155983448028564,0.355084584698081,0.2126626256480813,0.0522509699022643,0.036211560467039064
0.3075678050518036,0.16770420968532562,0.355084584698081,0.2126626256480813,0.0522509699022643,0.036211560467039064
0.3983244001865387,0.24555109441280365,0.355084584698081,0.2126626256480813,0.0522509699022643,0.036211560467039064
0.41849905252456665,0.2500554025173187,0.355084584698081,0.2126626256480813,0.0522509699022643,0.036211560467039064
0.274192214012146,0.15833374857902527,0.355084584698081,0.2126626256480813,0.0522509699022643,0.036211560467039064
0.3937184810638428,0.25128355622291565,0.355084584698081,0.2126626256480813,0.0522509699022643,0.036211560467039064
0.3271791934967041,0.20617593824863434,0.355084584698081,0.2126626256480813,0.0522509699022643,0.036211560467039064
0.36748772859573364,0.20269189774990082,0.355084584698081,0.2126626256480813,0.0522509699022643,0.036211560467039064
0.43751347064971924,0.2774796187877655,0.355084584698081,0.2126626256480813,0.0522509699022643,0.036211560467039064
0.277643084526062,0.16518369317054749,0.355084584698081,0.2126626256480813,0.0522509699022643,0.036211560467039064
0.3296844959259033,0.18438555300235748,0.355084584698081,0.2126626256480813,0.0522509699022643,0.036211560467039064
0.4131166338920593,0.24449095129966736,0.355084584698081,0.2126626256480813,0.0522509699022643,0.036211560467039064
0.3176132142543793,0.16655443608760834,0.355084584698081,0.2126626256480813,0.0522509699022643,0.036211560467039064
0.32668769359588623,0.17942744493484497,0.355084584698081,0.2126626256480813,0.0522509699022643,0.036211560467039064
0.4268336296081543,0.2713921368122101,0.355084584698081,0.2126626256480813,0.0522509699022643,0.036211560467039064
0.2832379937171936,0.1494116634130478,0.355084584698081,0.2126626256480813,0.0522509699022643,0.036211560467039064
0.33714404702186584,0.1834307163953781,0.355084584698081,0.2126626256480813,0.0522509699022643,0.036211560467039064
0.35631170868873596,0.19650186598300934,0.355084584698081,0.2126626256480813,0.0522509699022643,0.036211560467039064
0.3505011200904846,0.21629545092582703,0.355084584698081,0.2126626256480813,0.0522509699022643,0.036211560467039064
0.33789142966270447,0.19757722318172455,0.355084584698081,0.2126626256480813,0.0522509699022643,0.036211560467039064
0.3084873557090759,0.1825389862060547,0.355084584698081,0.2126626256480813,0.0522509699022643,0.036211560467039064
0.29682379961013794,0.18866394460201263,0.355084584698081,0.2126626256480813,0.0522509699022643,0.036211560467039064
0.32346096634864807,0.2209578901529312,0.355084584698081,0.2126626256480813,0.0522509699022643,0.036211560467039064
0.38134801387786865,0.2117084115743637,0.355084584698081,0.2126626256480813,0.0522509699022643,0.036211560467039064
0.41185057163238525,0.25421249866485596,0.355084584698081,0.2126626256480813,0.0522509699022643,0.036211560467039064
0.28852832317352295,0.17762137949466705,0.355084584698081,0.2126626256480813,0.0522509699022643,0.036211560467039064
0.3896634578704834,0.21352170407772064,0.355084584698081,0.2126626256480813,0.0522509699022643,0.036211560467039064
0.29781457781791687,0.16976845264434814,0.355084584698081,0.2126626256480813,0.0522509699022643,0.036211560467039064
0.2805574834346771,0.17142663896083832,0.355084584698081,0.2126626256480813,0.0522509699022643,0.036211560467039064
0.26207950711250305,0.15369468927383423,0.355084584698081,0.2126626256480813,0.0522509699022643,0.036211560467039064
0.3793744444847107,0.21191319823265076,0.355084584698081,0.2126626256480813,0.0522509699022643,0.036211560467039064
0.26971253752708435,0.1582529991865158,0.355084584698081,0.2126626256480813,0.0522509699022643,0.036211560467039064
0.2883903682231903,0.17768841981887817,0.355084584698081,0.2126626256480813,0.0522509699022643,0.036211560467039064
0.42896348237991333,0.26090556383132935,0.355084584698081,0.2126626256480813,0.0522509699022643,0.036211560467039064
0.2663460373878479,0.16655004024505615,0.355084584698081,0.2126626256480813,0.0522509699022643,0.036211560467039064
0.39294397830963135,0.23732270300388336,0.355084584698081,0.2126626256480813,0.0522509699022643,0.036211560467039064
0.3192940056324005,0.200080007314682,0.355084584698081,0.2126626256480813,0.0522509699022643,0.036211560467039064
0.4202718734741211,0.26329129934310913,0.355084584698081,0.2126626256480813,0.0522509699022643,0.036211560467039064
0.42997485399246216,0.2696063220500946,0.355084584698081,0.2126626256480813,0.0522509699022643,0.036211560467039064
0.4147552251815796,0.2572396993637085,0.355084584698081,0.2126626256480813,0.0522509699022643,0.036211560467039064
0.3409416675567627,0.22117426991462708,0.355084584698081,0.2126626256480813,0.0522509699022643,0.036211560467039064
0.4130461812019348,0.2537889778614044,0.355084584698081,0.2126626256480813,0.0522509699022643,0.036211560467039064
0.38170185685157776,0.22229421138763428,0.355084584698081,0.2126626256480813,0.0522509699022643,0.036211560467039064
0.27041542530059814,0.16389158368110657,0.355084584698081,0.2126626256480813,0.0522509699022643,0.036211560467039064
0.3402818739414215,0.20811191201210022,0.355084584698081,0.2126626256480813,0.0522509699022643,0.036211560467039064
0.4332731068134308,0.27739644050598145,0.355084584698081,0.2126626256480813,0.0522509699022643,0.036211560467039064
0.38223931193351746,0.21127626299858093,0.355084584698081,0.2126626256480813,0.0522509699022643,0.036211560467039064
0.3955564796924591,0.22371838986873627,0.355084584698081,0.2126626256480813,0.0522509699022643,0.036211560467039064
0.2806435823440552,0.16397725045681,0.355084584698081,0.2126626256480813,0.0522509699022643,0.036211560467039064
0.27994823455810547,0.14715997874736786,0.355084584698081,0.2126626256480813,0.0522509699022643,0.036211560467039064
0.445119708776474,0.2722261846065521,0.355084584698081,0.2126626256480813,0.0522509699022643,0.036211560467039064
0.3802461624145508,0.22837185859680176,0.355084584698081,0.2126626256480813,0.0522509699022643,0.036211560467039064
0.29425689578056335,0.16930176317691803,0.355084584698081,0.2126626256480813,0.0522509699022643,0.036211560467039064
0.3496865928173065,0.19180218875408173,0.355084584698081,0.2126626256480813,0.0522509699022643,0.036211560467039064
0.3014935553073883,0.19286499917507172,0.355084584698081,0.2126626256480813,0.0522509699022643,0.036211560467039064
0.3452875316143036,0.1947304904460907,0.355084584698081,0.2126626256480813,0.0522509699022643,0.036211560467039064
0.39755409955978394,0.23352928459644318,0.355084584698081,0.2126626256480813,0.0522509699022643,0.036211560467039064
0.4174250662326813,0.2557928264141083,0.355084584698081,0.2126626256480813,0.0522509699022643,0.036211560467039064
0.33823448419570923,0.18448291718959808,0.355084584698081,0.2126626256480813,0.0522509699022643,0.036211560467039064
0.3267722427845001,0.21285945177078247,0.355084584698081,0.2126626256480813,0.0522509699022643,0.036211560467039064
0.4198554754257202,0.26849403977394104,0.355084584698081,0.2126626256480813,0.0522509699022643,0.036211560467039064
0.4249914288520813,0.2481173872947693,0.355084584698081,0.2126626256480813,0.0522509699022643,0.036211560467039064
0.3943863809108734,0.22547116875648499,0.355084584698081,0.2126626256480813,0.0522509699022643,0.036211560467039064
0.3006380498409271,0.17654414474964142,0.355084584698081,0.2126626256480813,0.0522509699022643,0.036211560467039064
0.36152559518814087,0.2164693921804428,0.355084584698081,0.2126626256480813,0.0522509699022643,0.036211560467039064
0.2689187228679657,0.1588331013917923,0.355084584698081,0.2126626256480813,0.0522509699022643,0.036211560467039064
0.4158095717430115,0.25100570917129517,0.355084584698081,0.2126626256480813,0.0522509699022643,0.036211560467039064
0.3648267388343811,0.2081891894340515,0.355084584698081,0.2126626256480813,0.0522509699022643,0.036211560467039064
0.37468552589416504,0.21751786768436432,0.355084584698081,0.2126626256480813,0.0522509699022643,0.036211560467039064
0.25728100538253784,0.1394151747226715,0.355084584698081,0.2126626256480813,0.0522509699022643,0.036211560467039064
0.31491634249687195,0.18259279429912567,0.355084584698081,0.2126626256480813,0.0522509699022643,0.036211560467039064
0.40992429852485657,0.25003159046173096,0.355084584698081,0.2126626256480813,0.0522509699022643,0.036211560467039064
0.3872300088405609,0.2507782578468323,0.355084584698081,0.2126626256480813,0.0522509699022643,0.036211560467039064
0.398792028427124,0.24619917571544647,0.355084584698081,0.2126626256480813,0.0522509699022643,0.036211560467039064
0.3319457173347473,0.1768944263458252,0.355084584698081,0.2126626256480813,0.0522509699022643,0.036211560467039064
0.2896046042442322,0.17814284563064575,0.355084584698081,0.2126626256480813,0.0522509699022643,0.036211560467039064
0.42657971382141113,0.2485990822315216,0.355084584698081,0.2126626256480813,0.0522509699022643,0.036211560467039064
0.2953794002532959,0.17485402524471283,0.355084584698081,0.2126626256480813,0.0522509699022643,0.036211560467039064
0.3556160628795624,0.19921448826789856,0.355084584698081,0.2126626256480813,0.0522509699022643,0.036211560467039064
0.30413568019866943,0.19686384499073029,0.355084584698081,0.2126626256480813,0.0522509699022643,0.036211560467039064
0.38923346996307373,0.23612016439437866,0.355084584698081,0.2126626256480813,0.0522509699022643,0.036211560467039064
0.2949293553829193,0.1799970120191574,0.355084584698081,0.2126626256480813,0.0522509699022643,0.036211560467039064
0.40426987409591675,0.236384317278862,0.355084584698081,0.2126626256480813,0.0522509699022643,0.036211560467039064
0.28701290488243103,0.18387170135974884,0.355084584698081,0.2126626256480813,0.0522509699022643,0.036211560467039064
0.39929869771003723,0.24042822420597076,0.355084584698081,0.2126626256480813,0.0522509699022643,0.036211560467039064
0.3439137041568756,0.22484190762043,0.355084584698081,0.2126626256480813,0.0522509699022643,0.036211560467039064
0.32016390562057495,0.17864611744880676,0.355084584698081,0.2126626256480813,0.0522509699022643,0.036211560467039064
0.3862985670566559,0.21869038045406342,0.355084584698081,0.2126626256480813,0.0522509699022643,0.036211560467039064
0.38913267850875854,0.22151106595993042,0.355084584698081,0.2126626256480813,0.0522509699022643,0.036211560467039064
0.3879009485244751,0.211450457572937,0.355084584698081,0.2126626256480813,0.0522509699022643,0.036211560467039064
0.2854190468788147,0.15919871628284454,0.355084584698081,0.2126626256480813,0.0522509699022643,0.036211560467039064
0.3663904368877411,0.21060481667518616,0.355084584698081,0.2126626256480813,0.0522509699022643,0.036211560467039064
0.38891568779945374,0.226157084107399,0.355084584698081,0.2126626256480813,0.0522509699022643,0.036211560467039064
0.3632524013519287,0.19664381444454193,0.355084584698081,0.2126626256480813,0.0522509699022643,0.036211560467039064
0.2954660952091217,0.18053224682807922,0.355084584698081,0.2126626256480813,0.0522509699022643,0.036211560467039064
0.32221177220344543,0.21538300812244415,0.355084584698081,0.2126626256480813,0.0522509699022643,0.036211560467039064
0.41286501288414,0.24923422932624817,0.355084584698081,0.2126626256480813,0.0522509699022643,0.036211560467039064
0.3952643871307373,0.23336456716060638,0.355084584698081,0.2126626256480813,0.0522509699022643,0.036211560467039064
0.4286023676395416,0.26491591334342957,0.355084584698081,0.2126626256480813,0.0522509699022643,0.036211560467039064
0.3799707591533661,0.22789129614830017,0.355084584698081,0.2126626256480813,0.0522509699022643,0.036211560467039064
0.3205315172672272,0.17302536964416504,0.355084584698081,0.2126626256480813,0.0522509699022643,0.036211560467039064
0.2805840075016022,0.17132288217544556,0.355084584698081,0.2126626256480813,0.0522509699022643,0.036211560467039064
0.3276117742061615,0.1799010932445526,0.355084584698081,0.2126626256480813,0.0522509699022643,0.036211560467039064
0.28050220012664795,0.15545937418937683,0.355084584698081,0.2126626256480813,0.0522509699022643,0.036211560467039064
0.3781142830848694,0.20947158336639404,0.355084584698081,0.2126626256480813,0.0522509699022643,0.036211560467039064
0.41589468717575073,0.2628682851791382,0.355084584698081,0.2126626256480813,0.0522509699022643,0.036211560467039064
0.3187437355518341,0.20283034443855286,0.355084584698081,0.2126626256480813,0.0522509699022643,0.036211560467039064
0.42870041728019714,0.26688191294670105,0.355084584698081,0.2126626256480813,0.0522509699022643,0.036211560467039064
0.2586058974266052,0.14959903061389923,0.355084584698081,0.2126626256480813,0.0522509699022643,0.036211560467039064
0.4176880419254303,0.23700498044490814,0.355084584698081,0.2126626256480813,0.0522509699022643,0.036211560467039064
0.3504689037799835,0.20126023888587952,0.355084584698081,0.2126626256480813,0.0522509699022643,0.036211560467039064
0.3104003667831421,0.19991819560527802,0.355084584698081,0.2126626256480813,0.0522509699022643,0.036211560467039064
0.27814415097236633,0.16724427044391632,0.355084584698081,0.2126626256480813,0.0522509699022643,0.036211560467039064
0.33372199535369873,0.2118101567029953,0.355084584698081,0.2126626256480813,0.0522509699022643,0.036211560467039064
0.3233288824558258,0.21209372580051422,0.355084584698081,0.2126626256480813,0.0522509699022643,0.036211560467039064
0.4520338773727417,0.2931443154811859,0.355084584698081,0.2126626256480813,0.0522509699022643,0.036211560467039064
0.42736712098121643,0.26934975385665894,0.355084584698081,0.2126626256480813,0.0522509699022643,0.036211560467039064
0.4095957577228546,0.2592492699623108,0.355084584698081,0.2126626256480813,0.0522509699022643,0.036211560467039064
0.4145132303237915,0.25482121109962463,0.355084584698081,0.2126626256480813,0.0522509699022643,0.036211560467039064
0.34748363494873047,0.18426212668418884,0.355084584698081,0.2126626256480813,0.0522509699022643,0.036211560467039064
0.3180732727050781,0.19914469122886658,0.355084584698081,0.2126626256480813,0.0522509699022643,0.036211560467039064
0.40143993496894836,0.2539427578449249,0.355084584698081,0.2126626256480813,0.0522509699022643,0.036211560467039064
0.2965167462825775,0.191491037607193,0.355084584698081,0.2126626256480813,0.0522509699022643,0.036211560467039064
0.33909478783607483,0.1934351772069931,0.355084584698081,0.2126626256480813,0.0522509699022643,0.036211560467039064
0.28645336627960205,0.16521495580673218,0.355084584698081,0.2126626256480813,0.0522509699022643,0.036211560467039064
0.39711451530456543,0.2470720261335373,0.355084584698081,0.2126626256480813,0.0522509699022643,0.036211560467039064
0.3770752549171448,0.2130104899406433,0.355084584698081,0.2126626256480813,0.0522509699022643,0.036211560467039064
0.3044210970401764,0.18337559700012207,0.355084584698081,0.2126626256480813,0.0522509699022643,0.036211560467039064
0.2671622633934021,0.14980486035346985,0.355084584698081,0.2126626256480813,0.0522509699022643,0.036211560467039064
0.32212913036346436,0.20111757516860962,0.355084584698081,0.2126626256480813,0.0522509699022643,0.036211560467039064
0.3097969591617584,0.20476049184799194,0.355084584698081,0.2126626256480813,0.0522509699022643,0.036211560467039064
0.30672743916511536,0.19759206473827362,0.355084584698081,0.2126626256480813,0.0522509699022643,0.036211560467039064
0.3825739026069641,0.2446449249982834,0.355084584698081,0.2126626256480813,0.0522509699022643,0.036211560467039064
0.31870925426483154,0.17371489107608795,0.355084584698081,0.2126626256480813,0.0522509699022643,0.036211560467039064
0.32768353819847107,0.19973284006118774,0.355084584698081,0.2126626256480813,0.0522509699022643,0.036211560467039064
0.2708449065685272,0.15997187793254852,0.355084584698081,0.2126626256480813,0.0522509699022643,0.036211560467039064
0.30588337779045105,0.1656603366136551,0.355084584698081,0.2126626256480813,0.0522509699022643,0.036211560467039064
0.34939298033714294,0.19154192507266998,0.355084584698081,0.2126626256480813,0.0522509699022643,0.036211560467039064
0.3033396899700165,0.17870591580867767,0.355084584698081,0.2126626256480813,0.0522509699022643,0.036211560467039064
0.2958984673023224,0.16516876220703125,0.355084584698081,0.2126626256480813,0.0522509699022643,0.036211560467039064
0.3039863705635071,0.17818467319011688,0.355084584698081,0.2126626256480813,0.0522509699022643,0.036211560467039064
0.30722206830978394,0.20595498383045197,0.355084584698081,0.2126626256480813,0.0522509699022643,0.036211560467039064
0.3325573205947876,0.21982420980930328,0.355084584698081,0.2126626256480813,0.0522509699022643,0.036211560467039064
0.3078809082508087,0.1820906549692154,0.355084584698081,0.2126626256480813,0.0522509699022643,0.036211560467039064
0.38479581475257874,0.22361057996749878,0.355084584698081,0.2126626256480813,0.0522509699022643,0.036211560467039064
0.41151535511016846,0.2617608606815338,0.355084584698081,0.2126626256480813,0.0522509699022643,0.036211560467039064
0.37440595030784607,0.21339428424835205,0.355084584698081,0.2126626256480813,0.0522509699022643,0.036211560467039064
0.31949976086616516,0.2107023447751999,0.355084584698081,0.2126626256480813,0.0522509699022643,0.036211560467039064
0.4382568895816803,0.2800062298774719,0.355084584698081,0.2126626256480813,0.0522509699022643,0.036211560467039064
0.29785728454589844,0.1957864612340927,0.355084584698081,0.2126626256480813,0.0522509699022643,0.036211560467039064
0.38438504934310913,0.22778275609016418,0.355084584698081,0.2126626256480813,0.0522509699022643,0.036211560467039064
0.29380717873573303,0.16382157802581787,0.355084584698081,0.2126626256480813,0.0522509699022643,0.036211560467039064
0.28939294815063477,0.15307040512561798,0.355084584698081,0.2126626256480813,0.0522509699022643,0.036211560467039064
0.39110085368156433,0.24114981293678284,0.355084584698081,0.2126626256480813,0.0522509699022643,0.036211560467039064
0.33908864855766296,0.20774637162685394,0.355084584698081,0.2126626256480813,0.0522509699022643,0.036211560467039064
0.4426140785217285,0.26204752922058105,0.355084584698081,0.2126626256480813,0.0522509699022643,0.036211560467039064
0.42318177223205566,0.2621159553527832,0.355084584698081,0.2126626256480813,0.0522509699022643,0.036211560467039064
0.3054988384246826,0.18136315047740936,0.355084584698081,0.2126626256480813,0.0522509699022643,0.036211560467039064
0.3435762822628021,0.22278279066085815,0.355084584698081,0.2126626256480813,0.0522509699022643,0.036211560467039064
0.4413582980632782,0.2647523283958435,0.355084584698081,0.2126626256480813,0.0522509699022643,0.036211560467039064
0.43758147954940796,0.27381202578544617,0.355084584698081,0.2126626256480813,0.0522509699022643,0.036211560467039064
0.3539102375507355,0.1994922012090683,0.355084584698081,0.2126626256480813,0.0522509699022643,0.036211560467039064
0.3902227282524109,0.2323179394006729,0.355084584698081,0.2126626256480813,0.0522509699022643,0.036211560467039064
