l2_rel_error,l1_rel_error,mean_l2_rel_error,mean_l1_rel_error,std_l2_rel_error,std_l1_rel_error
0.15855848789215088,0.07999952137470245,0.1471870181336999,0.07937349619530142,0.03867359198214736,0.012697923161182444
0.10228436440229416,0.06946738064289093,0.1471870181336999,0.07937349619530142,0.03867359198214736,0.012697923161182444
0.08266107738018036,0.0648534968495369,0.1471870181336999,0.07937349619530142,0.03867359198214736,0.012697923161182444
0.17856428027153015,0.08736982941627502,0.1471870181336999,0.07937349619530142,0.03867359198214736,0.012697923161182444
0.16155287623405457,0.0805039033293724,0.1471870181336999,0.07937349619530142,0.03867359198214736,0.012697923161182444
0.12534722685813904,0.07052362710237503,0.1471870181336999,0.07937349619530142,0.03867359198214736,0.012697923161182444
0.1212412491440773,0.07182073593139648,0.1471870181336999,0.07937349619530142,0.03867359198214736,0.012697923161182444
0.1238027885556221,0.06783971190452576,0.1471870181336999,0.07937349619530142,0.03867359198214736,0.012697923161182444
0.15029755234718323,0.0818757638335228,0.1471870181336999,0.07937349619530142,0.03867359198214736,0.012697923161182444
0.11370094120502472,0.07057555764913559,0.1471870181336999,0.07937349619530142,0.03867359198214736,0.012697923161182444
0.10323469340801239,0.07005711644887924,0.1471870181336999,0.07937349619530142,0.03867359198214736,0.012697923161182444
0.13726401329040527,0.07034867256879807,0.1471870181336999,0.07937349619530142,0.03867359198214736,0.012697923161182444
0.11360248923301697,0.072174072265625,0.1471870181336999,0.07937349619530142,0.03867359198214736,0.012697923161182444
0.1751520335674286,0.0886964425444603,0.1471870181336999,0.07937349619530142,0.03867359198214736,0.012697923161182444
0.1809033900499344,0.0900438204407692,0.1471870181336999,0.07937349619530142,0.03867359198214736,0.012697923161182444
0.157240092754364,0.07926622033119202,0.1471870181336999,0.07937349619530142,0.03867359198214736,0.012697923161182444
0.10224419087171555,0.06297817081212997,0.1471870181336999,0.07937349619530142,0.03867359198214736,0.012697923161182444
0.09348742663860321,0.061687763780355453,0.1471870181336999,0.07937349619530142,0.03867359198214736,0.012697923161182444
0.1278069168329239,0.07152513414621353,0.1471870181336999,0.07937349619530142,0.03867359198214736,0.012697923161182444
0.1504564732313156,0.08090810477733612,0.1471870181336999,0.07937349619530142,0.03867359198214736,0.012697923161182444
0.12501968443393707,0.07291821390390396,0.1471870181336999,0.07937349619530142,0.03867359198214736,0.012697923161182444
0.18636585772037506,0.09660318493843079,0.1471870181336999,0.07937349619530142,0.03867359198214736,0.012697923161182444
0.1345771849155426,0.07093066722154617,0.1471870181336999,0.07937349619530142,0.03867359198214736,0.012697923161182444
0.09070931375026703,0.06197978928685188,0.1471870181336999,0.07937349619530142,0.03867359198214736,0.012697923161182444
0.16867849230766296,0.0825115516781807,0.1471870181336999,0.07937349619530142,0.03867359198214736,0.012697923161182444
0.21082980930805206,0.10072574019432068,0.1471870181336999,0.07937349619530142,0.03867359198214736,0.012697923161182444
0.1331750452518463,0.07669828832149506,0.1471870181336999,0.07937349619530142,0.03867359198214736,0.012697923161182444
0.19689658284187317,0.09616640210151672,0.1471870181336999,0.07937349619530142,0.03867359198214736,0.012697923161182444
0.17451269924640656,0.08472378551959991,0.1471870181336999,0.07937349619530142,0.03867359198214736,0.012697923161182444
0.17190887033939362,0.09117276221513748,0.1471870181336999,0.07937349619530142,0.03867359198214736,0.012697923161182444
0.17979773879051208,0.08950591087341309,0.1471870181336999,0.07937349619530142,0.03867359198214736,0.012697923161182444
0.101411834359169,0.06590992212295532,0.1471870181336999,0.07937349619530142,0.03867359198214736,0.012697923161182444
0.15790776908397675,0.0823952704668045,0.1471870181336999,0.07937349619530142,0.03867359198214736,0.012697923161182444
0.07962103188037872,0.05801432952284813,0.1471870181336999,0.07937349619530142,0.03867359198214736,0.012697923161182444
0.1032608225941658,0.06525550782680511,0.1471870181336999,0.07937349619530142,0.03867359198214736,0.012697923161182444
0.23686659336090088,0.11207137256860733,0.1471870181336999,0.07937349619530142,0.03867359198214736,0.012697923161182444
0.21824416518211365,0.11308600753545761,0.1471870181336999,0.07937349619530142,0.03867359198214736,0.012697923161182444
0.14819158613681793,0.08007858693599701,0.1471870181336999,0.07937349619530142,0.03867359198214736,0.012697923161182444
0.14786557853221893,0.08269114792346954,0.1471870181336999,0.07937349619530142,0.03867359198214736,0.012697923161182444
0.23590697348117828,0.1130451038479805,0.1471870181336999,0.07937349619530142,0.03867359198214736,0.012697923161182444
0.06773367524147034,0.05655769631266594,0.1471870181336999,0.07937349619530142,0.03867359198214736,0.012697923161182444
0.1725391149520874,0.08419471234083176,0.1471870181336999,0.07937349619530142,0.03867359198214736,0.012697923161182444
0.146169513463974,0.07431433349847794,0.1471870181336999,0.07937349619530142,0.03867359198214736,0.012697923161182444
0.12494491785764694,0.07356789708137512,0.1471870181336999,0.07937349619530142,0.03867359198214736,0.012697923161182444
0.1657555252313614,0.08376570791006088,0.1471870181336999,0.07937349619530142,0.03867359198214736,0.012697923161182444
0.14945869147777557,0.08101517707109451,0.1471870181336999,0.07937349619530142,0.03867359198214736,0.012697923161182444
0.19580060243606567,0.09754034131765366,0.1471870181336999,0.07937349619530142,0.03867359198214736,0.012697923161182444
0.09081694483757019,0.06204080954194069,0.1471870181336999,0.07937349619530142,0.03867359198214736,0.012697923161182444
0.22143734991550446,0.11047615110874176,0.1471870181336999,0.07937349619530142,0.03867359198214736,0.012697923161182444
0.16114652156829834,0.08919995278120041,0.1471870181336999,0.07937349619530142,0.03867359198214736,0.012697923161182444
0.14013850688934326,0.075358085334301,0.1471870181336999,0.07937349619530142,0.03867359198214736,0.012697923161182444
0.20617207884788513,0.10057137906551361,0.1471870181336999,0.07937349619530142,0.03867359198214736,0.012697923161182444
0.18320325016975403,0.08592122793197632,0.1471870181336999,0.07937349619530142,0.03867359198214736,0.012697923161182444
0.20788981020450592,0.10190103203058243,0.1471870181336999,0.07937349619530142,0.03867359198214736,0.012697923161182444
0.16953395307064056,0.08017297834157944,0.1471870181336999,0.07937349619530142,0.03867359198214736,0.012697923161182444
0.132603257894516,0.0710756778717041,0.1471870181336999,0.07937349619530142,0.03867359198214736,0.012697923161182444
0.15513740479946136,0.07856657356023788,0.1471870181336999,0.07937349619530142,0.03867359198214736,0.012697923161182444
0.20661848783493042,0.09682203829288483,0.1471870181336999,0.07937349619530142,0.03867359198214736,0.012697923161182444
0.17028144001960754,0.08566785603761673,0.1471870181336999,0.07937349619530142,0.03867359198214736,0.012697923161182444
0.09463157504796982,0.0607767216861248,0.1471870181336999,0.07937349619530142,0.03867359198214736,0.012697923161182444
0.10504395514726639,0.06808454543352127,0.1471870181336999,0.07937349619530142,0.03867359198214736,0.012697923161182444
0.17314349114894867,0.08377596735954285,0.1471870181336999,0.07937349619530142,0.03867359198214736,0.012697923161182444
0.16164034605026245,0.07865117490291595,0.1471870181336999,0.07937349619530142,0.03867359198214736,0.012697923161182444
0.20049601793289185,0.10094062983989716,0.1471870181336999,0.07937349619530142,0.03867359198214736,0.012697923161182444
0.10005210340023041,0.06222939118742943,0.1471870181336999,0.07937349619530142,0.03867359198214736,0.012697923161182444
0.15291203558444977,0.07218630611896515,0.1471870181336999,0.07937349619530142,0.03867359198214736,0.012697923161182444
0.06670788675546646,0.05539485812187195,0.1471870181336999,0.07937349619530142,0.03867359198214736,0.012697923161182444
0.11358687281608582,0.06346826255321503,0.1471870181336999,0.07937349619530142,0.03867359198214736,0.012697923161182444
0.1491280496120453,0.07576994597911835,0.1471870181336999,0.07937349619530142,0.03867359198214736,0.012697923161182444
0.12743160128593445,0.07102072238922119,0.1471870181336999,0.07937349619530142,0.03867359198214736,0.012697923161182444
0.13813276588916779,0.07395381480455399,0.1471870181336999,0.07937349619530142,0.03867359198214736,0.012697923161182444
0.1374424546957016,0.07345130294561386,0.1471870181336999,0.07937349619530142,0.03867359198214736,0.012697923161182444
0.12407725304365158,0.06899227201938629,0.1471870181336999,0.07937349619530142,0.03867359198214736,0.012697923161182444
0.16594567894935608,0.08114908635616302,0.1471870181336999,0.07937349619530142,0.03867359198214736,0.012697923161182444
0.17135359346866608,0.08534620702266693,0.1471870181336999,0.07937349619530142,0.03867359198214736,0.012697923161182444
0.19049881398677826,0.09432579576969147,0.1471870181336999,0.07937349619530142,0.03867359198214736,0.012697923161182444
0.13362981379032135,0.07705321162939072,0.1471870181336999,0.07937349619530142,0.03867359198214736,0.012697923161182444
0.11631666868925095,0.07394888252019882,0.1471870181336999,0.07937349619530142,0.03867359198214736,0.012697923161182444
0.11862790584564209,0.07014778256416321,0.1471870181336999,0.07937349619530142,0.03867359198214736,0.012697923161182444
0.17506848275661469,0.08658500760793686,0.1471870181336999,0.07937349619530142,0.03867359198214736,0.012697923161182444
0.22228270769119263,0.10691718012094498,0.1471870181336999,0.07937349619530142,0.03867359198214736,0.012697923161182444
0.17795893549919128,0.08837271481752396,0.1471870181336999,0.07937349619530142,0.03867359198214736,0.012697923161182444
0.15221931040287018,0.07688398659229279,0.1471870181336999,0.07937349619530142,0.03867359198214736,0.012697923161182444
0.1425146609544754,0.08126427978277206,0.1471870181336999,0.07937349619530142,0.03867359198214736,0.012697923161182444
0.13757893443107605,0.0685364380478859,0.1471870181336999,0.07937349619530142,0.03867359198214736,0.012697923161182444
0.1891380101442337,0.09198968857526779,0.1471870181336999,0.07937349619530142,0.03867359198214736,0.012697923161182444
0.09172434359788895,0.06544705480337143,0.1471870181336999,0.07937349619530142,0.03867359198214736,0.012697923161182444
0.09713306277990341,0.06948253512382507,0.1471870181336999,0.07937349619530142,0.03867359198214736,0.012697923161182444
0.190902978181839,0.09241273999214172,0.1471870181336999,0.07937349619530142,0.03867359198214736,0.012697923161182444
0.135531947016716,0.07335619628429413,0.1471870181336999,0.07937349619530142,0.03867359198214736,0.012697923161182444
0.1178707480430603,0.0732528567314148,0.1471870181336999,0.07937349619530142,0.03867359198214736,0.012697923161182444
0.12945492565631866,0.07205992937088013,0.1471870181336999,0.07937349619530142,0.03867359198214736,0.012697923161182444
0.1577867716550827,0.08372104167938232,0.1471870181336999,0.07937349619530142,0.03867359198214736,0.012697923161182444
0.24868807196617126,0.11459754407405853,0.1471870181336999,0.07937349619530142,0.03867359198214736,0.012697923161182444
0.19779568910598755,0.09685655683279037,0.1471870181336999,0.07937349619530142,0.03867359198214736,0.012697923161182444
0.21392032504081726,0.09994284063577652,0.1471870181336999,0.07937349619530142,0.03867359198214736,0.012697923161182444
0.09857214242219925,0.06575348228216171,0.1471870181336999,0.07937349619530142,0.03867359198214736,0.012697923161182444
0.12315475195646286,0.07558690011501312,0.1471870181336999,0.07937349619530142,0.03867359198214736,0.012697923161182444
0.2124437391757965,0.1031990796327591,0.1471870181336999,0.07937349619530142,0.03867359198214736,0.012697923161182444
0.11353210359811783,0.06964116543531418,0.1471870181336999,0.07937349619530142,0.03867359198214736,0.012697923161182444
0.09869061410427094,0.06328851729631424,0.1471870181336999,0.07937349619530142,0.03867359198214736,0.012697923161182444
0.14151830971240997,0.07492820173501968,0.1471870181336999,0.07937349619530142,0.03867359198214736,0.012697923161182444
0.11677062511444092,0.06822410970926285,0.1471870181336999,0.07937349619530142,0.03867359198214736,0.012697923161182444
0.14118270576000214,0.07222617417573929,0.1471870181336999,0.07937349619530142,0.03867359198214736,0.012697923161182444
0.09673795849084854,0.06421396881341934,0.1471870181336999,0.07937349619530142,0.03867359198214736,0.012697923161182444
0.10805706679821014,0.07198427617549896,0.1471870181336999,0.07937349619530142,0.03867359198214736,0.012697923161182444
0.12095672637224197,0.0719108134508133,0.1471870181336999,0.07937349619530142,0.03867359198214736,0.012697923161182444
0.08128800988197327,0.05955597013235092,0.1471870181336999,0.07937349619530142,0.03867359198214736,0.012697923161182444
0.08607940375804901,0.06106011942028999,0.1471870181336999,0.07937349619530142,0.03867359198214736,0.012697923161182444
0.07264946401119232,0.057897575199604034,0.1471870181336999,0.07937349619530142,0.03867359198214736,0.012697923161182444
0.15082402527332306,0.08981659263372421,0.1471870181336999,0.07937349619530142,0.03867359198214736,0.012697923161182444
0.10765792429447174,0.0698658749461174,0.1471870181336999,0.07937349619530142,0.03867359198214736,0.012697923161182444
0.14632104337215424,0.075874462723732,0.1471870181336999,0.07937349619530142,0.03867359198214736,0.012697923161182444
0.12412913888692856,0.07282736897468567,0.1471870181336999,0.07937349619530142,0.03867359198214736,0.012697923161182444
0.11942886561155319,0.07367752492427826,0.1471870181336999,0.07937349619530142,0.03867359198214736,0.012697923161182444
0.14069437980651855,0.07755830138921738,0.1471870181336999,0.07937349619530142,0.03867359198214736,0.012697923161182444
0.20455361902713776,0.0974762886762619,0.1471870181336999,0.07937349619530142,0.03867359198214736,0.012697923161182444
0.11816102266311646,0.0754992663860321,0.1471870181336999,0.07937349619530142,0.03867359198214736,0.012697923161182444
0.14109770953655243,0.07987996190786362,0.1471870181336999,0.07937349619530142,0.03867359198214736,0.012697923161182444
0.14103320240974426,0.07577769458293915,0.1471870181336999,0.07937349619530142,0.03867359198214736,0.012697923161182444
0.14921952784061432,0.08031100034713745,0.1471870181336999,0.07937349619530142,0.03867359198214736,0.012697923161182444
0.15829217433929443,0.08545397222042084,0.1471870181336999,0.07937349619530142,0.03867359198214736,0.012697923161182444
0.12430116534233093,0.07322866469621658,0.1471870181336999,0.07937349619530142,0.03867359198214736,0.012697923161182444
0.11968320608139038,0.07079137116670609,0.1471870181336999,0.07937349619530142,0.03867359198214736,0.012697923161182444
0.10852523893117905,0.07029849290847778,0.1471870181336999,0.07937349619530142,0.03867359198214736,0.012697923161182444
0.1176619753241539,0.0679624155163765,0.1471870181336999,0.07937349619530142,0.03867359198214736,0.012697923161182444
0.13920781016349792,0.07314161956310272,0.1471870181336999,0.07937349619530142,0.03867359198214736,0.012697923161182444
0.1015499159693718,0.06534247100353241,0.1471870181336999,0.07937349619530142,0.03867359198214736,0.012697923161182444
0.19998407363891602,0.09959583729505539,0.1471870181336999,0.07937349619530142,0.03867359198214736,0.012697923161182444
0.136819526553154,0.08155693113803864,0.1471870181336999,0.07937349619530142,0.03867359198214736,0.012697923161182444
0.17338818311691284,0.08138537406921387,0.1471870181336999,0.07937349619530142,0.03867359198214736,0.012697923161182444
0.11621499061584473,0.0720660388469696,0.1471870181336999,0.07937349619530142,0.03867359198214736,0.012697923161182444
0.1381806880235672,0.07081883400678635,0.1471870181336999,0.07937349619530142,0.03867359198214736,0.012697923161182444
0.11094726622104645,0.07016389071941376,0.1471870181336999,0.07937349619530142,0.03867359198214736,0.012697923161182444
0.13024713099002838,0.08067905902862549,0.1471870181336999,0.07937349619530142,0.03867359198214736,0.012697923161182444
0.13782860338687897,0.07694040983915329,0.1471870181336999,0.07937349619530142,0.03867359198214736,0.012697923161182444
0.13182301819324493,0.07467189431190491,0.1471870181336999,0.07937349619530142,0.03867359198214736,0.012697923161182444
0.16256467998027802,0.07935670763254166,0.1471870181336999,0.07937349619530142,0.03867359198214736,0.012697923161182444
0.09925694763660431,0.0689481571316719,0.1471870181336999,0.07937349619530142,0.03867359198214736,0.012697923161182444
0.15933799743652344,0.08671566843986511,0.1471870181336999,0.07937349619530142,0.03867359198214736,0.012697923161182444
0.18731901049613953,0.09184294193983078,0.1471870181336999,0.07937349619530142,0.03867359198214736,0.012697923161182444
0.1882844716310501,0.08768083900213242,0.1471870181336999,0.07937349619530142,0.03867359198214736,0.012697923161182444
0.26749181747436523,0.1302957981824875,0.1471870181336999,0.07937349619530142,0.03867359198214736,0.012697923161182444
0.12913811206817627,0.07635337859392166,0.1471870181336999,0.07937349619530142,0.03867359198214736,0.012697923161182444
0.1814507395029068,0.09123194962739944,0.1471870181336999,0.07937349619530142,0.03867359198214736,0.012697923161182444
0.21375654637813568,0.10181774944067001,0.1471870181336999,0.07937349619530142,0.03867359198214736,0.012697923161182444
0.16454291343688965,0.08009006083011627,0.1471870181336999,0.07937349619530142,0.03867359198214736,0.012697923161182444
0.10066847503185272,0.061336077749729156,0.1471870181336999,0.07937349619530142,0.03867359198214736,0.012697923161182444
0.14169317483901978,0.07348143309354782,0.1471870181336999,0.07937349619530142,0.03867359198214736,0.012697923161182444
0.15736691653728485,0.07966600358486176,0.1471870181336999,0.07937349619530142,0.03867359198214736,0.012697923161182444
0.13854627311229706,0.07308303564786911,0.1471870181336999,0.07937349619530142,0.03867359198214736,0.012697923161182444
0.21169468760490417,0.10079080611467361,0.1471870181336999,0.07937349619530142,0.03867359198214736,0.012697923161182444
0.141466423869133,0.07084304094314575,0.1471870181336999,0.07937349619530142,0.03867359198214736,0.012697923161182444
0.10348814725875854,0.06710027158260345,0.1471870181336999,0.07937349619530142,0.03867359198214736,0.012697923161182444
0.15347546339035034,0.0780586376786232,0.1471870181336999,0.07937349619530142,0.03867359198214736,0.012697923161182444
0.11658778786659241,0.07099469751119614,0.1471870181336999,0.07937349619530142,0.03867359198214736,0.012697923161182444
0.1416727900505066,0.07798405736684799,0.1471870181336999,0.07937349619530142,0.03867359198214736,0.012697923161182444
0.16946183145046234,0.08555755764245987,0.1471870181336999,0.07937349619530142,0.03867359198214736,0.012697923161182444
0.23171429336071014,0.1119944304227829,0.1471870181336999,0.07937349619530142,0.03867359198214736,0.012697923161182444
0.18820790946483612,0.0882464200258255,0.1471870181336999,0.07937349619530142,0.03867359198214736,0.012697923161182444
0.14026516675949097,0.07635877281427383,0.1471870181336999,0.07937349619530142,0.03867359198214736,0.012697923161182444
0.1371864676475525,0.07289330661296844,0.1471870181336999,0.07937349619530142,0.03867359198214736,0.012697923161182444
0.1042279526591301,0.06348854303359985,0.1471870181336999,0.07937349619530142,0.03867359198214736,0.012697923161182444
0.08390160650014877,0.06179239600896835,0.1471870181336999,0.07937349619530142,0.03867359198214736,0.012697923161182444
0.0855274647474289,0.058293215930461884,0.1471870181336999,0.07937349619530142,0.03867359198214736,0.012697923161182444
0.09099294990301132,0.06185807287693024,0.1471870181336999,0.07937349619530142,0.03867359198214736,0.012697923161182444
0.15516148507595062,0.07698746025562286,0.1471870181336999,0.07937349619530142,0.03867359198214736,0.012697923161182444
0.1606159508228302,0.08508168905973434,0.1471870181336999,0.07937349619530142,0.03867359198214736,0.012697923161182444
0.13425438106060028,0.07266002893447876,0.1471870181336999,0.07937349619530142,0.03867359198214736,0.012697923161182444
0.1854407787322998,0.09050652384757996,0.1471870181336999,0.07937349619530142,0.03867359198214736,0.012697923161182444
0.15034961700439453,0.07836055755615234,0.1471870181336999,0.07937349619530142,0.03867359198214736,0.012697923161182444
0.08161162585020065,0.06209101155400276,0.1471870181336999,0.07937349619530142,0.03867359198214736,0.012697923161182444
0.10995407402515411,0.06846918910741806,0.1471870181336999,0.07937349619530142,0.03867359198214736,0.012697923161182444
0.17545369267463684,0.09421994537115097,0.1471870181336999,0.07937349619530142,0.03867359198214736,0.012697923161182444
0.1483069360256195,0.08221501111984253,0.1471870181336999,0.07937349619530142,0.03867359198214736,0.012697923161182444
0.14267918467521667,0.07624568045139313,0.1471870181336999,0.07937349619530142,0.03867359198214736,0.012697923161182444
0.11250846087932587,0.06384734809398651,0.1471870181336999,0.07937349619530142,0.03867359198214736,0.012697923161182444
0.1009753867983818,0.06650736927986145,0.1471870181336999,0.07937349619530142,0.03867359198214736,0.012697923161182444
0.16392137110233307,0.0834420695900917,0.1471870181336999,0.07937349619530142,0.03867359198214736,0.012697923161182444
0.08493845164775848,0.06168605759739876,0.1471870181336999,0.07937349619530142,0.03867359198214736,0.012697923161182444
0.09417887032032013,0.07003597170114517,0.1471870181336999,0.07937349619530142,0.03867359198214736,0.012697923161182444
0.09703551232814789,0.06381148844957352,0.1471870181336999,0.07937349619530142,0.03867359198214736,0.012697923161182444
0.09235233813524246,0.05998379364609718,0.1471870181336999,0.07937349619530142,0.03867359198214736,0.012697923161182444
0.17614197731018066,0.0874730795621872,0.1471870181336999,0.07937349619530142,0.03867359198214736,0.012697923161182444
0.12569770216941833,0.0731993317604065,0.1471870181336999,0.07937349619530142,0.03867359198214736,0.012697923161182444
0.09740010648965836,0.06204348802566528,0.1471870181336999,0.07937349619530142,0.03867359198214736,0.012697923161182444
0.19510875642299652,0.09416201710700989,0.1471870181336999,0.07937349619530142,0.03867359198214736,0.012697923161182444
0.17246291041374207,0.08118369430303574,0.1471870181336999,0.07937349619530142,0.03867359198214736,0.012697923161182444
0.07372694462537766,0.05896923318505287,0.1471870181336999,0.07937349619530142,0.03867359198214736,0.012697923161182444
0.1068795695900917,0.06635691225528717,0.1471870181336999,0.07937349619530142,0.03867359198214736,0.012697923161182444
0.1609766036272049,0.07829102128744125,0.1471870181336999,0.07937349619530142,0.03867359198214736,0.012697923161182444
0.19775189459323883,0.10412962734699249,0.1471870181336999,0.07937349619530142,0.03867359198214736,0.012697923161182444
0.18123215436935425,0.08817385137081146,0.1471870181336999,0.07937349619530142,0.03867359198214736,0.012697923161182444
0.11416605859994888,0.06799619644880295,0.1471870181336999,0.07937349619530142,0.03867359198214736,0.012697923161182444
0.15900176763534546,0.08188290148973465,0.1471870181336999,0.07937349619530142,0.03867359198214736,0.012697923161182444
0.174398273229599,0.08839157223701477,0.1471870181336999,0.07937349619530142,0.03867359198214736,0.012697923161182444
0.10393817722797394,0.06363411992788315,0.1471870181336999,0.07937349619530142,0.03867359198214736,0.012697923161182444
0.10817456990480423,0.0641372799873352,0.1471870181336999,0.07937349619530142,0.03867359198214736,0.012697923161182444
0.12411423772573471,0.07323701679706573,0.1471870181336999,0.07937349619530142,0.03867359198214736,0.012697923161182444
0.2025759071111679,0.10456056147813797,0.1471870181336999,0.07937349619530142,0.03867359198214736,0.012697923161182444
0.12495773285627365,0.07185646891593933,0.1471870181336999,0.07937349619530142,0.03867359198214736,0.012697923161182444
0.18550588190555573,0.09221983700990677,0.1471870181336999,0.07937349619530142,0.03867359198214736,0.012697923161182444
0.1984480321407318,0.09596580266952515,0.1471870181336999,0.07937349619530142,0.03867359198214736,0.012697923161182444
0.10149060934782028,0.06772007793188095,0.1471870181336999,0.07937349619530142,0.03867359198214736,0.012697923161182444
0.17882628738880157,0.08749079704284668,0.1471870181336999,0.07937349619530142,0.03867359198214736,0.012697923161182444
0.16038958728313446,0.08250033855438232,0.1471870181336999,0.07937349619530142,0.03867359198214736,0.012697923161182444
0.1779855638742447,0.08604036271572113,0.1471870181336999,0.07937349619530142,0.03867359198214736,0.012697923161182444
0.15186747908592224,0.07377900928258896,0.1471870181336999,0.07937349619530142,0.03867359198214736,0.012697923161182444
0.12475403398275375,0.07333345711231232,0.1471870181336999,0.07937349619530142,0.03867359198214736,0.012697923161182444
0.13959290087223053,0.07165469229221344,0.1471870181336999,0.07937349619530142,0.03867359198214736,0.012697923161182444
0.07902771234512329,0.06459414958953857,0.1471870181336999,0.07937349619530142,0.03867359198214736,0.012697923161182444
0.1758148968219757,0.08858829736709595,0.1471870181336999,0.07937349619530142,0.03867359198214736,0.012697923161182444
0.15346986055374146,0.07768161594867706,0.1471870181336999,0.07937349619530142,0.03867359198214736,0.012697923161182444
0.1340302675962448,0.07397885620594025,0.1471870181336999,0.07937349619530142,0.03867359198214736,0.012697923161182444
0.16281960904598236,0.08148781210184097,0.1471870181336999,0.07937349619530142,0.03867359198214736,0.012697923161182444
0.2058594971895218,0.09973412752151489,0.1471870181336999,0.07937349619530142,0.03867359198214736,0.012697923161182444
0.11028965562582016,0.06972554326057434,0.1471870181336999,0.07937349619530142,0.03867359198214736,0.012697923161182444
0.1921200007200241,0.09743613749742508,0.1471870181336999,0.07937349619530142,0.03867359198214736,0.012697923161182444
0.1396447867155075,0.07694493234157562,0.1471870181336999,0.07937349619530142,0.03867359198214736,0.012697923161182444
0.12266281992197037,0.07052148878574371,0.1471870181336999,0.07937349619530142,0.03867359198214736,0.012697923161182444
0.12211279571056366,0.06789109855890274,0.1471870181336999,0.07937349619530142,0.03867359198214736,0.012697923161182444
0.0752866119146347,0.05909474566578865,0.1471870181336999,0.07937349619530142,0.03867359198214736,0.012697923161182444
0.1425597071647644,0.08081014454364777,0.1471870181336999,0.07937349619530142,0.03867359198214736,0.012697923161182444
0.14755527675151825,0.07787594199180603,0.1471870181336999,0.07937349619530142,0.03867359198214736,0.012697923161182444
0.16290919482707977,0.08140622824430466,0.1471870181336999,0.07937349619530142,0.03867359198214736,0.012697923161182444
0.14044956862926483,0.07385920733213425,0.1471870181336999,0.07937349619530142,0.03867359198214736,0.012697923161182444
0.1807912290096283,0.08241892606019974,0.1471870181336999,0.07937349619530142,0.03867359198214736,0.012697923161182444
0.1365208923816681,0.08026371896266937,0.1471870181336999,0.07937349619530142,0.03867359198214736,0.012697923161182444
0.16597619652748108,0.08389260619878769,0.1471870181336999,0.07937349619530142,0.03867359198214736,0.012697923161182444
0.17850719392299652,0.08839823305606842,0.1471870181336999,0.07937349619530142,0.03867359198214736,0.012697923161182444
0.0851501002907753,0.060595229268074036,0.1471870181336999,0.07937349619530142,0.03867359198214736,0.012697923161182444
0.20595180988311768,0.09876969456672668,0.1471870181336999,0.07937349619530142,0.03867359198214736,0.012697923161182444
0.10502274334430695,0.06741497665643692,0.1471870181336999,0.07937349619530142,0.03867359198214736,0.012697923161182444
0.24415113031864166,0.1193809062242508,0.1471870181336999,0.07937349619530142,0.03867359198214736,0.012697923161182444
0.13159289956092834,0.07667599618434906,0.1471870181336999,0.07937349619530142,0.03867359198214736,0.012697923161182444
0.08933598548173904,0.06777338683605194,0.1471870181336999,0.07937349619530142,0.03867359198214736,0.012697923161182444
0.1668168008327484,0.08123043924570084,0.1471870181336999,0.07937349619530142,0.03867359198214736,0.012697923161182444
0.1993492692708969,0.09898387640714645,0.1471870181336999,0.07937349619530142,0.03867359198214736,0.012697923161182444
0.15779554843902588,0.08058331906795502,0.1471870181336999,0.07937349619530142,0.03867359198214736,0.012697923161182444
0.11289258301258087,0.06644440442323685,0.1471870181336999,0.07937349619530142,0.03867359198214736,0.012697923161182444
0.12125224620103836,0.07427656650543213,0.1471870181336999,0.07937349619530142,0.03867359198214736,0.012697923161182444
0.12169716507196426,0.06932614743709564,0.1471870181336999,0.07937349619530142,0.03867359198214736,0.012697923161182444
0.10743167251348495,0.06721489876508713,0.1471870181336999,0.07937349619530142,0.03867359198214736,0.012697923161182444
0.16013963520526886,0.07920963317155838,0.1471870181336999,0.07937349619530142,0.03867359198214736,0.012697923161182444
0.11314968764781952,0.0670614242553711,0.1471870181336999,0.07937349619530142,0.03867359198214736,0.012697923161182444
0.09447629004716873,0.06285504996776581,0.1471870181336999,0.07937349619530142,0.03867359198214736,0.012697923161182444
0.16241852939128876,0.08326549082994461,0.1471870181336999,0.07937349619530142,0.03867359198214736,0.012697923161182444
0.0922493040561676,0.06111950799822807,0.1471870181336999,0.07937349619530142,0.03867359198214736,0.012697923161182444
0.1690390259027481,0.08220943063497543,0.1471870181336999,0.07937349619530142,0.03867359198214736,0.012697923161182444
0.12760195136070251,0.07302161306142807,0.1471870181336999,0.07937349619530142,0.03867359198214736,0.012697923161182444
0.11178059130907059,0.07355014234781265,0.1471870181336999,0.07937349619530142,0.03867359198214736,0.012697923161182444
0.21752548217773438,0.10533108562231064,0.1471870181336999,0.07937349619530142,0.03867359198214736,0.012697923161182444
0.12205865234136581,0.06499602645635605,0.1471870181336999,0.07937349619530142,0.03867359198214736,0.012697923161182444
0.17460380494594574,0.08129028975963593,0.1471870181336999,0.07937349619530142,0.03867359198214736,0.012697923161182444
0.1838003396987915,0.09063245356082916,0.1471870181336999,0.07937349619530142,0.03867359198214736,0.012697923161182444
0.1967562437057495,0.09892548620700836,0.1471870181336999,0.07937349619530142,0.03867359198214736,0.012697923161182444
0.13346779346466064,0.07547453045845032,0.1471870181336999,0.07937349619530142,0.03867359198214736,0.012697923161182444
0.08619493991136551,0.0634450614452362,0.1471870181336999,0.07937349619530142,0.03867359198214736,0.012697923161182444
0.14679141342639923,0.07668375968933105,0.1471870181336999,0.07937349619530142,0.03867359198214736,0.012697923161182444
0.13164833188056946,0.07264655828475952,0.1471870181336999,0.07937349619530142,0.03867359198214736,0.012697923161182444
0.16131457686424255,0.0857149288058281,0.1471870181336999,0.07937349619530142,0.03867359198214736,0.012697923161182444
0.14489901065826416,0.08059802651405334,0.1471870181336999,0.07937349619530142,0.03867359198214736,0.012697923161182444
0.15730224549770355,0.0812109038233757,0.1471870181336999,0.07937349619530142,0.03867359198214736,0.012697923161182444
0.18843135237693787,0.08815290778875351,0.1471870181336999,0.07937349619530142,0.03867359198214736,0.012697923161182444
0.106366366147995,0.06473028659820557,0.1471870181336999,0.07937349619530142,0.03867359198214736,0.012697923161182444
0.12411832809448242,0.07648802548646927,0.1471870181336999,0.07937349619530142,0.03867359198214736,0.012697923161182444
0.11333179473876953,0.0713980421423912,0.1471870181336999,0.07937349619530142,0.03867359198214736,0.012697923161182444
0.1331671178340912,0.08144960552453995,0.1471870181336999,0.07937349619530142,0.03867359198214736,0.012697923161182444
0.08679809421300888,0.06340852379798889,0.1471870181336999,0.07937349619530142,0.03867359198214736,0.012697923161182444
0.08991626650094986,0.05723551660776138,0.1471870181336999,0.07937349619530142,0.03867359198214736,0.012697923161182444
0.19522503018379211,0.09107421338558197,0.1471870181336999,0.07937349619530142,0.03867359198214736,0.012697923161182444
0.12498074024915695,0.07500801235437393,0.1471870181336999,0.07937349619530142,0.03867359198214736,0.012697923161182444
0.16293255984783173,0.08208000659942627,0.1471870181336999,0.07937349619530142,0.03867359198214736,0.012697923161182444
0.17190304398536682,0.08273274451494217,0.1471870181336999,0.07937349619530142,0.03867359198214736,0.012697923161182444
0.12683071196079254,0.07807010412216187,0.1471870181336999,0.07937349619530142,0.03867359198214736,0.012697923161182444
0.14305353164672852,0.07289264351129532,0.1471870181336999,0.07937349619530142,0.03867359198214736,0.012697923161182444
0.10479101538658142,0.06302067637443542,0.1471870181336999,0.07937349619530142,0.03867359198214736,0.012697923161182444
0.0843234658241272,0.06011524051427841,0.1471870181336999,0.07937349619530142,0.03867359198214736,0.012697923161182444
0.15207678079605103,0.0735524520277977,0.1471870181336999,0.07937349619530142,0.03867359198214736,0.012697923161182444
0.16590142250061035,0.08753027021884918,0.1471870181336999,0.07937349619530142,0.03867359198214736,0.012697923161182444
0.21015456318855286,0.09903688728809357,0.1471870181336999,0.07937349619530142,0.03867359198214736,0.012697923161182444
0.09069117158651352,0.06450124830007553,0.1471870181336999,0.07937349619530142,0.03867359198214736,0.012697923161182444
0.16665251553058624,0.08528105169534683,0.1471870181336999,0.07937349619530142,0.03867359198214736,0.012697923161182444
0.18226028978824615,0.09261942654848099,0.1471870181336999,0.07937349619530142,0.03867359198214736,0.012697923161182444
0.19659283757209778,0.0924774780869484,0.1471870181336999,0.07937349619530142,0.03867359198214736,0.012697923161182444
0.11367016285657883,0.07062054425477982,0.1471870181336999,0.07937349619530142,0.03867359198214736,0.012697923161182444
0.11318039149045944,0.06961362808942795,0.1471870181336999,0.07937349619530142,0.03867359198214736,0.012697923161182444
0.13775278627872467,0.07865029573440552,0.1471870181336999,0.07937349619530142,0.03867359198214736,0.012697923161182444
0.16877883672714233,0.0874665230512619,0.1471870181336999,0.07937349619530142,0.03867359198214736,0.012697923161182444
0.15558743476867676,0.0744609534740448,0.1471870181336999,0.07937349619530142,0.03867359198214736,0.012697923161182444
0.23165233433246613,0.11152538657188416,0.1471870181336999,0.07937349619530142,0.03867359198214736,0.012697923161182444
0.13760797679424286,0.07377322763204575,0.1471870181336999,0.07937349619530142,0.03867359198214736,0.012697923161182444
0.15535159409046173,0.08226916193962097,0.1471870181336999,0.07937349619530142,0.03867359198214736,0.012697923161182444
0.20865926146507263,0.10493871569633484,0.1471870181336999,0.07937349619530142,0.03867359198214736,0.012697923161182444
0.12078513950109482,0.0697847306728363,0.1471870181336999,0.07937349619530142,0.03867359198214736,0.012697923161182444
0.10628662258386612,0.06164558231830597,0.1471870181336999,0.07937349619530142,0.03867359198214736,0.012697923161182444
0.11176746338605881,0.06990672647953033,0.1471870181336999,0.07937349619530142,0.03867359198214736,0.012697923161182444
0.16758333146572113,0.0841900110244751,0.1471870181336999,0.07937349619530142,0.03867359198214736,0.012697923161182444
0.10138456523418427,0.06897412985563278,0.1471870181336999,0.07937349619530142,0.03867359198214736,0.012697923161182444
0.1484469771385193,0.08720839768648148,0.1471870181336999,0.07937349619530142,0.03867359198214736,0.012697923161182444
0.16735735535621643,0.08557536453008652,0.1471870181336999,0.07937349619530142,0.03867359198214736,0.012697923161182444
0.10487689077854156,0.06577502936124802,0.1471870181336999,0.07937349619530142,0.03867359198214736,0.012697923161182444
0.14248108863830566,0.0751991719007492,0.1471870181336999,0.07937349619530142,0.03867359198214736,0.012697923161182444
0.19706964492797852,0.09765248745679855,0.1471870181336999,0.07937349619530142,0.03867359198214736,0.012697923161182444
0.13458579778671265,0.07140199840068817,0.1471870181336999,0.07937349619530142,0.03867359198214736,0.012697923161182444
0.1530417650938034,0.09022794663906097,0.1471870181336999,0.07937349619530142,0.03867359198214736,0.012697923161182444
0.1182570829987526,0.07191789150238037,0.1471870181336999,0.07937349619530142,0.03867359198214736,0.012697923161182444
0.21501104533672333,0.10210158675909042,0.1471870181336999,0.07937349619530142,0.03867359198214736,0.012697923161182444
0.13898751139640808,0.079128198325634,0.1471870181336999,0.07937349619530142,0.03867359198214736,0.012697923161182444
0.09488251805305481,0.06254091113805771,0.1471870181336999,0.07937349619530142,0.03867359198214736,0.012697923161182444
0.17841219902038574,0.08818834275007248,0.1471870181336999,0.07937349619530142,0.03867359198214736,0.012697923161182444
0.11392617225646973,0.0742286816239357,0.1471870181336999,0.07937349619530142,0.03867359198214736,0.012697923161182444
0.16201800107955933,0.08774784952402115,0.1471870181336999,0.07937349619530142,0.03867359198214736,0.012697923161182444
0.09815221279859543,0.06643315404653549,0.1471870181336999,0.07937349619530142,0.03867359198214736,0.012697923161182444
0.09928790479898453,0.06664492934942245,0.1471870181336999,0.07937349619530142,0.03867359198214736,0.012697923161182444
0.15969236195087433,0.08520732074975967,0.1471870181336999,0.07937349619530142,0.03867359198214736,0.012697923161182444
0.08127573132514954,0.05863001570105553,0.1471870181336999,0.07937349619530142,0.03867359198214736,0.012697923161182444
0.13274426758289337,0.07910066097974777,0.1471870181336999,0.07937349619530142,0.03867359198214736,0.012697923161182444
0.18711932003498077,0.08899767696857452,0.1471870181336999,0.07937349619530142,0.03867359198214736,0.012697923161182444
0.13392440974712372,0.0725148543715477,0.1471870181336999,0.07937349619530142,0.03867359198214736,0.012697923161182444
0.08716927468776703,0.06226687133312225,0.1471870181336999,0.07937349619530142,0.03867359198214736,0.012697923161182444
0.1261511594057083,0.07165156304836273,0.1471870181336999,0.07937349619530142,0.03867359198214736,0.012697923161182444
0.1709565669298172,0.08723397552967072,0.1471870181336999,0.07937349619530142,0.03867359198214736,0.012697923161182444
0.17511771619319916,0.08652924001216888,0.1471870181336999,0.07937349619530142,0.03867359198214736,0.012697923161182444
0.13945919275283813,0.0694180577993393,0.1471870181336999,0.07937349619530142,0.03867359198214736,0.012697923161182444
0.17553523182868958,0.08856324851512909,0.1471870181336999,0.07937349619530142,0.03867359198214736,0.012697923161182444
0.17749476432800293,0.08689431846141815,0.1471870181336999,0.07937349619530142,0.03867359198214736,0.012697923161182444
0.14925065636634827,0.07708215713500977,0.1471870181336999,0.07937349619530142,0.03867359198214736,0.012697923161182444
0.13795587420463562,0.07298913598060608,0.1471870181336999,0.07937349619530142,0.03867359198214736,0.012697923161182444
0.11672263592481613,0.07310332357883453,0.1471870181336999,0.07937349619530142,0.03867359198214736,0.012697923161182444
0.14739644527435303,0.0796450525522232,0.1471870181336999,0.07937349619530142,0.03867359198214736,0.012697923161182444
0.12051698565483093,0.06683401763439178,0.1471870181336999,0.07937349619530142,0.03867359198214736,0.012697923161182444
0.1377287060022354,0.07102812826633453,0.1471870181336999,0.07937349619530142,0.03867359198214736,0.012697923161182444
0.19268977642059326,0.09217709302902222,0.1471870181336999,0.07937349619530142,0.03867359198214736,0.012697923161182444
0.20234957337379456,0.09940820932388306,0.1471870181336999,0.07937349619530142,0.03867359198214736,0.012697923161182444
0.14983360469341278,0.08382931351661682,0.1471870181336999,0.07937349619530142,0.03867359198214736,0.012697923161182444
0.1427934169769287,0.07627302408218384,0.1471870181336999,0.07937349619530142,0.03867359198214736,0.012697923161182444
0.11298689991235733,0.06788512319326401,0.1471870181336999,0.07937349619530142,0.03867359198214736,0.012697923161182444
0.12572582066059113,0.07408440858125687,0.1471870181336999,0.07937349619530142,0.03867359198214736,0.012697923161182444
0.1704491674900055,0.08591032028198242,0.1471870181336999,0.07937349619530142,0.03867359198214736,0.012697923161182444
0.13221192359924316,0.07592356204986572,0.1471870181336999,0.07937349619530142,0.03867359198214736,0.012697923161182444
0.18082909286022186,0.08905546367168427,0.1471870181336999,0.07937349619530142,0.03867359198214736,0.012697923161182444
0.1696566790342331,0.08003873378038406,0.1471870181336999,0.07937349619530142,0.03867359198214736,0.012697923161182444
0.11321192979812622,0.0688060075044632,0.1471870181336999,0.07937349619530142,0.03867359198214736,0.012697923161182444
0.17110708355903625,0.08769736438989639,0.1471870181336999,0.07937349619530142,0.03867359198214736,0.012697923161182444
0.11295199394226074,0.06490584462881088,0.1471870181336999,0.07937349619530142,0.03867359198214736,0.012697923161182444
0.08023757487535477,0.060173891484737396,0.1471870181336999,0.07937349619530142,0.03867359198214736,0.012697923161182444
0.07715941965579987,0.06020290032029152,0.1471870181336999,0.07937349619530142,0.03867359198214736,0.012697923161182444
0.1409420371055603,0.07439643889665604,0.1471870181336999,0.07937349619530142,0.03867359198214736,0.012697923161182444
0.13815291225910187,0.06999663263559341,0.1471870181336999,0.07937349619530142,0.03867359198214736,0.012697923161182444
0.12735795974731445,0.07087919861078262,0.1471870181336999,0.07937349619530142,0.03867359198214736,0.012697923161182444
0.15914247930049896,0.08541275560855865,0.1471870181336999,0.07937349619530142,0.03867359198214736,0.012697923161182444
0.09848092496395111,0.05867883190512657,0.1471870181336999,0.07937349619530142,0.03867359198214736,0.012697923161182444
0.13077625632286072,0.07089929282665253,0.1471870181336999,0.07937349619530142,0.03867359198214736,0.012697923161182444
0.13745617866516113,0.076529361307621,0.1471870181336999,0.07937349619530142,0.03867359198214736,0.012697923161182444
0.11174248158931732,0.06759850680828094,0.1471870181336999,0.07937349619530142,0.03867359198214736,0.012697923161182444
0.2021244466304779,0.09989023208618164,0.1471870181336999,0.07937349619530142,0.03867359198214736,0.012697923161182444
0.1658986657857895,0.08459340780973434,0.1471870181336999,0.07937349619530142,0.03867359198214736,0.012697923161182444
0.14421308040618896,0.08007107675075531,0.1471870181336999,0.07937349619530142,0.03867359198214736,0.012697923161182444
0.12032854557037354,0.06830357015132904,0.1471870181336999,0.07937349619530142,0.03867359198214736,0.012697923161182444
0.1949949860572815,0.09459356963634491,0.1471870181336999,0.07937349619530142,0.03867359198214736,0.012697923161182444
0.2255743443965912,0.11065351217985153,0.1471870181336999,0.07937349619530142,0.03867359198214736,0.012697923161182444
0.08634065091609955,0.06204479932785034,0.1471870181336999,0.07937349619530142,0.03867359198214736,0.012697923161182444
0.2224183976650238,0.10924744606018066,0.1471870181336999,0.07937349619530142,0.03867359198214736,0.012697923161182444
0.1508462131023407,0.07517318427562714,0.1471870181336999,0.07937349619530142,0.03867359198214736,0.012697923161182444
0.1670650988817215,0.0818411186337471,0.1471870181336999,0.07937349619530142,0.03867359198214736,0.012697923161182444
0.13869315385818481,0.0804407075047493,0.1471870181336999,0.07937349619530142,0.03867359198214736,0.012697923161182444
0.08888226002454758,0.06454835832118988,0.1471870181336999,0.07937349619530142,0.03867359198214736,0.012697923161182444
0.15844641625881195,0.08271658420562744,0.1471870181336999,0.07937349619530142,0.03867359198214736,0.012697923161182444
0.14770428836345673,0.07564040273427963,0.1471870181336999,0.07937349619530142,0.03867359198214736,0.012697923161182444
0.1771794855594635,0.08970870077610016,0.1471870181336999,0.07937349619530142,0.03867359198214736,0.012697923161182444
0.10151208192110062,0.06666403263807297,0.1471870181336999,0.07937349619530142,0.03867359198214736,0.012697923161182444
0.13512764871120453,0.07672141492366791,0.1471870181336999,0.07937349619530142,0.03867359198214736,0.012697923161182444
0.1434953361749649,0.07773307710886002,0.1471870181336999,0.07937349619530142,0.03867359198214736,0.012697923161182444
0.1908126324415207,0.09285307675600052,0.1471870181336999,0.07937349619530142,0.03867359198214736,0.012697923161182444
0.18664532899856567,0.08990335464477539,0.1471870181336999,0.07937349619530142,0.03867359198214736,0.012697923161182444
0.12008596211671829,0.07314903289079666,0.1471870181336999,0.07937349619530142,0.03867359198214736,0.012697923161182444
0.09883088618516922,0.06120310723781586,0.1471870181336999,0.07937349619530142,0.03867359198214736,0.012697923161182444
0.1179516464471817,0.06788969039916992,0.1471870181336999,0.07937349619530142,0.03867359198214736,0.012697923161182444
0.12289585918188095,0.06924600154161453,0.1471870181336999,0.07937349619530142,0.03867359198214736,0.012697923161182444
0.09064050018787384,0.061235588043928146,0.1471870181336999,0.07937349619530142,0.03867359198214736,0.012697923161182444
0.11651980131864548,0.06776783615350723,0.1471870181336999,0.07937349619530142,0.03867359198214736,0.012697923161182444
0.11020351946353912,0.06776396930217743,0.1471870181336999,0.07937349619530142,0.03867359198214736,0.012697923161182444
0.17066669464111328,0.0899047926068306,0.1471870181336999,0.07937349619530142,0.03867359198214736,0.012697923161182444
0.2336156964302063,0.11472209542989731,0.1471870181336999,0.07937349619530142,0.03867359198214736,0.012697923161182444
0.15138351917266846,0.08042049407958984,0.1471870181336999,0.07937349619530142,0.03867359198214736,0.012697923161182444
0.19410072267055511,0.09312253445386887,0.1471870181336999,0.07937349619530142,0.03867359198214736,0.012697923161182444
0.11445213109254837,0.07196269929409027,0.1471870181336999,0.07937349619530142,0.03867359198214736,0.012697923161182444
0.1969590187072754,0.09653326123952866,0.1471870181336999,0.07937349619530142,0.03867359198214736,0.012697923161182444
0.08663671463727951,0.06215628609061241,0.1471870181336999,0.07937349619530142,0.03867359198214736,0.012697923161182444
0.12292555719614029,0.07198633253574371,0.1471870181336999,0.07937349619530142,0.03867359198214736,0.012697923161182444
0.17573854327201843,0.08872618526220322,0.1471870181336999,0.07937349619530142,0.03867359198214736,0.012697923161182444
0.0878106951713562,0.06121133267879486,0.1471870181336999,0.07937349619530142,0.03867359198214736,0.012697923161182444
0.15226015448570251,0.07879657298326492,0.1471870181336999,0.07937349619530142,0.03867359198214736,0.012697923161182444
0.10925766825675964,0.06749805808067322,0.1471870181336999,0.07937349619530142,0.03867359198214736,0.012697923161182444
0.16068638861179352,0.07780643552541733,0.1471870181336999,0.07937349619530142,0.03867359198214736,0.012697923161182444
0.18298585712909698,0.08729547262191772,0.1471870181336999,0.07937349619530142,0.03867359198214736,0.012697923161182444
0.14933079481124878,0.08484632521867752,0.1471870181336999,0.07937349619530142,0.03867359198214736,0.012697923161182444
0.17569634318351746,0.08918792009353638,0.1471870181336999,0.07937349619530142,0.03867359198214736,0.012697923161182444
0.09135724604129791,0.06284105032682419,0.1471870181336999,0.07937349619530142,0.03867359198214736,0.012697923161182444
0.15000095963478088,0.0787978321313858,0.1471870181336999,0.07937349619530142,0.03867359198214736,0.012697923161182444
0.24722160398960114,0.11722686886787415,0.1471870181336999,0.07937349619530142,0.03867359198214736,0.012697923161182444
0.10086735337972641,0.0648001953959465,0.1471870181336999,0.07937349619530142,0.03867359198214736,0.012697923161182444
0.17163676023483276,0.08351442217826843,0.1471870181336999,0.07937349619530142,0.03867359198214736,0.012697923161182444
0.17775899171829224,0.08474192023277283,0.1471870181336999,0.07937349619530142,0.03867359198214736,0.012697923161182444
0.1061774268746376,0.06928273290395737,0.1471870181336999,0.07937349619530142,0.03867359198214736,0.012697923161182444
0.18820686638355255,0.09394869208335876,0.1471870181336999,0.07937349619530142,0.03867359198214736,0.012697923161182444
0.17466869950294495,0.08342467993497849,0.1471870181336999,0.07937349619530142,0.03867359198214736,0.012697923161182444
0.13467924296855927,0.0715799480676651,0.1471870181336999,0.07937349619530142,0.03867359198214736,0.012697923161182444
0.1576683521270752,0.08262261003255844,0.1471870181336999,0.07937349619530142,0.03867359198214736,0.012697923161182444
0.15735192596912384,0.0923316478729248,0.1471870181336999,0.07937349619530142,0.03867359198214736,0.012697923161182444
0.12187895178794861,0.06862899661064148,0.1471870181336999,0.07937349619530142,0.03867359198214736,0.012697923161182444
0.2114163637161255,0.10048581659793854,0.1471870181336999,0.07937349619530142,0.03867359198214736,0.012697923161182444
0.10050434619188309,0.0620846301317215,0.1471870181336999,0.07937349619530142,0.03867359198214736,0.012697923161182444
0.1216287761926651,0.07178725302219391,0.1471870181336999,0.07937349619530142,0.03867359198214736,0.012697923161182444
0.11006246507167816,0.06920680403709412,0.1471870181336999,0.07937349619530142,0.03867359198214736,0.012697923161182444
0.21952752768993378,0.1037052571773529,0.1471870181336999,0.07937349619530142,0.03867359198214736,0.012697923161182444
0.11223599314689636,0.0744117945432663,0.1471870181336999,0.07937349619530142,0.03867359198214736,0.012697923161182444
0.17596858739852905,0.08641606569290161,0.1471870181336999,0.07937349619530142,0.03867359198214736,0.012697923161182444
0.15856316685676575,0.08692531287670135,0.1471870181336999,0.07937349619530142,0.03867359198214736,0.012697923161182444
0.15511411428451538,0.07255791872739792,0.1471870181336999,0.07937349619530142,0.03867359198214736,0.012697923161182444
0.13147523999214172,0.0779779925942421,0.1471870181336999,0.07937349619530142,0.03867359198214736,0.012697923161182444
0.09843488782644272,0.06365445256233215,0.1471870181336999,0.07937349619530142,0.03867359198214736,0.012697923161182444
0.20409244298934937,0.10164178907871246,0.1471870181336999,0.07937349619530142,0.03867359198214736,0.012697923161182444
0.14625634253025055,0.07423989474773407,0.1471870181336999,0.07937349619530142,0.03867359198214736,0.012697923161182444
0.09319533407688141,0.06480934470891953,0.1471870181336999,0.07937349619530142,0.03867359198214736,0.012697923161182444
0.15366078913211823,0.08009535074234009,0.1471870181336999,0.07937349619530142,0.03867359198214736,0.012697923161182444
0.13364513218402863,0.07894452661275864,0.1471870181336999,0.07937349619530142,0.03867359198214736,0.012697923161182444
0.19000835716724396,0.09336040169000626,0.1471870181336999,0.07937349619530142,0.03867359198214736,0.012697923161182444
0.09552613645792007,0.0628175362944603,0.1471870181336999,0.07937349619530142,0.03867359198214736,0.012697923161182444
0.06636929512023926,0.055416665971279144,0.1471870181336999,0.07937349619530142,0.03867359198214736,0.012697923161182444
0.14904601871967316,0.08091726154088974,0.1471870181336999,0.07937349619530142,0.03867359198214736,0.012697923161182444
0.13453035056591034,0.07263490557670593,0.1471870181336999,0.07937349619530142,0.03867359198214736,0.012697923161182444
0.10649781674146652,0.06989671289920807,0.1471870181336999,0.07937349619530142,0.03867359198214736,0.012697923161182444
0.12522993981838226,0.07514902204275131,0.1471870181336999,0.07937349619530142,0.03867359198214736,0.012697923161182444
0.1072143018245697,0.06781857460737228,0.1471870181336999,0.07937349619530142,0.03867359198214736,0.012697923161182444
0.2043212354183197,0.09981580823659897,0.1471870181336999,0.07937349619530142,0.03867359198214736,0.012697923161182444
0.14164206385612488,0.07099998742341995,0.1471870181336999,0.07937349619530142,0.03867359198214736,0.012697923161182444
0.17400005459785461,0.09082727879285812,0.1471870181336999,0.07937349619530142,0.03867359198214736,0.012697923161182444
0.12845107913017273,0.06903811544179916,0.1471870181336999,0.07937349619530142,0.03867359198214736,0.012697923161182444
0.18420034646987915,0.09124519675970078,0.1471870181336999,0.07937349619530142,0.03867359198214736,0.012697923161182444
0.08754123747348785,0.060065850615501404,0.1471870181336999,0.07937349619530142,0.03867359198214736,0.012697923161182444
0.08297374844551086,0.057677242904901505,0.1471870181336999,0.07937349619530142,0.03867359198214736,0.012697923161182444
0.18841923773288727,0.08923942595720291,0.1471870181336999,0.07937349619530142,0.03867359198214736,0.012697923161182444
0.1902698576450348,0.09353357553482056,0.1471870181336999,0.07937349619530142,0.03867359198214736,0.012697923161182444
0.1932706981897354,0.09233342111110687,0.1471870181336999,0.07937349619530142,0.03867359198214736,0.012697923161182444
0.13501861691474915,0.0786774754524231,0.1471870181336999,0.07937349619530142,0.03867359198214736,0.012697923161182444
0.18287214636802673,0.08958669006824493,0.1471870181336999,0.07937349619530142,0.03867359198214736,0.012697923161182444
0.13885900378227234,0.06838224083185196,0.1471870181336999,0.07937349619530142,0.03867359198214736,0.012697923161182444
0.09065854549407959,0.0656263455748558,0.1471870181336999,0.07937349619530142,0.03867359198214736,0.012697923161182444
0.08273839205503464,0.06088749319314957,0.1471870181336999,0.07937349619530142,0.03867359198214736,0.012697923161182444
0.09766028076410294,0.06368196755647659,0.1471870181336999,0.07937349619530142,0.03867359198214736,0.012697923161182444
0.19482316076755524,0.09640438854694366,0.1471870181336999,0.07937349619530142,0.03867359198214736,0.012697923161182444
0.1495867669582367,0.07245086133480072,0.1471870181336999,0.07937349619530142,0.03867359198214736,0.012697923161182444
0.17038051784038544,0.08241434395313263,0.1471870181336999,0.07937349619530142,0.03867359198214736,0.012697923161182444
0.1534721553325653,0.07837512344121933,0.1471870181336999,0.07937349619530142,0.03867359198214736,0.012697923161182444
0.15904413163661957,0.08046586066484451,0.1471870181336999,0.07937349619530142,0.03867359198214736,0.012697923161182444
0.10355221480131149,0.06903672963380814,0.1471870181336999,0.07937349619530142,0.03867359198214736,0.012697923161182444
0.1241225004196167,0.07798411697149277,0.1471870181336999,0.07937349619530142,0.03867359198214736,0.012697923161182444
0.15194813907146454,0.078712098300457,0.1471870181336999,0.07937349619530142,0.03867359198214736,0.012697923161182444
0.1598048210144043,0.0772240161895752,0.1471870181336999,0.07937349619530142,0.03867359198214736,0.012697923161182444
0.15957215428352356,0.07988748699426651,0.1471870181336999,0.07937349619530142,0.03867359198214736,0.012697923161182444
0.1324285864830017,0.08069856464862823,0.1471870181336999,0.07937349619530142,0.03867359198214736,0.012697923161182444
0.11899037659168243,0.06503213942050934,0.1471870181336999,0.07937349619530142,0.03867359198214736,0.012697923161182444
0.19911794364452362,0.10424088686704636,0.1471870181336999,0.07937349619530142,0.03867359198214736,0.012697923161182444
0.08514914661645889,0.060078367590904236,0.1471870181336999,0.07937349619530142,0.03867359198214736,0.012697923161182444
0.17536653578281403,0.08800263702869415,0.1471870181336999,0.07937349619530142,0.03867359198214736,0.012697923161182444
0.1651274710893631,0.08408132940530777,0.1471870181336999,0.07937349619530142,0.03867359198214736,0.012697923161182444
0.13272899389266968,0.07391532510519028,0.1471870181336999,0.07937349619530142,0.03867359198214736,0.012697923161182444
0.18058064579963684,0.08972515165805817,0.1471870181336999,0.07937349619530142,0.03867359198214736,0.012697923161182444
0.17858266830444336,0.08917120844125748,0.1471870181336999,0.07937349619530142,0.03867359198214736,0.012697923161182444
0.11866064369678497,0.06879907101392746,0.1471870181336999,0.07937349619530142,0.03867359198214736,0.012697923161182444
0.10484685748815536,0.0669247955083847,0.1471870181336999,0.07937349619530142,0.03867359198214736,0.012697923161182444
0.2183959186077118,0.10542166978120804,0.1471870181336999,0.07937349619530142,0.03867359198214736,0.012697923161182444
0.21039091050624847,0.10471801459789276,0.1471870181336999,0.07937349619530142,0.03867359198214736,0.012697923161182444
0.1589685082435608,0.08066927641630173,0.1471870181336999,0.07937349619530142,0.03867359198214736,0.012697923161182444
0.13902461528778076,0.07320025563240051,0.1471870181336999,0.07937349619530142,0.03867359198214736,0.012697923161182444
0.1382739245891571,0.0779845267534256,0.1471870181336999,0.07937349619530142,0.03867359198214736,0.012697923161182444
0.190983384847641,0.09413398802280426,0.1471870181336999,0.07937349619530142,0.03867359198214736,0.012697923161182444
0.16427958011627197,0.08285903930664062,0.1471870181336999,0.07937349619530142,0.03867359198214736,0.012697923161182444
0.14249534904956818,0.0733586922287941,0.1471870181336999,0.07937349619530142,0.03867359198214736,0.012697923161182444
0.08036941289901733,0.06384379416704178,0.1471870181336999,0.07937349619530142,0.03867359198214736,0.012697923161182444
0.18568454682826996,0.09087827056646347,0.1471870181336999,0.07937349619530142,0.03867359198214736,0.012697923161182444
0.13814760744571686,0.07125440984964371,0.1471870181336999,0.07937349619530142,0.03867359198214736,0.012697923161182444
0.12282077968120575,0.06854162365198135,0.1471870181336999,0.07937349619530142,0.03867359198214736,0.012697923161182444
0.19367976486682892,0.09379558265209198,0.1471870181336999,0.07937349619530142,0.03867359198214736,0.012697923161182444
0.13913577795028687,0.07616370171308517,0.1471870181336999,0.07937349619530142,0.03867359198214736,0.012697923161182444
0.19347882270812988,0.09563663601875305,0.1471870181336999,0.07937349619530142,0.03867359198214736,0.012697923161182444
0.09582553803920746,0.0614255927503109,0.1471870181336999,0.07937349619530142,0.03867359198214736,0.012697923161182444
0.14250731468200684,0.07524058222770691,0.1471870181336999,0.07937349619530142,0.03867359198214736,0.012697923161182444
0.12039995193481445,0.06833591312170029,0.1471870181336999,0.07937349619530142,0.03867359198214736,0.012697923161182444
0.1804128736257553,0.08323918282985687,0.1471870181336999,0.07937349619530142,0.03867359198214736,0.012697923161182444
0.07078734040260315,0.05636440962553024,0.1471870181336999,0.07937349619530142,0.03867359198214736,0.012697923161182444
0.13126133382320404,0.07434362918138504,0.1471870181336999,0.07937349619530142,0.03867359198214736,0.012697923161182444
0.1811821460723877,0.08541233092546463,0.1471870181336999,0.07937349619530142,0.03867359198214736,0.012697923161182444
0.12329351902008057,0.06966196745634079,0.1471870181336999,0.07937349619530142,0.03867359198214736,0.012697923161182444
0.12784652411937714,0.07532977312803268,0.1471870181336999,0.07937349619530142,0.03867359198214736,0.012697923161182444
0.15225695073604584,0.08086807280778885,0.1471870181336999,0.07937349619530142,0.03867359198214736,0.012697923161182444
0.12088119238615036,0.06608633697032928,0.1471870181336999,0.07937349619530142,0.03867359198214736,0.012697923161182444
0.08551676571369171,0.06041530519723892,0.1471870181336999,0.07937349619530142,0.03867359198214736,0.012697923161182444
0.15904498100280762,0.08136193454265594,0.1471870181336999,0.07937349619530142,0.03867359198214736,0.012697923161182444
0.10521217435598373,0.06985961645841599,0.1471870181336999,0.07937349619530142,0.03867359198214736,0.012697923161182444
0.17311698198318481,0.08447697013616562,0.1471870181336999,0.07937349619530142,0.03867359198214736,0.012697923161182444
0.16002364456653595,0.08295082300901413,0.1471870181336999,0.07937349619530142,0.03867359198214736,0.012697923161182444
0.1786135882139206,0.08283712714910507,0.1471870181336999,0.07937349619530142,0.03867359198214736,0.012697923161182444
0.18543466925621033,0.08920904248952866,0.1471870181336999,0.07937349619530142,0.03867359198214736,0.012697923161182444
0.13482841849327087,0.07769729197025299,0.1471870181336999,0.07937349619530142,0.03867359198214736,0.012697923161182444
0.1428339034318924,0.07310166954994202,0.1471870181336999,0.07937349619530142,0.03867359198214736,0.012697923161182444
0.2027716487646103,0.09734850376844406,0.1471870181336999,0.07937349619530142,0.03867359198214736,0.012697923161182444
0.15664589405059814,0.0794491320848465,0.1471870181336999,0.07937349619530142,0.03867359198214736,0.012697923161182444
0.15799537301063538,0.08846906572580338,0.1471870181336999,0.07937349619530142,0.03867359198214736,0.012697923161182444
0.1422988772392273,0.07544983923435211,0.1471870181336999,0.07937349619530142,0.03867359198214736,0.012697923161182444
0.17364470660686493,0.08633193373680115,0.1471870181336999,0.07937349619530142,0.03867359198214736,0.012697923161182444
0.10709374397993088,0.06687426567077637,0.1471870181336999,0.07937349619530142,0.03867359198214736,0.012697923161182444
0.21388232707977295,0.10382314771413803,0.1471870181336999,0.07937349619530142,0.03867359198214736,0.012697923161182444
0.193346306681633,0.09275204688310623,0.1471870181336999,0.07937349619530142,0.03867359198214736,0.012697923161182444
0.10346425324678421,0.06771688908338547,0.1471870181336999,0.07937349619530142,0.03867359198214736,0.012697923161182444
0.13621407747268677,0.07589606940746307,0.1471870181336999,0.07937349619530142,0.03867359198214736,0.012697923161182444
0.1869667023420334,0.08446286618709564,0.1471870181336999,0.07937349619530142,0.03867359198214736,0.012697923161182444
0.11020422726869583,0.06720597296953201,0.1471870181336999,0.07937349619530142,0.03867359198214736,0.012697923161182444
0.08402344584465027,0.06525135040283203,0.1471870181336999,0.07937349619530142,0.03867359198214736,0.012697923161182444
0.14259782433509827,0.0730222761631012,0.1471870181336999,0.07937349619530142,0.03867359198214736,0.012697923161182444
0.1605147421360016,0.0848647952079773,0.1471870181336999,0.07937349619530142,0.03867359198214736,0.012697923161182444
0.11557333171367645,0.07009781897068024,0.1471870181336999,0.07937349619530142,0.03867359198214736,0.012697923161182444
0.11626023799180984,0.07143989950418472,0.1471870181336999,0.07937349619530142,0.03867359198214736,0.012697923161182444
0.151157945394516,0.07845299690961838,0.1471870181336999,0.07937349619530142,0.03867359198214736,0.012697923161182444
0.14865227043628693,0.07861065864562988,0.1471870181336999,0.07937349619530142,0.03867359198214736,0.012697923161182444
0.10996566712856293,0.06689780950546265,0.1471870181336999,0.07937349619530142,0.03867359198214736,0.012697923161182444
0.1440911442041397,0.07444314658641815,0.1471870181336999,0.07937349619530142,0.03867359198214736,0.012697923161182444
0.18326249718666077,0.08758389949798584,0.1471870181336999,0.07937349619530142,0.03867359198214736,0.012697923161182444
0.17186696827411652,0.08989039063453674,0.1471870181336999,0.07937349619530142,0.03867359198214736,0.012697923161182444
0.19886939227581024,0.09124588221311569,0.1471870181336999,0.07937349619530142,0.03867359198214736,0.012697923161182444
0.09269680827856064,0.06609852612018585,0.1471870181336999,0.07937349619530142,0.03867359198214736,0.012697923161182444
0.1791248768568039,0.08719467371702194,0.1471870181336999,0.07937349619530142,0.03867359198214736,0.012697923161182444
0.12513677775859833,0.07234935462474823,0.1471870181336999,0.07937349619530142,0.03867359198214736,0.012697923161182444
0.18755385279655457,0.09290429949760437,0.1471870181336999,0.07937349619530142,0.03867359198214736,0.012697923161182444
0.12198962271213531,0.07030404359102249,0.1471870181336999,0.07937349619530142,0.03867359198214736,0.012697923161182444
0.1892824023962021,0.09085474908351898,0.1471870181336999,0.07937349619530142,0.03867359198214736,0.012697923161182444
0.10844327509403229,0.07246606051921844,0.1471870181336999,0.07937349619530142,0.03867359198214736,0.012697923161182444
0.11320110410451889,0.06952240318059921,0.1471870181336999,0.07937349619530142,0.03867359198214736,0.012697923161182444
0.18445079028606415,0.08934655785560608,0.1471870181336999,0.07937349619530142,0.03867359198214736,0.012697923161182444
0.09321323782205582,0.06439748406410217,0.1471870181336999,0.07937349619530142,0.03867359198214736,0.012697923161182444
0.08148334920406342,0.06055982783436775,0.1471870181336999,0.07937349619530142,0.03867359198214736,0.012697923161182444
0.1118665263056755,0.06819767504930496,0.1471870181336999,0.07937349619530142,0.03867359198214736,0.012697923161182444
0.13403178751468658,0.07272050529718399,0.1471870181336999,0.07937349619530142,0.03867359198214736,0.012697923161182444
0.18595588207244873,0.09015583992004395,0.1471870181336999,0.07937349619530142,0.03867359198214736,0.012697923161182444
0.14686623215675354,0.07506676763296127,0.1471870181336999,0.07937349619530142,0.03867359198214736,0.012697923161182444
0.18697099387645721,0.09081485867500305,0.1471870181336999,0.07937349619530142,0.03867359198214736,0.012697923161182444
0.2149570882320404,0.10514422506093979,0.1471870181336999,0.07937349619530142,0.03867359198214736,0.012697923161182444
0.200969859957695,0.09489624947309494,0.1471870181336999,0.07937349619530142,0.03867359198214736,0.012697923161182444
0.11838379502296448,0.07026838511228561,0.1471870181336999,0.07937349619530142,0.03867359198214736,0.012697923161182444
0.22575445473194122,0.10890556126832962,0.1471870181336999,0.07937349619530142,0.03867359198214736,0.012697923161182444
0.08414346724748611,0.06383931636810303,0.1471870181336999,0.07937349619530142,0.03867359198214736,0.012697923161182444
0.14320145547389984,0.07694453746080399,0.1471870181336999,0.07937349619530142,0.03867359198214736,0.012697923161182444
0.12950503826141357,0.07271849364042282,0.1471870181336999,0.07937349619530142,0.03867359198214736,0.012697923161182444
0.13874514400959015,0.07084912806749344,0.1471870181336999,0.07937349619530142,0.03867359198214736,0.012697923161182444
0.20655009150505066,0.10312012583017349,0.1471870181336999,0.07937349619530142,0.03867359198214736,0.012697923161182444
0.11190561950206757,0.07066043466329575,0.1471870181336999,0.07937349619530142,0.03867359198214736,0.012697923161182444
0.12027005851268768,0.07055230438709259,0.1471870181336999,0.07937349619530142,0.03867359198214736,0.012697923161182444
0.1606108695268631,0.08081784099340439,0.1471870181336999,0.07937349619530142,0.03867359198214736,0.012697923161182444
0.1619049459695816,0.08116170018911362,0.1471870181336999,0.07937349619530142,0.03867359198214736,0.012697923161182444
0.1271616369485855,0.07605382055044174,0.1471870181336999,0.07937349619530142,0.03867359198214736,0.012697923161182444
0.22206419706344604,0.10520503669977188,0.1471870181336999,0.07937349619530142,0.03867359198214736,0.012697923161182444
0.10894519835710526,0.07099640369415283,0.1471870181336999,0.07937349619530142,0.03867359198214736,0.012697923161182444
0.15480878949165344,0.08321942389011383,0.1471870181336999,0.07937349619530142,0.03867359198214736,0.012697923161182444
0.15386071801185608,0.07782471925020218,0.1471870181336999,0.07937349619530142,0.03867359198214736,0.012697923161182444
0.131626158952713,0.07393425703048706,0.1471870181336999,0.07937349619530142,0.03867359198214736,0.012697923161182444
0.12444280833005905,0.07619724422693253,0.1471870181336999,0.07937349619530142,0.03867359198214736,0.012697923161182444
0.14922627806663513,0.08215192705392838,0.1471870181336999,0.07937349619530142,0.03867359198214736,0.012697923161182444
0.13587145507335663,0.06888596713542938,0.1471870181336999,0.07937349619530142,0.03867359198214736,0.012697923161182444
0.22473034262657166,0.11469679325819016,0.1471870181336999,0.07937349619530142,0.03867359198214736,0.012697923161182444
0.16808268427848816,0.07889484614133835,0.1471870181336999,0.07937349619530142,0.03867359198214736,0.012697923161182444
0.14672105014324188,0.07784605026245117,0.1471870181336999,0.07937349619530142,0.03867359198214736,0.012697923161182444
0.19650781154632568,0.09265507757663727,0.1471870181336999,0.07937349619530142,0.03867359198214736,0.012697923161182444
0.1378008872270584,0.07435079663991928,0.1471870181336999,0.07937349619530142,0.03867359198214736,0.012697923161182444
0.1822788268327713,0.08648686110973358,0.1471870181336999,0.07937349619530142,0.03867359198214736,0.012697923161182444
0.1796913892030716,0.09012995660305023,0.1471870181336999,0.07937349619530142,0.03867359198214736,0.012697923161182444
0.12030858546495438,0.06657611578702927,0.1471870181336999,0.07937349619530142,0.03867359198214736,0.012697923161182444
0.13153420388698578,0.074791818857193,0.1471870181336999,0.07937349619530142,0.03867359198214736,0.012697923161182444
0.11851991713047028,0.06432769447565079,0.1471870181336999,0.07937349619530142,0.03867359198214736,0.012697923161182444
0.17955422401428223,0.08559859544038773,0.1471870181336999,0.07937349619530142,0.03867359198214736,0.012697923161182444
0.12214911729097366,0.07370766997337341,0.1471870181336999,0.07937349619530142,0.03867359198214736,0.012697923161182444
0.21042850613594055,0.10187795758247375,0.1471870181336999,0.07937349619530142,0.03867359198214736,0.012697923161182444
0.18903471529483795,0.09083593636751175,0.1471870181336999,0.07937349619530142,0.03867359198214736,0.012697923161182444
0.19576598703861237,0.09474759548902512,0.1471870181336999,0.07937349619530142,0.03867359198214736,0.012697923161182444
0.16536104679107666,0.08479930460453033,0.1471870181336999,0.07937349619530142,0.03867359198214736,0.012697923161182444
0.10808931291103363,0.06698241829872131,0.1471870181336999,0.07937349619530142,0.03867359198214736,0.012697923161182444
0.12602277100086212,0.07091306149959564,0.1471870181336999,0.07937349619530142,0.03867359198214736,0.012697923161182444
0.15849293768405914,0.07824872434139252,0.1471870181336999,0.07937349619530142,0.03867359198214736,0.012697923161182444
0.17907992005348206,0.08405935764312744,0.1471870181336999,0.07937349619530142,0.03867359198214736,0.012697923161182444
0.1810559630393982,0.08731827139854431,0.1471870181336999,0.07937349619530142,0.03867359198214736,0.012697923161182444
0.1534074991941452,0.07983148097991943,0.1471870181336999,0.07937349619530142,0.03867359198214736,0.012697923161182444
0.17101767659187317,0.09035942703485489,0.1471870181336999,0.07937349619530142,0.03867359198214736,0.012697923161182444
0.13895468413829803,0.0749836191534996,0.1471870181336999,0.07937349619530142,0.03867359198214736,0.012697923161182444
0.21489208936691284,0.09935256093740463,0.1471870181336999,0.07937349619530142,0.03867359198214736,0.012697923161182444
0.18825992941856384,0.08780131489038467,0.1471870181336999,0.07937349619530142,0.03867359198214736,0.012697923161182444
0.13302825391292572,0.06836266070604324,0.1471870181336999,0.07937349619530142,0.03867359198214736,0.012697923161182444
0.19421279430389404,0.09262418746948242,0.1471870181336999,0.07937349619530142,0.03867359198214736,0.012697923161182444
0.14308971166610718,0.07166676968336105,0.1471870181336999,0.07937349619530142,0.03867359198214736,0.012697923161182444
0.1062617152929306,0.06638146191835403,0.1471870181336999,0.07937349619530142,0.03867359198214736,0.012697923161182444
0.12450729310512543,0.06814692914485931,0.1471870181336999,0.07937349619530142,0.03867359198214736,0.012697923161182444
0.14306551218032837,0.07485930621623993,0.1471870181336999,0.07937349619530142,0.03867359198214736,0.012697923161182444
0.14344584941864014,0.07730540633201599,0.1471870181336999,0.07937349619530142,0.03867359198214736,0.012697923161182444
0.1444346308708191,0.07371289283037186,0.1471870181336999,0.07937349619530142,0.03867359198214736,0.012697923161182444
0.23535259068012238,0.11519253998994827,0.1471870181336999,0.07937349619530142,0.03867359198214736,0.012697923161182444
0.11332710832357407,0.06922042369842529,0.1471870181336999,0.07937349619530142,0.03867359198214736,0.012697923161182444
0.13516998291015625,0.07080178707838058,0.1471870181336999,0.07937349619530142,0.03867359198214736,0.012697923161182444
0.1482355296611786,0.07904980331659317,0.1471870181336999,0.07937349619530142,0.03867359198214736,0.012697923161182444
0.14329077303409576,0.07824386656284332,0.1471870181336999,0.07937349619530142,0.03867359198214736,0.012697923161182444
0.16297200322151184,0.08232378214597702,0.1471870181336999,0.07937349619530142,0.03867359198214736,0.012697923161182444
0.19848622381687164,0.0932302251458168,0.1471870181336999,0.07937349619530142,0.03867359198214736,0.012697923161182444
0.13976648449897766,0.0801435261964798,0.1471870181336999,0.07937349619530142,0.03867359198214736,0.012697923161182444
0.13198322057724,0.07378402352333069,0.1471870181336999,0.07937349619530142,0.03867359198214736,0.012697923161182444
0.1439782977104187,0.07488971203565598,0.1471870181336999,0.07937349619530142,0.03867359198214736,0.012697923161182444
0.08551765978336334,0.0625595971941948,0.1471870181336999,0.07937349619530142,0.03867359198214736,0.012697923161182444
0.16827824711799622,0.08679668605327606,0.1471870181336999,0.07937349619530142,0.03867359198214736,0.012697923161182444
0.16884319484233856,0.08416659384965897,0.1471870181336999,0.07937349619530142,0.03867359198214736,0.012697923161182444
0.12907841801643372,0.08038776367902756,0.1471870181336999,0.07937349619530142,0.03867359198214736,0.012697923161182444
0.12647745013237,0.07651877403259277,0.1471870181336999,0.07937349619530142,0.03867359198214736,0.012697923161182444
0.19874031841754913,0.0932605117559433,0.1471870181336999,0.07937349619530142,0.03867359198214736,0.012697923161182444
0.1635875701904297,0.08968096971511841,0.1471870181336999,0.07937349619530142,0.03867359198214736,0.012697923161182444
0.17251507937908173,0.09618476033210754,0.1471870181336999,0.07937349619530142,0.03867359198214736,0.012697923161182444
0.09074646234512329,0.06332800537347794,0.1471870181336999,0.07937349619530142,0.03867359198214736,0.012697923161182444
0.09200909733772278,0.05918457359075546,0.1471870181336999,0.07937349619530142,0.03867359198214736,0.012697923161182444
0.17440398037433624,0.08500592410564423,0.1471870181336999,0.07937349619530142,0.03867359198214736,0.012697923161182444
0.1098063513636589,0.06611209362745285,0.1471870181336999,0.07937349619530142,0.03867359198214736,0.012697923161182444
0.23078806698322296,0.11340009421110153,0.1471870181336999,0.07937349619530142,0.03867359198214736,0.012697923161182444
0.13920895755290985,0.07009156793355942,0.1471870181336999,0.07937349619530142,0.03867359198214736,0.012697923161182444
0.1556989997625351,0.07729534059762955,0.1471870181336999,0.07937349619530142,0.03867359198214736,0.012697923161182444
0.09295682609081268,0.0629279837012291,0.1471870181336999,0.07937349619530142,0.03867359198214736,0.012697923161182444
0.08804645389318466,0.062088239938020706,0.1471870181336999,0.07937349619530142,0.03867359198214736,0.012697923161182444
0.14818526804447174,0.07684266567230225,0.1471870181336999,0.07937349619530142,0.03867359198214736,0.012697923161182444
0.2400514930486679,0.11701621115207672,0.1471870181336999,0.07937349619530142,0.03867359198214736,0.012697923161182444
0.13276250660419464,0.0714576467871666,0.1471870181336999,0.07937349619530142,0.03867359198214736,0.012697923161182444
0.14605244994163513,0.0782729759812355,0.1471870181336999,0.07937349619530142,0.03867359198214736,0.012697923161182444
0.10831722617149353,0.06996485590934753,0.1471870181336999,0.07937349619530142,0.03867359198214736,0.012697923161182444
0.12650030851364136,0.07531849294900894,0.1471870181336999,0.07937349619530142,0.03867359198214736,0.012697923161182444
0.1771155595779419,0.08530573546886444,0.1471870181336999,0.07937349619530142,0.03867359198214736,0.012697923161182444
0.2380310446023941,0.11718764901161194,0.1471870181336999,0.07937349619530142,0.03867359198214736,0.012697923161182444
0.1243315041065216,0.06723926961421967,0.1471870181336999,0.07937349619530142,0.03867359198214736,0.012697923161182444
0.17338232696056366,0.09589304029941559,0.1471870181336999,0.07937349619530142,0.03867359198214736,0.012697923161182444
0.19632713496685028,0.09407603740692139,0.1471870181336999,0.07937349619530142,0.03867359198214736,0.012697923161182444
0.2105698436498642,0.10548518598079681,0.1471870181336999,0.07937349619530142,0.03867359198214736,0.012697923161182444
0.12470400333404541,0.06895166635513306,0.1471870181336999,0.07937349619530142,0.03867359198214736,0.012697923161182444
0.1738768070936203,0.08623863011598587,0.1471870181336999,0.07937349619530142,0.03867359198214736,0.012697923161182444
0.144471675157547,0.07759449630975723,0.1471870181336999,0.07937349619530142,0.03867359198214736,0.012697923161182444
0.1771479994058609,0.08655533939599991,0.1471870181336999,0.07937349619530142,0.03867359198214736,0.012697923161182444
0.20285725593566895,0.0932912677526474,0.1471870181336999,0.07937349619530142,0.03867359198214736,0.012697923161182444
0.16284991800785065,0.0839986801147461,0.1471870181336999,0.07937349619530142,0.03867359198214736,0.012697923161182444
0.14097566902637482,0.07722724974155426,0.1471870181336999,0.07937349619530142,0.03867359198214736,0.012697923161182444
0.18838192522525787,0.09128966927528381,0.1471870181336999,0.07937349619530142,0.03867359198214736,0.012697923161182444
0.14603884518146515,0.08448410779237747,0.1471870181336999,0.07937349619530142,0.03867359198214736,0.012697923161182444
0.10497201979160309,0.0645526647567749,0.1471870181336999,0.07937349619530142,0.03867359198214736,0.012697923161182444
0.20649224519729614,0.0939832329750061,0.1471870181336999,0.07937349619530142,0.03867359198214736,0.012697923161182444
0.21920521557331085,0.1047777608036995,0.1471870181336999,0.07937349619530142,0.03867359198214736,0.012697923161182444
0.08670739829540253,0.0583944171667099,0.1471870181336999,0.07937349619530142,0.03867359198214736,0.012697923161182444
0.1611625999212265,0.07784248143434525,0.1471870181336999,0.07937349619530142,0.03867359198214736,0.012697923161182444
0.17831668257713318,0.08530175685882568,0.1471870181336999,0.07937349619530142,0.03867359198214736,0.012697923161182444
0.10600493103265762,0.06575512140989304,0.1471870181336999,0.07937349619530142,0.03867359198214736,0.012697923161182444
0.12171430885791779,0.07287179678678513,0.1471870181336999,0.07937349619530142,0.03867359198214736,0.012697923161182444
0.08314672112464905,0.056227874010801315,0.1471870181336999,0.07937349619530142,0.03867359198214736,0.012697923161182444
0.11929189413785934,0.0741187036037445,0.1471870181336999,0.07937349619530142,0.03867359198214736,0.012697923161182444
0.12461518496274948,0.07376425713300705,0.1471870181336999,0.07937349619530142,0.03867359198214736,0.012697923161182444
0.1467769891023636,0.07673747092485428,0.1471870181336999,0.07937349619530142,0.03867359198214736,0.012697923161182444
0.20811580121517181,0.0982632040977478,0.1471870181336999,0.07937349619530142,0.03867359198214736,0.012697923161182444
0.1784929633140564,0.08755207806825638,0.1471870181336999,0.07937349619530142,0.03867359198214736,0.012697923161182444
0.15916986763477325,0.08434261381626129,0.1471870181336999,0.07937349619530142,0.03867359198214736,0.012697923161182444
0.10709204524755478,0.06745562702417374,0.1471870181336999,0.07937349619530142,0.03867359198214736,0.012697923161182444
0.15473033487796783,0.08202733099460602,0.1471870181336999,0.07937349619530142,0.03867359198214736,0.012697923161182444
0.16889777779579163,0.08055440336465836,0.1471870181336999,0.07937349619530142,0.03867359198214736,0.012697923161182444
0.15555903315544128,0.07543763518333435,0.1471870181336999,0.07937349619530142,0.03867359198214736,0.012697923161182444
0.1493079662322998,0.07817313075065613,0.1471870181336999,0.07937349619530142,0.03867359198214736,0.012697923161182444
0.13884401321411133,0.07827094197273254,0.1471870181336999,0.07937349619530142,0.03867359198214736,0.012697923161182444
0.13604721426963806,0.07882346957921982,0.1471870181336999,0.07937349619530142,0.03867359198214736,0.012697923161182444
0.173048198223114,0.08417066931724548,0.1471870181336999,0.07937349619530142,0.03867359198214736,0.012697923161182444
0.1619558483362198,0.08095376193523407,0.1471870181336999,0.07937349619530142,0.03867359198214736,0.012697923161182444
0.1884644329547882,0.09238064289093018,0.1471870181336999,0.07937349619530142,0.03867359198214736,0.012697923161182444
0.15978054702281952,0.07906971871852875,0.1471870181336999,0.07937349619530142,0.03867359198214736,0.012697923161182444
0.16393916308879852,0.07879505306482315,0.1471870181336999,0.07937349619530142,0.03867359198214736,0.012697923161182444
0.09501767158508301,0.06251052021980286,0.1471870181336999,0.07937349619530142,0.03867359198214736,0.012697923161182444
0.11449199169874191,0.06868740916252136,0.1471870181336999,0.07937349619530142,0.03867359198214736,0.012697923161182444
0.19231079518795013,0.0985337346792221,0.1471870181336999,0.07937349619530142,0.03867359198214736,0.012697923161182444
0.12600581347942352,0.07276243716478348,0.1471870181336999,0.07937349619530142,0.03867359198214736,0.012697923161182444
0.12276867032051086,0.07221314311027527,0.1471870181336999,0.07937349619530142,0.03867359198214736,0.012697923161182444
0.12885446846485138,0.07327096164226532,0.1471870181336999,0.07937349619530142,0.03867359198214736,0.012697923161182444
0.1258334219455719,0.07151634246110916,0.1471870181336999,0.07937349619530142,0.03867359198214736,0.012697923161182444
0.18843971192836761,0.09439975768327713,0.1471870181336999,0.07937349619530142,0.03867359198214736,0.012697923161182444
0.0942516028881073,0.06362062692642212,0.1471870181336999,0.07937349619530142,0.03867359198214736,0.012697923161182444
0.19424186646938324,0.09393169730901718,0.1471870181336999,0.07937349619530142,0.03867359198214736,0.012697923161182444
0.14797614514827728,0.07586327195167542,0.1471870181336999,0.07937349619530142,0.03867359198214736,0.012697923161182444
0.16599497199058533,0.0853295549750328,0.1471870181336999,0.07937349619530142,0.03867359198214736,0.012697923161182444
0.06983114033937454,0.05399172008037567,0.1471870181336999,0.07937349619530142,0.03867359198214736,0.012697923161182444
0.12783046066761017,0.0695863887667656,0.1471870181336999,0.07937349619530142,0.03867359198214736,0.012697923161182444
0.16702768206596375,0.0833268016576767,0.1471870181336999,0.07937349619530142,0.03867359198214736,0.012697923161182444
0.16264158487319946,0.08287647366523743,0.1471870181336999,0.07937349619530142,0.03867359198214736,0.012697923161182444
0.0911346897482872,0.06585473567247391,0.1471870181336999,0.07937349619530142,0.03867359198214736,0.012697923161182444
0.12257155776023865,0.07481270283460617,0.1471870181336999,0.07937349619530142,0.03867359198214736,0.012697923161182444
0.0841861292719841,0.0663035437464714,0.1471870181336999,0.07937349619530142,0.03867359198214736,0.012697923161182444
0.14977246522903442,0.07615624368190765,0.1471870181336999,0.07937349619530142,0.03867359198214736,0.012697923161182444
0.11813592165708542,0.07036855071783066,0.1471870181336999,0.07937349619530142,0.03867359198214736,0.012697923161182444
0.1589890867471695,0.08180537074804306,0.1471870181336999,0.07937349619530142,0.03867359198214736,0.012697923161182444
0.1656884253025055,0.08240198343992233,0.1471870181336999,0.07937349619530142,0.03867359198214736,0.012697923161182444
0.10406573116779327,0.06854020804166794,0.1471870181336999,0.07937349619530142,0.03867359198214736,0.012697923161182444
0.13384093344211578,0.07600444555282593,0.1471870181336999,0.07937349619530142,0.03867359198214736,0.012697923161182444
0.17239636182785034,0.08798248320817947,0.1471870181336999,0.07937349619530142,0.03867359198214736,0.012697923161182444
0.08734128624200821,0.06355071067810059,0.1471870181336999,0.07937349619530142,0.03867359198214736,0.012697923161182444
0.1348900943994522,0.07349295169115067,0.1471870181336999,0.07937349619530142,0.03867359198214736,0.012697923161182444
0.12733151018619537,0.06890413165092468,0.1471870181336999,0.07937349619530142,0.03867359198214736,0.012697923161182444
0.07281477749347687,0.057559482753276825,0.1471870181336999,0.07937349619530142,0.03867359198214736,0.012697923161182444
0.14523853361606598,0.07757831364870071,0.1471870181336999,0.07937349619530142,0.03867359198214736,0.012697923161182444
0.1496683955192566,0.08087315410375595,0.1471870181336999,0.07937349619530142,0.03867359198214736,0.012697923161182444
0.17231222987174988,0.08565673232078552,0.1471870181336999,0.07937349619530142,0.03867359198214736,0.012697923161182444
0.16522102057933807,0.08386904001235962,0.1471870181336999,0.07937349619530142,0.03867359198214736,0.012697923161182444
0.09389711916446686,0.06465692073106766,0.1471870181336999,0.07937349619530142,0.03867359198214736,0.012697923161182444
0.16045497357845306,0.08055932819843292,0.1471870181336999,0.07937349619530142,0.03867359198214736,0.012697923161182444
0.1480441838502884,0.07715556770563126,0.1471870181336999,0.07937349619530142,0.03867359198214736,0.012697923161182444
0.15673097968101501,0.0794907659292221,0.1471870181336999,0.07937349619530142,0.03867359198214736,0.012697923161182444
0.119144968688488,0.0714312344789505,0.1471870181336999,0.07937349619530142,0.03867359198214736,0.012697923161182444
0.20900756120681763,0.10038159787654877,0.1471870181336999,0.07937349619530142,0.03867359198214736,0.012697923161182444
0.08956629037857056,0.06594554334878922,0.1471870181336999,0.07937349619530142,0.03867359198214736,0.012697923161182444
0.14204850792884827,0.07016678154468536,0.1471870181336999,0.07937349619530142,0.03867359198214736,0.012697923161182444
0.23410992324352264,0.11354108899831772,0.1471870181336999,0.07937349619530142,0.03867359198214736,0.012697923161182444
0.20570062100887299,0.09774984419345856,0.1471870181336999,0.07937349619530142,0.03867359198214736,0.012697923161182444
0.09093763679265976,0.06567944586277008,0.1471870181336999,0.07937349619530142,0.03867359198214736,0.012697923161182444
0.0934305414557457,0.06393615156412125,0.1471870181336999,0.07937349619530142,0.03867359198214736,0.012697923161182444
0.19007469713687897,0.09270531684160233,0.1471870181336999,0.07937349619530142,0.03867359198214736,0.012697923161182444
0.20137636363506317,0.09852688759565353,0.1471870181336999,0.07937349619530142,0.03867359198214736,0.012697923161182444
0.19422757625579834,0.09018599987030029,0.1471870181336999,0.07937349619530142,0.03867359198214736,0.012697923161182444
0.11236031353473663,0.07205919921398163,0.1471870181336999,0.07937349619530142,0.03867359198214736,0.012697923161182444
0.15788207948207855,0.08057498186826706,0.1471870181336999,0.07937349619530142,0.03867359198214736,0.012697923161182444
0.08032199740409851,0.06205419450998306,0.1471870181336999,0.07937349619530142,0.03867359198214736,0.012697923161182444
0.11103270202875137,0.06327226758003235,0.1471870181336999,0.07937349619530142,0.03867359198214736,0.012697923161182444
0.1535538285970688,0.08191002160310745,0.1471870181336999,0.07937349619530142,0.03867359198214736,0.012697923161182444
0.13595156371593475,0.07464168220758438,0.1471870181336999,0.07937349619530142,0.03867359198214736,0.012697923161182444
0.10283804684877396,0.06782764196395874,0.1471870181336999,0.07937349619530142,0.03867359198214736,0.012697923161182444
0.1120864599943161,0.07253193855285645,0.1471870181336999,0.07937349619530142,0.03867359198214736,0.012697923161182444
0.20097596943378448,0.092305988073349,0.1471870181336999,0.07937349619530142,0.03867359198214736,0.012697923161182444
0.09536993503570557,0.06286703795194626,0.1471870181336999,0.07937349619530142,0.03867359198214736,0.012697923161182444
0.1158985048532486,0.07069883495569229,0.1471870181336999,0.07937349619530142,0.03867359198214736,0.012697923161182444
0.09127040207386017,0.06552925705909729,0.1471870181336999,0.07937349619530142,0.03867359198214736,0.012697923161182444
0.1085093766450882,0.071579709649086,0.1471870181336999,0.07937349619530142,0.03867359198214736,0.012697923161182444
0.2229117900133133,0.10971125960350037,0.1471870181336999,0.07937349619530142,0.03867359198214736,0.012697923161182444
0.14688871800899506,0.07916263490915298,0.1471870181336999,0.07937349619530142,0.03867359198214736,0.012697923161182444
0.20500598847866058,0.10051470994949341,0.1471870181336999,0.07937349619530142,0.03867359198214736,0.012697923161182444
0.1795978993177414,0.08981192111968994,0.1471870181336999,0.07937349619530142,0.03867359198214736,0.012697923161182444
0.11312109231948853,0.0642206221818924,0.1471870181336999,0.07937349619530142,0.03867359198214736,0.012697923161182444
0.15165415406227112,0.0765509232878685,0.1471870181336999,0.07937349619530142,0.03867359198214736,0.012697923161182444
0.12791325151920319,0.07552321255207062,0.1471870181336999,0.07937349619530142,0.03867359198214736,0.012697923161182444
0.13797661662101746,0.07358158379793167,0.1471870181336999,0.07937349619530142,0.03867359198214736,0.012697923161182444
0.13487973809242249,0.07567384093999863,0.1471870181336999,0.07937349619530142,0.03867359198214736,0.012697923161182444
0.14149926602840424,0.07753455638885498,0.1471870181336999,0.07937349619530142,0.03867359198214736,0.012697923161182444
0.11306671798229218,0.06334381550550461,0.1471870181336999,0.07937349619530142,0.03867359198214736,0.012697923161182444
0.22185832262039185,0.10875225812196732,0.1471870181336999,0.07937349619530142,0.03867359198214736,0.012697923161182444
0.17709635198116302,0.0840991884469986,0.1471870181336999,0.07937349619530142,0.03867359198214736,0.012697923161182444
0.13505923748016357,0.07653746008872986,0.1471870181336999,0.07937349619530142,0.03867359198214736,0.012697923161182444
0.1566396951675415,0.08885151892900467,0.1471870181336999,0.07937349619530142,0.03867359198214736,0.012697923161182444
0.14818789064884186,0.077932208776474,0.1471870181336999,0.07937349619530142,0.03867359198214736,0.012697923161182444
0.15227223932743073,0.07571171224117279,0.1471870181336999,0.07937349619530142,0.03867359198214736,0.012697923161182444
0.13088691234588623,0.071756511926651,0.1471870181336999,0.07937349619530142,0.03867359198214736,0.012697923161182444
0.14395830035209656,0.08269815891981125,0.1471870181336999,0.07937349619530142,0.03867359198214736,0.012697923161182444
0.21536459028720856,0.10668337345123291,0.1471870181336999,0.07937349619530142,0.03867359198214736,0.012697923161182444
0.16864430904388428,0.08557449281215668,0.1471870181336999,0.07937349619530142,0.03867359198214736,0.012697923161182444
0.17743326723575592,0.08708813786506653,0.1471870181336999,0.07937349619530142,0.03867359198214736,0.012697923161182444
0.12392006814479828,0.07476503401994705,0.1471870181336999,0.07937349619530142,0.03867359198214736,0.012697923161182444
0.18315044045448303,0.08947734534740448,0.1471870181336999,0.07937349619530142,0.03867359198214736,0.012697923161182444
0.17902278900146484,0.09449168294668198,0.1471870181336999,0.07937349619530142,0.03867359198214736,0.012697923161182444
0.18513017892837524,0.0839015394449234,0.1471870181336999,0.07937349619530142,0.03867359198214736,0.012697923161182444
0.14905306696891785,0.08035711199045181,0.1471870181336999,0.07937349619530142,0.03867359198214736,0.012697923161182444
0.13312482833862305,0.07651828974485397,0.1471870181336999,0.07937349619530142,0.03867359198214736,0.012697923161182444
0.17176292836666107,0.08423472195863724,0.1471870181336999,0.07937349619530142,0.03867359198214736,0.012697923161182444
0.18692776560783386,0.0912301316857338,0.1471870181336999,0.07937349619530142,0.03867359198214736,0.012697923161182444
0.1179652139544487,0.07126042246818542,0.1471870181336999,0.07937349619530142,0.03867359198214736,0.012697923161182444
0.11803461611270905,0.06959247589111328,0.1471870181336999,0.07937349619530142,0.03867359198214736,0.012697923161182444
0.13531602919101715,0.07176990061998367,0.1471870181336999,0.07937349619530142,0.03867359198214736,0.012697923161182444
0.10190220177173615,0.06921647489070892,0.1471870181336999,0.07937349619530142,0.03867359198214736,0.012697923161182444
0.12269795686006546,0.06923588365316391,0.1471870181336999,0.07937349619530142,0.03867359198214736,0.012697923161182444
0.09806624799966812,0.06948942691087723,0.1471870181336999,0.07937349619530142,0.03867359198214736,0.012697923161182444
0.1505003124475479,0.0836101770401001,0.1471870181336999,0.07937349619530142,0.03867359198214736,0.012697923161182444
0.12239454686641693,0.07450945675373077,0.1471870181336999,0.07937349619530142,0.03867359198214736,0.012697923161182444
0.1587989330291748,0.08012650907039642,0.1471870181336999,0.07937349619530142,0.03867359198214736,0.012697923161182444
0.13002564013004303,0.07425732910633087,0.1471870181336999,0.07937349619530142,0.03867359198214736,0.012697923161182444
0.1369500458240509,0.07542940974235535,0.1471870181336999,0.07937349619530142,0.03867359198214736,0.012697923161182444
0.16695699095726013,0.09380495548248291,0.1471870181336999,0.07937349619530142,0.03867359198214736,0.012697923161182444
0.08962993323802948,0.06394112855195999,0.1471870181336999,0.07937349619530142,0.03867359198214736,0.012697923161182444
0.19211676716804504,0.09306015819311142,0.1471870181336999,0.07937349619530142,0.03867359198214736,0.012697923161182444
0.16568982601165771,0.08551251143217087,0.1471870181336999,0.07937349619530142,0.03867359198214736,0.012697923161182444
0.15749968588352203,0.07723835855722427,0.1471870181336999,0.07937349619530142,0.03867359198214736,0.012697923161182444
0.10382060706615448,0.06438153237104416,0.1471870181336999,0.07937349619530142,0.03867359198214736,0.012697923161182444
0.15442462265491486,0.08062917739152908,0.1471870181336999,0.07937349619530142,0.03867359198214736,0.012697923161182444
0.18155613541603088,0.09080027788877487,0.1471870181336999,0.07937349619530142,0.03867359198214736,0.012697923161182444
0.1687210202217102,0.08582042157649994,0.1471870181336999,0.07937349619530142,0.03867359198214736,0.012697923161182444
0.13306351006031036,0.07025545835494995,0.1471870181336999,0.07937349619530142,0.03867359198214736,0.012697923161182444
0.2001945525407791,0.09229423850774765,0.1471870181336999,0.07937349619530142,0.03867359198214736,0.012697923161182444
0.1489371508359909,0.07871557772159576,0.1471870181336999,0.07937349619530142,0.03867359198214736,0.012697923161182444
0.11475526541471481,0.06829163432121277,0.1471870181336999,0.07937349619530142,0.03867359198214736,0.012697923161182444
0.2256508469581604,0.10396265238523483,0.1471870181336999,0.07937349619530142,0.03867359198214736,0.012697923161182444
0.09642507135868073,0.06608988344669342,0.1471870181336999,0.07937349619530142,0.03867359198214736,0.012697923161182444
0.1910277158021927,0.09462109953165054,0.1471870181336999,0.07937349619530142,0.03867359198214736,0.012697923161182444
0.15591034293174744,0.07694907486438751,0.1471870181336999,0.07937349619530142,0.03867359198214736,0.012697923161182444
0.08759961277246475,0.06551257520914078,0.1471870181336999,0.07937349619530142,0.03867359198214736,0.012697923161182444
0.16051912307739258,0.08080629259347916,0.1471870181336999,0.07937349619530142,0.03867359198214736,0.012697923161182444
0.16944481432437897,0.08204790204763412,0.1471870181336999,0.07937349619530142,0.03867359198214736,0.012697923161182444
0.11806554347276688,0.07082726061344147,0.1471870181336999,0.07937349619530142,0.03867359198214736,0.012697923161182444
0.15407636761665344,0.07877672463655472,0.1471870181336999,0.07937349619530142,0.03867359198214736,0.012697923161182444
0.10729213058948517,0.06892934441566467,0.1471870181336999,0.07937349619530142,0.03867359198214736,0.012697923161182444
0.1778251975774765,0.08474570512771606,0.1471870181336999,0.07937349619530142,0.03867359198214736,0.012697923161182444
0.10220843553543091,0.06846556067466736,0.1471870181336999,0.07937349619530142,0.03867359198214736,0.012697923161182444
0.08798964321613312,0.060327429324388504,0.1471870181336999,0.07937349619530142,0.03867359198214736,0.012697923161182444
0.1647682636976242,0.08818425983190536,0.1471870181336999,0.07937349619530142,0.03867359198214736,0.012697923161182444
0.169607013463974,0.08675920963287354,0.1471870181336999,0.07937349619530142,0.03867359198214736,0.012697923161182444
0.07795248925685883,0.058434274047613144,0.1471870181336999,0.07937349619530142,0.03867359198214736,0.012697923161182444
0.15911108255386353,0.08810989558696747,0.1471870181336999,0.07937349619530142,0.03867359198214736,0.012697923161182444
0.09375787526369095,0.06124285236001015,0.1471870181336999,0.07937349619530142,0.03867359198214736,0.012697923161182444
0.09529004991054535,0.06608851999044418,0.1471870181336999,0.07937349619530142,0.03867359198214736,0.012697923161182444
0.17230501770973206,0.08421812951564789,0.1471870181336999,0.07937349619530142,0.03867359198214736,0.012697923161182444
0.17390866577625275,0.08656781166791916,0.1471870181336999,0.07937349619530142,0.03867359198214736,0.012697923161182444
0.18953421711921692,0.09532152861356735,0.1471870181336999,0.07937349619530142,0.03867359198214736,0.012697923161182444
0.14647044241428375,0.07904186099767685,0.1471870181336999,0.07937349619530142,0.03867359198214736,0.012697923161182444
0.09083089232444763,0.06656596064567566,0.1471870181336999,0.07937349619530142,0.03867359198214736,0.012697923161182444
0.19540531933307648,0.09636711329221725,0.1471870181336999,0.07937349619530142,0.03867359198214736,0.012697923161182444
0.17998141050338745,0.09055671840906143,0.1471870181336999,0.07937349619530142,0.03867359198214736,0.012697923161182444
0.1632280796766281,0.07804621011018753,0.1471870181336999,0.07937349619530142,0.03867359198214736,0.012697923161182444
0.12251453846693039,0.07395302504301071,0.1471870181336999,0.07937349619530142,0.03867359198214736,0.012697923161182444
0.147478386759758,0.08030696213245392,0.1471870181336999,0.07937349619530142,0.03867359198214736,0.012697923161182444
0.19538332521915436,0.09807335585355759,0.1471870181336999,0.07937349619530142,0.03867359198214736,0.012697923161182444
0.16906151175498962,0.08161868155002594,0.1471870181336999,0.07937349619530142,0.03867359198214736,0.012697923161182444
0.14951643347740173,0.07969378679990768,0.1471870181336999,0.07937349619530142,0.03867359198214736,0.012697923161182444
0.10244963318109512,0.06998006254434586,0.1471870181336999,0.07937349619530142,0.03867359198214736,0.012697923161182444
0.09905651211738586,0.06627660244703293,0.1471870181336999,0.07937349619530142,0.03867359198214736,0.012697923161182444
0.18911872804164886,0.09390189498662949,0.1471870181336999,0.07937349619530142,0.03867359198214736,0.012697923161182444
0.1678527444601059,0.08371029794216156,0.1471870181336999,0.07937349619530142,0.03867359198214736,0.012697923161182444
0.15494661033153534,0.07714769244194031,0.1471870181336999,0.07937349619530142,0.03867359198214736,0.012697923161182444
0.17904944717884064,0.08498106896877289,0.1471870181336999,0.07937349619530142,0.03867359198214736,0.012697923161182444
0.2086949348449707,0.10402361303567886,0.1471870181336999,0.07937349619530142,0.03867359198214736,0.012697923161182444
0.12290485948324203,0.07128150016069412,0.1471870181336999,0.07937349619530142,0.03867359198214736,0.012697923161182444
0.22912779450416565,0.11436417698860168,0.1471870181336999,0.07937349619530142,0.03867359198214736,0.012697923161182444
0.20244817435741425,0.10129363089799881,0.1471870181336999,0.07937349619530142,0.03867359198214736,0.012697923161182444
0.1729499101638794,0.08534529060125351,0.1471870181336999,0.07937349619530142,0.03867359198214736,0.012697923161182444
0.1249331533908844,0.07080569863319397,0.1471870181336999,0.07937349619530142,0.03867359198214736,0.012697923161182444
0.1899176687002182,0.09255337715148926,0.1471870181336999,0.07937349619530142,0.03867359198214736,0.012697923161182444
0.1874724179506302,0.09076492488384247,0.1471870181336999,0.07937349619530142,0.03867359198214736,0.012697923161182444
0.20526443421840668,0.0999932810664177,0.1471870181336999,0.07937349619530142,0.03867359198214736,0.012697923161182444
0.16469593346118927,0.08627856522798538,0.1471870181336999,0.07937349619530142,0.03867359198214736,0.012697923161182444
0.1679059863090515,0.08162710815668106,0.1471870181336999,0.07937349619530142,0.03867359198214736,0.012697923161182444
0.17144720256328583,0.083949014544487,0.1471870181336999,0.07937349619530142,0.03867359198214736,0.012697923161182444
0.11612982302904129,0.06829813122749329,0.1471870181336999,0.07937349619530142,0.03867359198214736,0.012697923161182444
0.18895681202411652,0.09358490258455276,0.1471870181336999,0.07937349619530142,0.03867359198214736,0.012697923161182444
0.0914599820971489,0.06260580569505692,0.1471870181336999,0.07937349619530142,0.03867359198214736,0.012697923161182444
0.0874403864145279,0.06338900327682495,0.1471870181336999,0.07937349619530142,0.03867359198214736,0.012697923161182444
0.14552949368953705,0.07685976475477219,0.1471870181336999,0.07937349619530142,0.03867359198214736,0.012697923161182444
0.14973673224449158,0.07672734558582306,0.1471870181336999,0.07937349619530142,0.03867359198214736,0.012697923161182444
0.16210290789604187,0.07947500795125961,0.1471870181336999,0.07937349619530142,0.03867359198214736,0.012697923161182444
0.2095884084701538,0.0955575704574585,0.1471870181336999,0.07937349619530142,0.03867359198214736,0.012697923161182444
0.13334721326828003,0.07179879397153854,0.1471870181336999,0.07937349619530142,0.03867359198214736,0.012697923161182444
0.13321463763713837,0.07677772641181946,0.1471870181336999,0.07937349619530142,0.03867359198214736,0.012697923161182444
0.10614598542451859,0.06742735207080841,0.1471870181336999,0.07937349619530142,0.03867359198214736,0.012697923161182444
0.105012908577919,0.06485209614038467,0.1471870181336999,0.07937349619530142,0.03867359198214736,0.012697923161182444
0.16907639801502228,0.08427296578884125,0.1471870181336999,0.07937349619530142,0.03867359198214736,0.012697923161182444
0.1751498430967331,0.0872165858745575,0.1471870181336999,0.07937349619530142,0.03867359198214736,0.012697923161182444
0.1686832755804062,0.08553348481655121,0.1471870181336999,0.07937349619530142,0.03867359198214736,0.012697923161182444
0.1970163881778717,0.09597218036651611,0.1471870181336999,0.07937349619530142,0.03867359198214736,0.012697923161182444
0.09704258292913437,0.06434454768896103,0.1471870181336999,0.07937349619530142,0.03867359198214736,0.012697923161182444
0.12912307679653168,0.07225871831178665,0.1471870181336999,0.07937349619530142,0.03867359198214736,0.012697923161182444
0.12942945957183838,0.071570985019207,0.1471870181336999,0.07937349619530142,0.03867359198214736,0.012697923161182444
0.10852079838514328,0.06464274972677231,0.1471870181336999,0.07937349619530142,0.03867359198214736,0.012697923161182444
0.18545223772525787,0.09040425717830658,0.1471870181336999,0.07937349619530142,0.03867359198214736,0.012697923161182444
0.15839393436908722,0.08063728362321854,0.1471870181336999,0.07937349619530142,0.03867359198214736,0.012697923161182444
0.07861584424972534,0.062090180814266205,0.1471870181336999,0.07937349619530142,0.03867359198214736,0.012697923161182444
0.15449947118759155,0.0787210687994957,0.1471870181336999,0.07937349619530142,0.03867359198214736,0.012697923161182444
0.2194167673587799,0.10486584901809692,0.1471870181336999,0.07937349619530142,0.03867359198214736,0.012697923161182444
0.1955834925174713,0.09188410639762878,0.1471870181336999,0.07937349619530142,0.03867359198214736,0.012697923161182444
0.15018253028392792,0.07677704840898514,0.1471870181336999,0.07937349619530142,0.03867359198214736,0.012697923161182444
0.16027291119098663,0.07978367805480957,0.1471870181336999,0.07937349619530142,0.03867359198214736,0.012697923161182444
0.1771543025970459,0.0818294882774353,0.1471870181336999,0.07937349619530142,0.03867359198214736,0.012697923161182444
0.14526520669460297,0.07570012658834457,0.1471870181336999,0.07937349619530142,0.03867359198214736,0.012697923161182444
0.11097671836614609,0.06902582943439484,0.1471870181336999,0.07937349619530142,0.03867359198214736,0.012697923161182444
0.17285923659801483,0.08898674696683884,0.1471870181336999,0.07937349619530142,0.03867359198214736,0.012697923161182444
0.12330963462591171,0.07453636825084686,0.1471870181336999,0.07937349619530142,0.03867359198214736,0.012697923161182444
0.07148394733667374,0.057748615741729736,0.1471870181336999,0.07937349619530142,0.03867359198214736,0.012697923161182444
0.08405447751283646,0.061958007514476776,0.1471870181336999,0.07937349619530142,0.03867359198214736,0.012697923161182444
0.14789611101150513,0.07782290875911713,0.1471870181336999,0.07937349619530142,0.03867359198214736,0.012697923161182444
0.21153822541236877,0.10138508677482605,0.1471870181336999,0.07937349619530142,0.03867359198214736,0.012697923161182444
0.16792847216129303,0.08482282608747482,0.1471870181336999,0.07937349619530142,0.03867359198214736,0.012697923161182444
0.12925907969474792,0.07626707851886749,0.1471870181336999,0.07937349619530142,0.03867359198214736,0.012697923161182444
0.10163046419620514,0.06883479654788971,0.1471870181336999,0.07937349619530142,0.03867359198214736,0.012697923161182444
0.1096123680472374,0.06625709682703018,0.1471870181336999,0.07937349619530142,0.03867359198214736,0.012697923161182444
0.14609239995479584,0.08358354866504669,0.1471870181336999,0.07937349619530142,0.03867359198214736,0.012697923161182444
0.147103950381279,0.08018890023231506,0.1471870181336999,0.07937349619530142,0.03867359198214736,0.012697923161182444
0.167877197265625,0.08319360762834549,0.1471870181336999,0.07937349619530142,0.03867359198214736,0.012697923161182444
0.17523880302906036,0.0845538079738617,0.1471870181336999,0.07937349619530142,0.03867359198214736,0.012697923161182444
0.1329699456691742,0.06939123570919037,0.1471870181336999,0.07937349619530142,0.03867359198214736,0.012697923161182444
0.08082254976034164,0.05936788022518158,0.1471870181336999,0.07937349619530142,0.03867359198214736,0.012697923161182444
0.07433852553367615,0.056652676314115524,0.1471870181336999,0.07937349619530142,0.03867359198214736,0.012697923161182444
0.13009771704673767,0.0700177252292633,0.1471870181336999,0.07937349619530142,0.03867359198214736,0.012697923161182444
0.15073207020759583,0.07384807616472244,0.1471870181336999,0.07937349619530142,0.03867359198214736,0.012697923161182444
0.13444580137729645,0.07753472775220871,0.1471870181336999,0.07937349619530142,0.03867359198214736,0.012697923161182444
0.15441396832466125,0.07843486219644547,0.1471870181336999,0.07937349619530142,0.03867359198214736,0.012697923161182444
0.12608379125595093,0.07174906134605408,0.1471870181336999,0.07937349619530142,0.03867359198214736,0.012697923161182444
0.08595443516969681,0.062686026096344,0.1471870181336999,0.07937349619530142,0.03867359198214736,0.012697923161182444
0.16824154555797577,0.08056096732616425,0.1471870181336999,0.07937349619530142,0.03867359198214736,0.012697923161182444
0.07222259044647217,0.05804111436009407,0.1471870181336999,0.07937349619530142,0.03867359198214736,0.012697923161182444
0.1588669717311859,0.08177931606769562,0.1471870181336999,0.07937349619530142,0.03867359198214736,0.012697923161182444
0.10350018739700317,0.06826605647802353,0.1471870181336999,0.07937349619530142,0.03867359198214736,0.012697923161182444
0.16455072164535522,0.07908397912979126,0.1471870181336999,0.07937349619530142,0.03867359198214736,0.012697923161182444
0.09174266457557678,0.06586024910211563,0.1471870181336999,0.07937349619530142,0.03867359198214736,0.012697923161182444
0.09480065852403641,0.06476730853319168,0.1471870181336999,0.07937349619530142,0.03867359198214736,0.012697923161182444
0.17116422951221466,0.0855693370103836,0.1471870181336999,0.07937349619530142,0.03867359198214736,0.012697923161182444
0.171556293964386,0.0940825343132019,0.1471870181336999,0.07937349619530142,0.03867359198214736,0.012697923161182444
0.13088105618953705,0.07548340409994125,0.1471870181336999,0.07937349619530142,0.03867359198214736,0.012697923161182444
0.13431516289710999,0.06819191575050354,0.1471870181336999,0.07937349619530142,0.03867359198214736,0.012697923161182444
0.22232630848884583,0.10712078213691711,0.1471870181336999,0.07937349619530142,0.03867359198214736,0.012697923161182444
0.11917880922555923,0.07394425570964813,0.1471870181336999,0.07937349619530142,0.03867359198214736,0.012697923161182444
0.20986120402812958,0.10253302752971649,0.1471870181336999,0.07937349619530142,0.03867359198214736,0.012697923161182444
0.13060082495212555,0.06999830901622772,0.1471870181336999,0.07937349619530142,0.03867359198214736,0.012697923161182444
0.13373281061649323,0.07103536278009415,0.1471870181336999,0.07937349619530142,0.03867359198214736,0.012697923161182444
0.1354869157075882,0.0714791938662529,0.1471870181336999,0.07937349619530142,0.03867359198214736,0.012697923161182444
0.08096106350421906,0.061025187373161316,0.1471870181336999,0.07937349619530142,0.03867359198214736,0.012697923161182444
0.19750376045703888,0.09776775538921356,0.1471870181336999,0.07937349619530142,0.03867359198214736,0.012697923161182444
0.1365046501159668,0.06991257518529892,0.1471870181336999,0.07937349619530142,0.03867359198214736,0.012697923161182444
0.1404075026512146,0.08023972809314728,0.1471870181336999,0.07937349619530142,0.03867359198214736,0.012697923161182444
0.09779061377048492,0.07112396508455276,0.1471870181336999,0.07937349619530142,0.03867359198214736,0.012697923161182444
0.10779237747192383,0.06494114547967911,0.1471870181336999,0.07937349619530142,0.03867359198214736,0.012697923161182444
0.17159797251224518,0.0824064090847969,0.1471870181336999,0.07937349619530142,0.03867359198214736,0.012697923161182444
0.1622343808412552,0.08499851077795029,0.1471870181336999,0.07937349619530142,0.03867359198214736,0.012697923161182444
0.14068688452243805,0.08362779021263123,0.1471870181336999,0.07937349619530142,0.03867359198214736,0.012697923161182444
0.17777608335018158,0.0849604457616806,0.1471870181336999,0.07937349619530142,0.03867359198214736,0.012697923161182444
0.08792106062173843,0.06848066300153732,0.1471870181336999,0.07937349619530142,0.03867359198214736,0.012697923161182444
0.1379195749759674,0.06839267909526825,0.1471870181336999,0.07937349619530142,0.03867359198214736,0.012697923161182444
0.07136544585227966,0.05450059473514557,0.1471870181336999,0.07937349619530142,0.03867359198214736,0.012697923161182444
0.11609942466020584,0.06978273391723633,0.1471870181336999,0.07937349619530142,0.03867359198214736,0.012697923161182444
0.18802934885025024,0.092896468937397,0.1471870181336999,0.07937349619530142,0.03867359198214736,0.012697923161182444
0.11972527951002121,0.07457607239484787,0.1471870181336999,0.07937349619530142,0.03867359198214736,0.012697923161182444
0.1379081755876541,0.07794173061847687,0.1471870181336999,0.07937349619530142,0.03867359198214736,0.012697923161182444
0.1531934291124344,0.07881943136453629,0.1471870181336999,0.07937349619530142,0.03867359198214736,0.012697923161182444
0.11314135044813156,0.06990629434585571,0.1471870181336999,0.07937349619530142,0.03867359198214736,0.012697923161182444
0.1611870378255844,0.08016606420278549,0.1471870181336999,0.07937349619530142,0.03867359198214736,0.012697923161182444
0.11304432898759842,0.07299932092428207,0.1471870181336999,0.07937349619530142,0.03867359198214736,0.012697923161182444
0.16091813147068024,0.07903938740491867,0.1471870181336999,0.07937349619530142,0.03867359198214736,0.012697923161182444
0.13906586170196533,0.07257788628339767,0.1471870181336999,0.07937349619530142,0.03867359198214736,0.012697923161182444
0.17317384481430054,0.0923713818192482,0.1471870181336999,0.07937349619530142,0.03867359198214736,0.012697923161182444
0.12484157830476761,0.07218793034553528,0.1471870181336999,0.07937349619530142,0.03867359198214736,0.012697923161182444
0.10779479146003723,0.06285931169986725,0.1471870181336999,0.07937349619530142,0.03867359198214736,0.012697923161182444
0.1976328194141388,0.09807770699262619,0.1471870181336999,0.07937349619530142,0.03867359198214736,0.012697923161182444
0.10984275490045547,0.06878530979156494,0.1471870181336999,0.07937349619530142,0.03867359198214736,0.012697923161182444
0.12131752073764801,0.07275093346834183,0.1471870181336999,0.07937349619530142,0.03867359198214736,0.012697923161182444
0.14925067126750946,0.07796848565340042,0.1471870181336999,0.07937349619530142,0.03867359198214736,0.012697923161182444
0.16350136697292328,0.08524336665868759,0.1471870181336999,0.07937349619530142,0.03867359198214736,0.012697923161182444
0.20170585811138153,0.09711680561304092,0.1471870181336999,0.07937349619530142,0.03867359198214736,0.012697923161182444
0.15404444932937622,0.07838030159473419,0.1471870181336999,0.07937349619530142,0.03867359198214736,0.012697923161182444
0.22618241608142853,0.11001460999250412,0.1471870181336999,0.07937349619530142,0.03867359198214736,0.012697923161182444
0.10270676016807556,0.0695672482252121,0.1471870181336999,0.07937349619530142,0.03867359198214736,0.012697923161182444
0.20399580895900726,0.0940534770488739,0.1471870181336999,0.07937349619530142,0.03867359198214736,0.012697923161182444
0.13332577049732208,0.06942619383335114,0.1471870181336999,0.07937349619530142,0.03867359198214736,0.012697923161182444
0.08530678600072861,0.06485532969236374,0.1471870181336999,0.07937349619530142,0.03867359198214736,0.012697923161182444
0.22840772569179535,0.11198602616786957,0.1471870181336999,0.07937349619530142,0.03867359198214736,0.012697923161182444
0.20459945499897003,0.0980171486735344,0.1471870181336999,0.07937349619530142,0.03867359198214736,0.012697923161182444
0.1662624627351761,0.08338820934295654,0.1471870181336999,0.07937349619530142,0.03867359198214736,0.012697923161182444
0.13185814023017883,0.07500413060188293,0.1471870181336999,0.07937349619530142,0.03867359198214736,0.012697923161182444
0.1568833589553833,0.0765891894698143,0.1471870181336999,0.07937349619530142,0.03867359198214736,0.012697923161182444
0.1154584065079689,0.06670815497636795,0.1471870181336999,0.07937349619530142,0.03867359198214736,0.012697923161182444
0.1998959481716156,0.1031041145324707,0.1471870181336999,0.07937349619530142,0.03867359198214736,0.012697923161182444
0.1535063087940216,0.08324037492275238,0.1471870181336999,0.07937349619530142,0.03867359198214736,0.012697923161182444
0.1297290325164795,0.07550600171089172,0.1471870181336999,0.07937349619530142,0.03867359198214736,0.012697923161182444
0.16925497353076935,0.08096097409725189,0.1471870181336999,0.07937349619530142,0.03867359198214736,0.012697923161182444
0.13120044767856598,0.06862764805555344,0.1471870181336999,0.07937349619530142,0.03867359198214736,0.012697923161182444
0.13411344587802887,0.07635241001844406,0.1471870181336999,0.07937349619530142,0.03867359198214736,0.012697923161182444
0.1288454383611679,0.07244909554719925,0.1471870181336999,0.07937349619530142,0.03867359198214736,0.012697923161182444
0.12219654023647308,0.07148263603448868,0.1471870181336999,0.07937349619530142,0.03867359198214736,0.012697923161182444
0.15849268436431885,0.07968620210886002,0.1471870181336999,0.07937349619530142,0.03867359198214736,0.012697923161182444
0.10728543996810913,0.06795170158147812,0.1471870181336999,0.07937349619530142,0.03867359198214736,0.012697923161182444
0.1383848488330841,0.07407302409410477,0.1471870181336999,0.07937349619530142,0.03867359198214736,0.012697923161182444
0.14848436415195465,0.07687389850616455,0.1471870181336999,0.07937349619530142,0.03867359198214736,0.012697923161182444
0.1575940102338791,0.07684160023927689,0.1471870181336999,0.07937349619530142,0.03867359198214736,0.012697923161182444
0.18716125190258026,0.09409020096063614,0.1471870181336999,0.07937349619530142,0.03867359198214736,0.012697923161182444
0.07938198000192642,0.05927029997110367,0.1471870181336999,0.07937349619530142,0.03867359198214736,0.012697923161182444
0.1163494810461998,0.07057734578847885,0.1471870181336999,0.07937349619530142,0.03867359198214736,0.012697923161182444
0.1769704669713974,0.08484342694282532,0.1471870181336999,0.07937349619530142,0.03867359198214736,0.012697923161182444
0.11999206990003586,0.06723522394895554,0.1471870181336999,0.07937349619530142,0.03867359198214736,0.012697923161182444
0.16212615370750427,0.08571567386388779,0.1471870181336999,0.07937349619530142,0.03867359198214736,0.012697923161182444
0.18939881026744843,0.09386821836233139,0.1471870181336999,0.07937349619530142,0.03867359198214736,0.012697923161182444
0.20196278393268585,0.0973944291472435,0.1471870181336999,0.07937349619530142,0.03867359198214736,0.012697923161182444
0.21699535846710205,0.10970833897590637,0.1471870181336999,0.07937349619530142,0.03867359198214736,0.012697923161182444
0.16090306639671326,0.0801590159535408,0.1471870181336999,0.07937349619530142,0.03867359198214736,0.012697923161182444
0.20486697554588318,0.09614922106266022,0.1471870181336999,0.07937349619530142,0.03867359198214736,0.012697923161182444
0.09243743121623993,0.061656609177589417,0.1471870181336999,0.07937349619530142,0.03867359198214736,0.012697923161182444
0.1679086983203888,0.07855736464262009,0.1471870181336999,0.07937349619530142,0.03867359198214736,0.012697923161182444
0.13397954404354095,0.07761657983064651,0.1471870181336999,0.07937349619530142,0.03867359198214736,0.012697923161182444
0.14699195325374603,0.07200164347887039,0.1471870181336999,0.07937349619530142,0.03867359198214736,0.012697923161182444
0.11702574789524078,0.06713256984949112,0.1471870181336999,0.07937349619530142,0.03867359198214736,0.012697923161182444
0.22057391703128815,0.10768704116344452,0.1471870181336999,0.07937349619530142,0.03867359198214736,0.012697923161182444
0.17393799126148224,0.09263730049133301,0.1471870181336999,0.07937349619530142,0.03867359198214736,0.012697923161182444
0.15120172500610352,0.07469824701547623,0.1471870181336999,0.07937349619530142,0.03867359198214736,0.012697923161182444
0.14452902972698212,0.07839003205299377,0.1471870181336999,0.07937349619530142,0.03867359198214736,0.012697923161182444
0.1404450237751007,0.07567460089921951,0.1471870181336999,0.07937349619530142,0.03867359198214736,0.012697923161182444
0.14273326098918915,0.08223394304513931,0.1471870181336999,0.07937349619530142,0.03867359198214736,0.012697923161182444
0.14697358012199402,0.07603104412555695,0.1471870181336999,0.07937349619530142,0.03867359198214736,0.012697923161182444
0.12323569506406784,0.06628531962633133,0.1471870181336999,0.07937349619530142,0.03867359198214736,0.012697923161182444
0.21320775151252747,0.10430565476417542,0.1471870181336999,0.07937349619530142,0.03867359198214736,0.012697923161182444
0.08992908895015717,0.06869927793741226,0.1471870181336999,0.07937349619530142,0.03867359198214736,0.012697923161182444
0.21735908091068268,0.10865858197212219,0.1471870181336999,0.07937349619530142,0.03867359198214736,0.012697923161182444
0.122939832508564,0.0691104605793953,0.1471870181336999,0.07937349619530142,0.03867359198214736,0.012697923161182444
0.14153574407100677,0.07236997038125992,0.1471870181336999,0.07937349619530142,0.03867359198214736,0.012697923161182444
0.09203511476516724,0.06133156269788742,0.1471870181336999,0.07937349619530142,0.03867359198214736,0.012697923161182444
0.10560324788093567,0.0671386793255806,0.1471870181336999,0.07937349619530142,0.03867359198214736,0.012697923161182444
0.16030873358249664,0.07580329477787018,0.1471870181336999,0.07937349619530142,0.03867359198214736,0.012697923161182444
0.2225964069366455,0.10608433932065964,0.1471870181336999,0.07937349619530142,0.03867359198214736,0.012697923161182444
0.18324390053749084,0.09552320837974548,0.1471870181336999,0.07937349619530142,0.03867359198214736,0.012697923161182444
0.10954848676919937,0.07262344658374786,0.1471870181336999,0.07937349619530142,0.03867359198214736,0.012697923161182444
0.13188663125038147,0.069870226085186,0.1471870181336999,0.07937349619530142,0.03867359198214736,0.012697923161182444
0.12993864715099335,0.07175751775503159,0.1471870181336999,0.07937349619530142,0.03867359198214736,0.012697923161182444
0.15869390964508057,0.08837556838989258,0.1471870181336999,0.07937349619530142,0.03867359198214736,0.012697923161182444
0.18234899640083313,0.09139887988567352,0.1471870181336999,0.07937349619530142,0.03867359198214736,0.012697923161182444
0.17781808972358704,0.08376815915107727,0.1471870181336999,0.07937349619530142,0.03867359198214736,0.012697923161182444
0.10809879004955292,0.06954418867826462,0.1471870181336999,0.07937349619530142,0.03867359198214736,0.012697923161182444
0.19190660119056702,0.09435044974088669,0.1471870181336999,0.07937349619530142,0.03867359198214736,0.012697923161182444
0.16074848175048828,0.08151356875896454,0.1471870181336999,0.07937349619530142,0.03867359198214736,0.012697923161182444
0.14709867537021637,0.07429400831460953,0.1471870181336999,0.07937349619530142,0.03867359198214736,0.012697923161182444
0.09512236714363098,0.06386589258909225,0.1471870181336999,0.07937349619530142,0.03867359198214736,0.012697923161182444
0.12816756963729858,0.07744656503200531,0.1471870181336999,0.07937349619530142,0.03867359198214736,0.012697923161182444
0.17344839870929718,0.08652231842279434,0.1471870181336999,0.07937349619530142,0.03867359198214736,0.012697923161182444
0.12764616310596466,0.07087323814630508,0.1471870181336999,0.07937349619530142,0.03867359198214736,0.012697923161182444
0.21068379282951355,0.10146155208349228,0.1471870181336999,0.07937349619530142,0.03867359198214736,0.012697923161182444
0.11539562791585922,0.07774228602647781,0.1471870181336999,0.07937349619530142,0.03867359198214736,0.012697923161182444
0.10990891605615616,0.06419505923986435,0.1471870181336999,0.07937349619530142,0.03867359198214736,0.012697923161182444
0.1298263520002365,0.07121162861585617,0.1471870181336999,0.07937349619530142,0.03867359198214736,0.012697923161182444
0.1160658672451973,0.06802453845739365,0.1471870181336999,0.07937349619530142,0.03867359198214736,0.012697923161182444
0.23318809270858765,0.11647108197212219,0.1471870181336999,0.07937349619530142,0.03867359198214736,0.012697923161182444
0.07282697409391403,0.055323224514722824,0.1471870181336999,0.07937349619530142,0.03867359198214736,0.012697923161182444
0.17337216436862946,0.08267036825418472,0.1471870181336999,0.07937349619530142,0.03867359198214736,0.012697923161182444
0.18135040998458862,0.0887438952922821,0.1471870181336999,0.07937349619530142,0.03867359198214736,0.012697923161182444
0.10726045072078705,0.07081720232963562,0.1471870181336999,0.07937349619530142,0.03867359198214736,0.012697923161182444
0.09929843246936798,0.068074531853199,0.1471870181336999,0.07937349619530142,0.03867359198214736,0.012697923161182444
0.1244204118847847,0.07202273607254028,0.1471870181336999,0.07937349619530142,0.03867359198214736,0.012697923161182444
0.13232068717479706,0.07675129920244217,0.1471870181336999,0.07937349619530142,0.03867359198214736,0.012697923161182444
0.13891512155532837,0.07133851200342178,0.1471870181336999,0.07937349619530142,0.03867359198214736,0.012697923161182444
0.16819195449352264,0.08181106299161911,0.1471870181336999,0.07937349619530142,0.03867359198214736,0.012697923161182444
0.16401085257530212,0.08262678235769272,0.1471870181336999,0.07937349619530142,0.03867359198214736,0.012697923161182444
0.08226075023412704,0.05785353481769562,0.1471870181336999,0.07937349619530142,0.03867359198214736,0.012697923161182444
0.1399260014295578,0.08059103041887283,0.1471870181336999,0.07937349619530142,0.03867359198214736,0.012697923161182444
0.16443447768688202,0.08859198540449142,0.1471870181336999,0.07937349619530142,0.03867359198214736,0.012697923161182444
0.14228442311286926,0.07357239723205566,0.1471870181336999,0.07937349619530142,0.03867359198214736,0.012697923161182444
0.11628834903240204,0.06650253385305405,0.1471870181336999,0.07937349619530142,0.03867359198214736,0.012697923161182444
0.09016551077365875,0.06460482627153397,0.1471870181336999,0.07937349619530142,0.03867359198214736,0.012697923161182444
0.1629265695810318,0.07854171842336655,0.1471870181336999,0.07937349619530142,0.03867359198214736,0.012697923161182444
0.1577267348766327,0.07754047960042953,0.1471870181336999,0.07937349619530142,0.03867359198214736,0.012697923161182444
0.21912723779678345,0.10634530335664749,0.1471870181336999,0.07937349619530142,0.03867359198214736,0.012697923161182444
0.18654568493366241,0.09480209648609161,0.1471870181336999,0.07937349619530142,0.03867359198214736,0.012697923161182444
0.09647844731807709,0.06517618149518967,0.1471870181336999,0.07937349619530142,0.03867359198214736,0.012697923161182444
0.1633969098329544,0.07800264656543732,0.1471870181336999,0.07937349619530142,0.03867359198214736,0.012697923161182444
0.12126868963241577,0.0701814666390419,0.1471870181336999,0.07937349619530142,0.03867359198214736,0.012697923161182444
0.08058847486972809,0.05758434161543846,0.1471870181336999,0.07937349619530142,0.03867359198214736,0.012697923161182444
0.16739995777606964,0.08396747708320618,0.1471870181336999,0.07937349619530142,0.03867359198214736,0.012697923161182444
0.14277762174606323,0.07716353982686996,0.1471870181336999,0.07937349619530142,0.03867359198214736,0.012697923161182444
0.1028096005320549,0.06783700734376907,0.1471870181336999,0.07937349619530142,0.03867359198214736,0.012697923161182444
0.09936441481113434,0.06781310588121414,0.1471870181336999,0.07937349619530142,0.03867359198214736,0.012697923161182444
0.2002212256193161,0.09623146802186966,0.1471870181336999,0.07937349619530142,0.03867359198214736,0.012697923161182444
0.14663560688495636,0.08540235459804535,0.1471870181336999,0.07937349619530142,0.03867359198214736,0.012697923161182444
0.13191191852092743,0.07466816902160645,0.1471870181336999,0.07937349619530142,0.03867359198214736,0.012697923161182444
0.09896744042634964,0.06562752276659012,0.1471870181336999,0.07937349619530142,0.03867359198214736,0.012697923161182444
0.19970272481441498,0.09621481597423553,0.1471870181336999,0.07937349619530142,0.03867359198214736,0.012697923161182444
0.16320602595806122,0.08391031622886658,0.1471870181336999,0.07937349619530142,0.03867359198214736,0.012697923161182444
0.1479017734527588,0.07819490134716034,0.1471870181336999,0.07937349619530142,0.03867359198214736,0.012697923161182444
0.18329846858978271,0.08931104838848114,0.1471870181336999,0.07937349619530142,0.03867359198214736,0.012697923161182444
0.1229083463549614,0.07551214843988419,0.1471870181336999,0.07937349619530142,0.03867359198214736,0.012697923161182444
0.2071341574192047,0.10232338309288025,0.1471870181336999,0.07937349619530142,0.03867359198214736,0.012697923161182444
0.17960520088672638,0.08819921314716339,0.1471870181336999,0.07937349619530142,0.03867359198214736,0.012697923161182444
0.16241322457790375,0.08739673346281052,0.1471870181336999,0.07937349619530142,0.03867359198214736,0.012697923161182444
0.1545933037996292,0.07760586589574814,0.1471870181336999,0.07937349619530142,0.03867359198214736,0.012697923161182444
0.17359238862991333,0.0967763289809227,0.1471870181336999,0.07937349619530142,0.03867359198214736,0.012697923161182444
0.13871143758296967,0.07934392988681793,0.1471870181336999,0.07937349619530142,0.03867359198214736,0.012697923161182444
0.10177668184041977,0.06870255619287491,0.1471870181336999,0.07937349619530142,0.03867359198214736,0.012697923161182444
0.18163162469863892,0.09109638631343842,0.1471870181336999,0.07937349619530142,0.03867359198214736,0.012697923161182444
0.14881731569766998,0.07751934230327606,0.1471870181336999,0.07937349619530142,0.03867359198214736,0.012697923161182444
0.11068133264780045,0.0681072399020195,0.1471870181336999,0.07937349619530142,0.03867359198214736,0.012697923161182444
0.12447373569011688,0.06900178641080856,0.1471870181336999,0.07937349619530142,0.03867359198214736,0.012697923161182444
0.18979677557945251,0.09641799330711365,0.1471870181336999,0.07937349619530142,0.03867359198214736,0.012697923161182444
0.17557550966739655,0.08793778717517853,0.1471870181336999,0.07937349619530142,0.03867359198214736,0.012697923161182444
0.19896864891052246,0.09565670043230057,0.1471870181336999,0.07937349619530142,0.03867359198214736,0.012697923161182444
0.14419254660606384,0.07708316296339035,0.1471870181336999,0.07937349619530142,0.03867359198214736,0.012697923161182444
0.2405589520931244,0.11639337986707687,0.1471870181336999,0.07937349619530142,0.03867359198214736,0.012697923161182444
0.08191581070423126,0.05956242233514786,0.1471870181336999,0.07937349619530142,0.03867359198214736,0.012697923161182444
0.07095261663198471,0.056089140474796295,0.1471870181336999,0.07937349619530142,0.03867359198214736,0.012697923161182444
0.08370260894298553,0.06383763998746872,0.1471870181336999,0.07937349619530142,0.03867359198214736,0.012697923161182444
0.0905325710773468,0.06622518599033356,0.1471870181336999,0.07937349619530142,0.03867359198214736,0.012697923161182444
0.1944493055343628,0.09083131700754166,0.1471870181336999,0.07937349619530142,0.03867359198214736,0.012697923161182444
0.11348258703947067,0.06850088387727737,0.1471870181336999,0.07937349619530142,0.03867359198214736,0.012697923161182444
0.2509688138961792,0.12387575209140778,0.1471870181336999,0.07937349619530142,0.03867359198214736,0.012697923161182444
0.07140138745307922,0.056786853820085526,0.1471870181336999,0.07937349619530142,0.03867359198214736,0.012697923161182444
0.20930495858192444,0.09696560353040695,0.1471870181336999,0.07937349619530142,0.03867359198214736,0.012697923161182444
0.08734827488660812,0.0626697689294815,0.1471870181336999,0.07937349619530142,0.03867359198214736,0.012697923161182444
0.15939123928546906,0.08222921937704086,0.1471870181336999,0.07937349619530142,0.03867359198214736,0.012697923161182444
0.1444551944732666,0.07378702610731125,0.1471870181336999,0.07937349619530142,0.03867359198214736,0.012697923161182444
0.20706993341445923,0.10022605955600739,0.1471870181336999,0.07937349619530142,0.03867359198214736,0.012697923161182444
0.1794136017560959,0.09536916017532349,0.1471870181336999,0.07937349619530142,0.03867359198214736,0.012697923161182444
0.13624916970729828,0.07651963084936142,0.1471870181336999,0.07937349619530142,0.03867359198214736,0.012697923161182444
0.1710844337940216,0.08422733098268509,0.1471870181336999,0.07937349619530142,0.03867359198214736,0.012697923161182444
0.17837250232696533,0.08431801199913025,0.1471870181336999,0.07937349619530142,0.03867359198214736,0.012697923161182444
0.10055293142795563,0.06641781330108643,0.1471870181336999,0.07937349619530142,0.03867359198214736,0.012697923161182444
0.13247555494308472,0.07402075082063675,0.1471870181336999,0.07937349619530142,0.03867359198214736,0.012697923161182444
0.12569832801818848,0.06650250405073166,0.1471870181336999,0.07937349619530142,0.03867359198214736,0.012697923161182444
0.0958409383893013,0.06668315082788467,0.1471870181336999,0.07937349619530142,0.03867359198214736,0.012697923161182444
0.15011033415794373,0.0777878388762474,0.1471870181336999,0.07937349619530142,0.03867359198214736,0.012697923161182444
0.12224982678890228,0.07396694272756577,0.1471870181336999,0.07937349619530142,0.03867359198214736,0.012697923161182444
0.1845635324716568,0.08873192220926285,0.1471870181336999,0.07937349619530142,0.03867359198214736,0.012697923161182444
0.157713383436203,0.08227051794528961,0.1471870181336999,0.07937349619530142,0.03867359198214736,0.012697923161182444
0.1903587132692337,0.09847889095544815,0.1471870181336999,0.07937349619530142,0.03867359198214736,0.012697923161182444
0.1594918966293335,0.08493772894144058,0.1471870181336999,0.07937349619530142,0.03867359198214736,0.012697923161182444
0.08410368859767914,0.06472209841012955,0.1471870181336999,0.07937349619530142,0.03867359198214736,0.012697923161182444
0.13110283017158508,0.07969062775373459,0.1471870181336999,0.07937349619530142,0.03867359198214736,0.012697923161182444
0.09008859843015671,0.0623832643032074,0.1471870181336999,0.07937349619530142,0.03867359198214736,0.012697923161182444
0.20369423925876617,0.09565853327512741,0.1471870181336999,0.07937349619530142,0.03867359198214736,0.012697923161182444
0.17156226933002472,0.08402172476053238,0.1471870181336999,0.07937349619530142,0.03867359198214736,0.012697923161182444
0.1559835523366928,0.07891619950532913,0.1471870181336999,0.07937349619530142,0.03867359198214736,0.012697923161182444
0.15556837618350983,0.07883282750844955,0.1471870181336999,0.07937349619530142,0.03867359198214736,0.012697923161182444
0.15219180285930634,0.0757848471403122,0.1471870181336999,0.07937349619530142,0.03867359198214736,0.012697923161182444
0.13901357352733612,0.07954658567905426,0.1471870181336999,0.07937349619530142,0.03867359198214736,0.012697923161182444
0.1337655782699585,0.07731818407773972,0.1471870181336999,0.07937349619530142,0.03867359198214736,0.012697923161182444
0.1232035830616951,0.07483945786952972,0.1471870181336999,0.07937349619530142,0.03867359198214736,0.012697923161182444
0.09418284147977829,0.06774826347827911,0.1471870181336999,0.07937349619530142,0.03867359198214736,0.012697923161182444
0.07616085559129715,0.05837258696556091,0.1471870181336999,0.07937349619530142,0.03867359198214736,0.012697923161182444
0.13225239515304565,0.07369750738143921,0.1471870181336999,0.07937349619530142,0.03867359198214736,0.012697923161182444
0.16850921511650085,0.08414892107248306,0.1471870181336999,0.07937349619530142,0.03867359198214736,0.012697923161182444
0.10110506415367126,0.06298201531171799,0.1471870181336999,0.07937349619530142,0.03867359198214736,0.012697923161182444
0.18423517048358917,0.09311774373054504,0.1471870181336999,0.07937349619530142,0.03867359198214736,0.012697923161182444
0.22882983088493347,0.11048915237188339,0.1471870181336999,0.07937349619530142,0.03867359198214736,0.012697923161182444
0.22883062064647675,0.1091938465833664,0.1471870181336999,0.07937349619530142,0.03867359198214736,0.012697923161182444
0.21389463543891907,0.1017482727766037,0.1471870181336999,0.07937349619530142,0.03867359198214736,0.012697923161182444
0.17295245826244354,0.08737510442733765,0.1471870181336999,0.07937349619530142,0.03867359198214736,0.012697923161182444
0.1582055240869522,0.0849030464887619,0.1471870181336999,0.07937349619530142,0.03867359198214736,0.012697923161182444
0.1318976879119873,0.07249739021062851,0.1471870181336999,0.07937349619530142,0.03867359198214736,0.012697923161182444
0.12476570904254913,0.06770458072423935,0.1471870181336999,0.07937349619530142,0.03867359198214736,0.012697923161182444
0.16589686274528503,0.08384113013744354,0.1471870181336999,0.07937349619530142,0.03867359198214736,0.012697923161182444
0.18365556001663208,0.09554601460695267,0.1471870181336999,0.07937349619530142,0.03867359198214736,0.012697923161182444
0.09363628923892975,0.07005336880683899,0.1471870181336999,0.07937349619530142,0.03867359198214736,0.012697923161182444
0.2016357034444809,0.09708262234926224,0.1471870181336999,0.07937349619530142,0.03867359198214736,0.012697923161182444
0.09799256920814514,0.059666574001312256,0.1471870181336999,0.07937349619530142,0.03867359198214736,0.012697923161182444
0.12698133289813995,0.0713392123579979,0.1471870181336999,0.07937349619530142,0.03867359198214736,0.012697923161182444
0.18299637734889984,0.08860340714454651,0.1471870181336999,0.07937349619530142,0.03867359198214736,0.012697923161182444
0.08177726715803146,0.059520505368709564,0.1471870181336999,0.07937349619530142,0.03867359198214736,0.012697923161182444
0.24525442719459534,0.1189570277929306,0.1471870181336999,0.07937349619530142,0.03867359198214736,0.012697923161182444
0.16100037097930908,0.07839061319828033,0.1471870181336999,0.07937349619530142,0.03867359198214736,0.012697923161182444
0.1312984973192215,0.07011063396930695,0.1471870181336999,0.07937349619530142,0.03867359198214736,0.012697923161182444
0.17246365547180176,0.08313650637865067,0.1471870181336999,0.07937349619530142,0.03867359198214736,0.012697923161182444
0.20221863687038422,0.09794536978006363,0.1471870181336999,0.07937349619530142,0.03867359198214736,0.012697923161182444
0.15023767948150635,0.07824769616127014,0.1471870181336999,0.07937349619530142,0.03867359198214736,0.012697923161182444
0.18638591468334198,0.09007661044597626,0.1471870181336999,0.07937349619530142,0.03867359198214736,0.012697923161182444
0.13686056435108185,0.0757078304886818,0.1471870181336999,0.07937349619530142,0.03867359198214736,0.012697923161182444
0.1379409283399582,0.0776907280087471,0.1471870181336999,0.07937349619530142,0.03867359198214736,0.012697923161182444
0.13757352530956268,0.07968831807374954,0.1471870181336999,0.07937349619530142,0.03867359198214736,0.012697923161182444
0.18886147439479828,0.09257059544324875,0.1471870181336999,0.07937349619530142,0.03867359198214736,0.012697923161182444
0.14411675930023193,0.07593391090631485,0.1471870181336999,0.07937349619530142,0.03867359198214736,0.012697923161182444
0.21052789688110352,0.09882911294698715,0.1471870181336999,0.07937349619530142,0.03867359198214736,0.012697923161182444
0.11200466006994247,0.07261276990175247,0.1471870181336999,0.07937349619530142,0.03867359198214736,0.012697923161182444
0.18621695041656494,0.09507247060537338,0.1471870181336999,0.07937349619530142,0.03867359198214736,0.012697923161182444
0.12960879504680634,0.07291476428508759,0.1471870181336999,0.07937349619530142,0.03867359198214736,0.012697923161182444
0.09826408326625824,0.0682937279343605,0.1471870181336999,0.07937349619530142,0.03867359198214736,0.012697923161182444
0.07757280766963959,0.059170812368392944,0.1471870181336999,0.07937349619530142,0.03867359198214736,0.012697923161182444
0.147469162940979,0.08409755676984787,0.1471870181336999,0.07937349619530142,0.03867359198214736,0.012697923161182444
0.13922379910945892,0.0811556726694107,0.1471870181336999,0.07937349619530142,0.03867359198214736,0.012697923161182444
0.08803918212652206,0.06155697628855705,0.1471870181336999,0.07937349619530142,0.03867359198214736,0.012697923161182444
0.18695464730262756,0.09151256084442139,0.1471870181336999,0.07937349619530142,0.03867359198214736,0.012697923161182444
0.11925601959228516,0.06953661888837814,0.1471870181336999,0.07937349619530142,0.03867359198214736,0.012697923161182444
0.19197167456150055,0.09414374828338623,0.1471870181336999,0.07937349619530142,0.03867359198214736,0.012697923161182444
0.24375922977924347,0.1169574037194252,0.1471870181336999,0.07937349619530142,0.03867359198214736,0.012697923161182444
0.11759298294782639,0.06974202394485474,0.1471870181336999,0.07937349619530142,0.03867359198214736,0.012697923161182444
0.11100100725889206,0.07150594145059586,0.1471870181336999,0.07937349619530142,0.03867359198214736,0.012697923161182444
0.14484091103076935,0.07715092599391937,0.1471870181336999,0.07937349619530142,0.03867359198214736,0.012697923161182444
0.09754116088151932,0.06487545371055603,0.1471870181336999,0.07937349619530142,0.03867359198214736,0.012697923161182444
0.11849726736545563,0.06958825141191483,0.1471870181336999,0.07937349619530142,0.03867359198214736,0.012697923161182444
0.17325255274772644,0.08513591438531876,0.1471870181336999,0.07937349619530142,0.03867359198214736,0.012697923161182444
0.18711145222187042,0.09309714287519455,0.1471870181336999,0.07937349619530142,0.03867359198214736,0.012697923161182444
0.1560019701719284,0.08405102044343948,0.1471870181336999,0.07937349619530142,0.03867359198214736,0.012697923161182444
0.17843352258205414,0.08677269518375397,0.1471870181336999,0.07937349619530142,0.03867359198214736,0.012697923161182444
0.1750136762857437,0.0861058458685875,0.1471870181336999,0.07937349619530142,0.03867359198214736,0.012697923161182444
0.24620722234249115,0.11952900886535645,0.1471870181336999,0.07937349619530142,0.03867359198214736,0.012697923161182444
0.15685296058654785,0.07975035905838013,0.1471870181336999,0.07937349619530142,0.03867359198214736,0.012697923161182444
0.09420146048069,0.06001513451337814,0.1471870181336999,0.07937349619530142,0.03867359198214736,0.012697923161182444
0.12164813280105591,0.06969309598207474,0.1471870181336999,0.07937349619530142,0.03867359198214736,0.012697923161182444
0.07983803004026413,0.060615330934524536,0.1471870181336999,0.07937349619530142,0.03867359198214736,0.012697923161182444
0.15459750592708588,0.08073838800191879,0.1471870181336999,0.07937349619530142,0.03867359198214736,0.012697923161182444
0.09113157540559769,0.06588180363178253,0.1471870181336999,0.07937349619530142,0.03867359198214736,0.012697923161182444
0.0992506742477417,0.06759106367826462,0.1471870181336999,0.07937349619530142,0.03867359198214736,0.012697923161182444
0.15087267756462097,0.07730266451835632,0.1471870181336999,0.07937349619530142,0.03867359198214736,0.012697923161182444
0.1562989056110382,0.07169579714536667,0.1471870181336999,0.07937349619530142,0.03867359198214736,0.012697923161182444
0.12987203896045685,0.07123547047376633,0.1471870181336999,0.07937349619530142,0.03867359198214736,0.012697923161182444
0.1807115077972412,0.0889798253774643,0.1471870181336999,0.07937349619530142,0.03867359198214736,0.012697923161182444
0.14924687147140503,0.08475375920534134,0.1471870181336999,0.07937349619530142,0.03867359198214736,0.012697923161182444
0.18051736056804657,0.09005589783191681,0.1471870181336999,0.07937349619530142,0.03867359198214736,0.012697923161182444
0.2222377359867096,0.10822685807943344,0.1471870181336999,0.07937349619530142,0.03867359198214736,0.012697923161182444
0.10032638162374496,0.06622813642024994,0.1471870181336999,0.07937349619530142,0.03867359198214736,0.012697923161182444
0.159454807639122,0.08188235014677048,0.1471870181336999,0.07937349619530142,0.03867359198214736,0.012697923161182444
0.14348793029785156,0.07800650596618652,0.1471870181336999,0.07937349619530142,0.03867359198214736,0.012697923161182444
0.15741759538650513,0.08253581821918488,0.1471870181336999,0.07937349619530142,0.03867359198214736,0.012697923161182444
0.2129960060119629,0.10095702856779099,0.1471870181336999,0.07937349619530142,0.03867359198214736,0.012697923161182444
0.14655940234661102,0.07846140116453171,0.1471870181336999,0.07937349619530142,0.03867359198214736,0.012697923161182444
0.0755532830953598,0.057061146944761276,0.1471870181336999,0.07937349619530142,0.03867359198214736,0.012697923161182444
0.12863509356975555,0.07368156313896179,0.1471870181336999,0.07937349619530142,0.03867359198214736,0.012697923161182444
0.14629344642162323,0.07753532379865646,0.1471870181336999,0.07937349619530142,0.03867359198214736,0.012697923161182444
0.09877531975507736,0.06747177243232727,0.1471870181336999,0.07937349619530142,0.03867359198214736,0.012697923161182444
0.0857568085193634,0.06214071065187454,0.1471870181336999,0.07937349619530142,0.03867359198214736,0.012697923161182444
0.1581898182630539,0.08308964967727661,0.1471870181336999,0.07937349619530142,0.03867359198214736,0.012697923161182444
0.12027588486671448,0.0720098465681076,0.1471870181336999,0.07937349619530142,0.03867359198214736,0.012697923161182444
0.2022142857313156,0.09847071766853333,0.1471870181336999,0.07937349619530142,0.03867359198214736,0.012697923161182444
0.159025639295578,0.07662850618362427,0.1471870181336999,0.07937349619530142,0.03867359198214736,0.012697923161182444
0.1693652868270874,0.08553708344697952,0.1471870181336999,0.07937349619530142,0.03867359198214736,0.012697923161182444
0.12316935509443283,0.07137450575828552,0.1471870181336999,0.07937349619530142,0.03867359198214736,0.012697923161182444
0.2447809875011444,0.12008997052907944,0.1471870181336999,0.07937349619530142,0.03867359198214736,0.012697923161182444
0.08180410414934158,0.05883977189660072,0.1471870181336999,0.07937349619530142,0.03867359198214736,0.012697923161182444
0.12913911044597626,0.07529041171073914,0.1471870181336999,0.07937349619530142,0.03867359198214736,0.012697923161182444
0.12141995131969452,0.07821109890937805,0.1471870181336999,0.07937349619530142,0.03867359198214736,0.012697923161182444
0.18488512933254242,0.09856244921684265,0.1471870181336999,0.07937349619530142,0.03867359198214736,0.012697923161182444
0.12186993658542633,0.06814608722925186,0.1471870181336999,0.07937349619530142,0.03867359198214736,0.012697923161182444
0.08502611517906189,0.0633200854063034,0.1471870181336999,0.07937349619530142,0.03867359198214736,0.012697923161182444
0.20475909113883972,0.09964464604854584,0.1471870181336999,0.07937349619530142,0.03867359198214736,0.012697923161182444
0.20192180573940277,0.09865359961986542,0.1471870181336999,0.07937349619530142,0.03867359198214736,0.012697923161182444
0.16582749783992767,0.08872593939304352,0.1471870181336999,0.07937349619530142,0.03867359198214736,0.012697923161182444
0.17507991194725037,0.08454099297523499,0.1471870181336999,0.07937349619530142,0.03867359198214736,0.012697923161182444
0.09922504425048828,0.06679274886846542,0.1471870181336999,0.07937349619530142,0.03867359198214736,0.012697923161182444
0.15611910820007324,0.07937930524349213,0.1471870181336999,0.07937349619530142,0.03867359198214736,0.012697923161182444
0.1346890777349472,0.07524546980857849,0.1471870181336999,0.07937349619530142,0.03867359198214736,0.012697923161182444
0.10133342444896698,0.063901387155056,0.1471870181336999,0.07937349619530142,0.03867359198214736,0.012697923161182444
0.12760962545871735,0.07096098363399506,0.1471870181336999,0.07937349619530142,0.03867359198214736,0.012697923161182444
0.1772950291633606,0.08594983071088791,0.1471870181336999,0.07937349619530142,0.03867359198214736,0.012697923161182444
0.15816062688827515,0.0800652727484703,0.1471870181336999,0.07937349619530142,0.03867359198214736,0.012697923161182444
0.11819758266210556,0.07156439870595932,0.1471870181336999,0.07937349619530142,0.03867359198214736,0.012697923161182444
0.11912742257118225,0.07195813953876495,0.1471870181336999,0.07937349619530142,0.03867359198214736,0.012697923161182444
0.15890388190746307,0.08122465014457703,0.1471870181336999,0.07937349619530142,0.03867359198214736,0.012697923161182444
0.1860014796257019,0.0921439379453659,0.1471870181336999,0.07937349619530142,0.03867359198214736,0.012697923161182444
0.10540297627449036,0.07612233608961105,0.1471870181336999,0.07937349619530142,0.03867359198214736,0.012697923161182444
0.08100390434265137,0.060316357761621475,0.1471870181336999,0.07937349619530142,0.03867359198214736,0.012697923161182444
0.1552918553352356,0.0796414315700531,0.1471870181336999,0.07937349619530142,0.03867359198214736,0.012697923161182444
0.20758989453315735,0.09979046881198883,0.1471870181336999,0.07937349619530142,0.03867359198214736,0.012697923161182444
0.16522926092147827,0.08244623243808746,0.1471870181336999,0.07937349619530142,0.03867359198214736,0.012697923161182444
0.13740889728069305,0.07992594689130783,0.1471870181336999,0.07937349619530142,0.03867359198214736,0.012697923161182444
0.19960130751132965,0.09516581892967224,0.1471870181336999,0.07937349619530142,0.03867359198214736,0.012697923161182444
0.1351550668478012,0.07405741512775421,0.1471870181336999,0.07937349619530142,0.03867359198214736,0.012697923161182444
0.22459442913532257,0.10528012365102768,0.1471870181336999,0.07937349619530142,0.03867359198214736,0.012697923161182444
0.2075141817331314,0.10237482935190201,0.1471870181336999,0.07937349619530142,0.03867359198214736,0.012697923161182444
0.20304816961288452,0.09525568038225174,0.1471870181336999,0.07937349619530142,0.03867359198214736,0.012697923161182444
0.09166999906301498,0.06515532732009888,0.1471870181336999,0.07937349619530142,0.03867359198214736,0.012697923161182444
0.15132294595241547,0.0752706304192543,0.1471870181336999,0.07937349619530142,0.03867359198214736,0.012697923161182444
0.08635599166154861,0.059315528720617294,0.1471870181336999,0.07937349619530142,0.03867359198214736,0.012697923161182444
0.0894133597612381,0.06135128065943718,0.1471870181336999,0.07937349619530142,0.03867359198214736,0.012697923161182444
0.10445184260606766,0.0683254674077034,0.1471870181336999,0.07937349619530142,0.03867359198214736,0.012697923161182444
0.11260046064853668,0.07116078585386276,0.1471870181336999,0.07937349619530142,0.03867359198214736,0.012697923161182444
0.1013946682214737,0.06748107820749283,0.1471870181336999,0.07937349619530142,0.03867359198214736,0.012697923161182444
0.1184893399477005,0.06888188421726227,0.1471870181336999,0.07937349619530142,0.03867359198214736,0.012697923161182444
0.2083863914012909,0.10199376195669174,0.1471870181336999,0.07937349619530142,0.03867359198214736,0.012697923161182444
0.09767913073301315,0.06447778642177582,0.1471870181336999,0.07937349619530142,0.03867359198214736,0.012697923161182444
0.1733812540769577,0.09247596561908722,0.1471870181336999,0.07937349619530142,0.03867359198214736,0.012697923161182444
0.0816587582230568,0.06058499962091446,0.1471870181336999,0.07937349619530142,0.03867359198214736,0.012697923161182444
0.1901058703660965,0.0918215960264206,0.1471870181336999,0.07937349619530142,0.03867359198214736,0.012697923161182444
0.17695273458957672,0.08505018800497055,0.1471870181336999,0.07937349619530142,0.03867359198214736,0.012697923161182444
0.15565818548202515,0.08050132542848587,0.1471870181336999,0.07937349619530142,0.03867359198214736,0.012697923161182444
0.09295528382062912,0.06032489985227585,0.1471870181336999,0.07937349619530142,0.03867359198214736,0.012697923161182444
0.15458372235298157,0.07879800349473953,0.1471870181336999,0.07937349619530142,0.03867359198214736,0.012697923161182444
0.11662470549345016,0.06313298642635345,0.1471870181336999,0.07937349619530142,0.03867359198214736,0.012697923161182444
0.1625191867351532,0.08359934389591217,0.1471870181336999,0.07937349619530142,0.03867359198214736,0.012697923161182444
0.07869511842727661,0.06172714754939079,0.1471870181336999,0.07937349619530142,0.03867359198214736,0.012697923161182444
0.18459650874137878,0.09207742661237717,0.1471870181336999,0.07937349619530142,0.03867359198214736,0.012697923161182444
0.211990624666214,0.10268332064151764,0.1471870181336999,0.07937349619530142,0.03867359198214736,0.012697923161182444
0.07141157239675522,0.053739361464977264,0.1471870181336999,0.07937349619530142,0.03867359198214736,0.012697923161182444
0.09768135100603104,0.061761509627103806,0.1471870181336999,0.07937349619530142,0.03867359198214736,0.012697923161182444
0.1092376634478569,0.06821953505277634,0.1471870181336999,0.07937349619530142,0.03867359198214736,0.012697923161182444
0.10165759176015854,0.06464311480522156,0.1471870181336999,0.07937349619530142,0.03867359198214736,0.012697923161182444
0.10775133222341537,0.06355693191289902,0.1471870181336999,0.07937349619530142,0.03867359198214736,0.012697923161182444
0.1378999501466751,0.07473824918270111,0.1471870181336999,0.07937349619530142,0.03867359198214736,0.012697923161182444
0.17330670356750488,0.08510895818471909,0.1471870181336999,0.07937349619530142,0.03867359198214736,0.012697923161182444
0.10987858474254608,0.06745236366987228,0.1471870181336999,0.07937349619530142,0.03867359198214736,0.012697923161182444
0.19330842792987823,0.0924227237701416,0.1471870181336999,0.07937349619530142,0.03867359198214736,0.012697923161182444
0.1500653773546219,0.07788113504648209,0.1471870181336999,0.07937349619530142,0.03867359198214736,0.012697923161182444
0.11195864528417587,0.0741981714963913,0.1471870181336999,0.07937349619530142,0.03867359198214736,0.012697923161182444
0.16845668852329254,0.08489542454481125,0.1471870181336999,0.07937349619530142,0.03867359198214736,0.012697923161182444
0.08146566897630692,0.06286416947841644,0.1471870181336999,0.07937349619530142,0.03867359198214736,0.012697923161182444
0.11305606365203857,0.07130415737628937,0.1471870181336999,0.07937349619530142,0.03867359198214736,0.012697923161182444
0.1355726569890976,0.07811648398637772,0.1471870181336999,0.07937349619530142,0.03867359198214736,0.012697923161182444
0.12025772780179977,0.06958113610744476,0.1471870181336999,0.07937349619530142,0.03867359198214736,0.012697923161182444
0.18282891809940338,0.08901267498731613,0.1471870181336999,0.07937349619530142,0.03867359198214736,0.012697923161182444
0.1934238076210022,0.09865427017211914,0.1471870181336999,0.07937349619530142,0.03867359198214736,0.012697923161182444
0.1696527898311615,0.08239737898111343,0.1471870181336999,0.07937349619530142,0.03867359198214736,0.012697923161182444
0.18563754856586456,0.09022486954927444,0.1471870181336999,0.07937349619530142,0.03867359198214736,0.012697923161182444
0.17518116533756256,0.09206611663103104,0.1471870181336999,0.07937349619530142,0.03867359198214736,0.012697923161182444
0.18407244980335236,0.08979516476392746,0.1471870181336999,0.07937349619530142,0.03867359198214736,0.012697923161182444
0.11765966564416885,0.06611160188913345,0.1471870181336999,0.07937349619530142,0.03867359198214736,0.012697923161182444
0.20801366865634918,0.09676966816186905,0.1471870181336999,0.07937349619530142,0.03867359198214736,0.012697923161182444
0.1308179795742035,0.07140398770570755,0.1471870181336999,0.07937349619530142,0.03867359198214736,0.012697923161182444
0.1274753212928772,0.06851693987846375,0.1471870181336999,0.07937349619530142,0.03867359198214736,0.012697923161182444
0.12528127431869507,0.07032015919685364,0.1471870181336999,0.07937349619530142,0.03867359198214736,0.012697923161182444
0.1474762111902237,0.07303106039762497,0.1471870181336999,0.07937349619530142,0.03867359198214736,0.012697923161182444
0.18694065511226654,0.09003566205501556,0.1471870181336999,0.07937349619530142,0.03867359198214736,0.012697923161182444
0.2120274007320404,0.10079772025346756,0.1471870181336999,0.07937349619530142,0.03867359198214736,0.012697923161182444
0.21819362044334412,0.10430005192756653,0.1471870181336999,0.07937349619530142,0.03867359198214736,0.012697923161182444
0.12686562538146973,0.07282404601573944,0.1471870181336999,0.07937349619530142,0.03867359198214736,0.012697923161182444
0.13025891780853271,0.07060764729976654,0.1471870181336999,0.07937349619530142,0.03867359198214736,0.012697923161182444
0.14205783605575562,0.07164423167705536,0.1471870181336999,0.07937349619530142,0.03867359198214736,0.012697923161182444
0.17956416308879852,0.08975221961736679,0.1471870181336999,0.07937349619530142,0.03867359198214736,0.012697923161182444
0.1710902899503708,0.08799900114536285,0.1471870181336999,0.07937349619530142,0.03867359198214736,0.012697923161182444
0.14777563512325287,0.08355523645877838,0.1471870181336999,0.07937349619530142,0.03867359198214736,0.012697923161182444
0.18497051298618317,0.09128858894109726,0.1471870181336999,0.07937349619530142,0.03867359198214736,0.012697923161182444
0.12722623348236084,0.07767500728368759,0.1471870181336999,0.07937349619530142,0.03867359198214736,0.012697923161182444
0.1608908325433731,0.08033113926649094,0.1471870181336999,0.07937349619530142,0.03867359198214736,0.012697923161182444
0.20759227871894836,0.10055610537528992,0.1471870181336999,0.07937349619530142,0.03867359198214736,0.012697923161182444
0.12906773388385773,0.07471787184476852,0.1471870181336999,0.07937349619530142,0.03867359198214736,0.012697923161182444
0.1516467183828354,0.07796324044466019,0.1471870181336999,0.07937349619530142,0.03867359198214736,0.012697923161182444
0.13164831697940826,0.06952168047428131,0.1471870181336999,0.07937349619530142,0.03867359198214736,0.012697923161182444
0.16712237894535065,0.08417119085788727,0.1471870181336999,0.07937349619530142,0.03867359198214736,0.012697923161182444
0.1216367706656456,0.07185563445091248,0.1471870181336999,0.07937349619530142,0.03867359198214736,0.012697923161182444
0.11496385931968689,0.07075455039739609,0.1471870181336999,0.07937349619530142,0.03867359198214736,0.012697923161182444
0.1799781173467636,0.08723872900009155,0.1471870181336999,0.07937349619530142,0.03867359198214736,0.012697923161182444
0.22450068593025208,0.10664506256580353,0.1471870181336999,0.07937349619530142,0.03867359198214736,0.012697923161182444
0.0888529047369957,0.06336845457553864,0.1471870181336999,0.07937349619530142,0.03867359198214736,0.012697923161182444
0.10926275700330734,0.06969532370567322,0.1471870181336999,0.07937349619530142,0.03867359198214736,0.012697923161182444
0.14045819640159607,0.06858272105455399,0.1471870181336999,0.07937349619530142,0.03867359198214736,0.012697923161182444
0.159290611743927,0.07712742686271667,0.1471870181336999,0.07937349619530142,0.03867359198214736,0.012697923161182444
0.1926591843366623,0.09471935033798218,0.1471870181336999,0.07937349619530142,0.03867359198214736,0.012697923161182444
0.16704313457012177,0.08633914589881897,0.1471870181336999,0.07937349619530142,0.03867359198214736,0.012697923161182444
0.098637655377388,0.06595233082771301,0.1471870181336999,0.07937349619530142,0.03867359198214736,0.012697923161182444
0.12306619435548782,0.07223603874444962,0.1471870181336999,0.07937349619530142,0.03867359198214736,0.012697923161182444
0.21845050156116486,0.1057102158665657,0.1471870181336999,0.07937349619530142,0.03867359198214736,0.012697923161182444
0.15075799822807312,0.07436680793762207,0.1471870181336999,0.07937349619530142,0.03867359198214736,0.012697923161182444
0.15295685827732086,0.07325270771980286,0.1471870181336999,0.07937349619530142,0.03867359198214736,0.012697923161182444
0.082109235227108,0.06268897652626038,0.1471870181336999,0.07937349619530142,0.03867359198214736,0.012697923161182444
0.1435108780860901,0.07733117043972015,0.1471870181336999,0.07937349619530142,0.03867359198214736,0.012697923161182444
0.2509562075138092,0.12368343025445938,0.1471870181336999,0.07937349619530142,0.03867359198214736,0.012697923161182444
0.11682823300361633,0.07779388129711151,0.1471870181336999,0.07937349619530142,0.03867359198214736,0.012697923161182444
0.1390223652124405,0.0750538632273674,0.1471870181336999,0.07937349619530142,0.03867359198214736,0.012697923161182444
0.1296842396259308,0.07028312981128693,0.1471870181336999,0.07937349619530142,0.03867359198214736,0.012697923161182444
0.15199287235736847,0.07570620626211166,0.1471870181336999,0.07937349619530142,0.03867359198214736,0.012697923161182444
0.11205937713384628,0.07019384205341339,0.1471870181336999,0.07937349619530142,0.03867359198214736,0.012697923161182444
0.10488425940275192,0.0670231357216835,0.1471870181336999,0.07937349619530142,0.03867359198214736,0.012697923161182444
0.19005779922008514,0.09370975196361542,0.1471870181336999,0.07937349619530142,0.03867359198214736,0.012697923161182444
0.07557293027639389,0.05700458586215973,0.1471870181336999,0.07937349619530142,0.03867359198214736,0.012697923161182444
0.2051033079624176,0.10276057571172714,0.1471870181336999,0.07937349619530142,0.03867359198214736,0.012697923161182444
0.16441653668880463,0.08354884386062622,0.1471870181336999,0.07937349619530142,0.03867359198214736,0.012697923161182444
0.19800077378749847,0.09300480782985687,0.1471870181336999,0.07937349619530142,0.03867359198214736,0.012697923161182444
0.1614980697631836,0.08960716426372528,0.1471870181336999,0.07937349619530142,0.03867359198214736,0.012697923161182444
0.16547858715057373,0.0818263590335846,0.1471870181336999,0.07937349619530142,0.03867359198214736,0.012697923161182444
0.10820923745632172,0.06957416981458664,0.1471870181336999,0.07937349619530142,0.03867359198214736,0.012697923161182444
0.10665274411439896,0.06568583101034164,0.1471870181336999,0.07937349619530142,0.03867359198214736,0.012697923161182444
0.11708105355501175,0.07347527891397476,0.1471870181336999,0.07937349619530142,0.03867359198214736,0.012697923161182444
0.10873880237340927,0.06931261718273163,0.1471870181336999,0.07937349619530142,0.03867359198214736,0.012697923161182444
0.17140056192874908,0.08197666704654694,0.1471870181336999,0.07937349619530142,0.03867359198214736,0.012697923161182444
0.12842655181884766,0.0732167512178421,0.1471870181336999,0.07937349619530142,0.03867359198214736,0.012697923161182444
0.1330251842737198,0.07245190441608429,0.1471870181336999,0.07937349619530142,0.03867359198214736,0.012697923161182444
0.11866174638271332,0.07216008752584457,0.1471870181336999,0.07937349619530142,0.03867359198214736,0.012697923161182444
0.1332385540008545,0.07048351317644119,0.1471870181336999,0.07937349619530142,0.03867359198214736,0.012697923161182444
0.1552359014749527,0.07793758064508438,0.1471870181336999,0.07937349619530142,0.03867359198214736,0.012697923161182444
0.19102975726127625,0.09240509569644928,0.1471870181336999,0.07937349619530142,0.03867359198214736,0.012697923161182444
0.13085104525089264,0.06947338581085205,0.1471870181336999,0.07937349619530142,0.03867359198214736,0.012697923161182444
0.19800786674022675,0.09711961448192596,0.1471870181336999,0.07937349619530142,0.03867359198214736,0.012697923161182444
0.1547810286283493,0.08155875653028488,0.1471870181336999,0.07937349619530142,0.03867359198214736,0.012697923161182444
0.0712653398513794,0.05902932584285736,0.1471870181336999,0.07937349619530142,0.03867359198214736,0.012697923161182444
0.13359011709690094,0.07330013811588287,0.1471870181336999,0.07937349619530142,0.03867359198214736,0.012697923161182444
0.18709464371204376,0.08936478942632675,0.1471870181336999,0.07937349619530142,0.03867359198214736,0.012697923161182444
0.14731314778327942,0.0788329690694809,0.1471870181336999,0.07937349619530142,0.03867359198214736,0.012697923161182444
0.15134912729263306,0.07688258588314056,0.1471870181336999,0.07937349619530142,0.03867359198214736,0.012697923161182444
0.11758033186197281,0.06893211603164673,0.1471870181336999,0.07937349619530142,0.03867359198214736,0.012697923161182444
0.13191722333431244,0.07127386331558228,0.1471870181336999,0.07937349619530142,0.03867359198214736,0.012697923161182444
0.16541104018688202,0.07970169186592102,0.1471870181336999,0.07937349619530142,0.03867359198214736,0.012697923161182444
0.15914097428321838,0.08081885427236557,0.1471870181336999,0.07937349619530142,0.03867359198214736,0.012697923161182444
0.18004076182842255,0.08618173748254776,0.1471870181336999,0.07937349619530142,0.03867359198214736,0.012697923161182444
0.16280528903007507,0.08449774235486984,0.1471870181336999,0.07937349619530142,0.03867359198214736,0.012697923161182444
0.11479777097702026,0.06855269521474838,0.1471870181336999,0.07937349619530142,0.03867359198214736,0.012697923161182444
0.12807370722293854,0.070426344871521,0.1471870181336999,0.07937349619530142,0.03867359198214736,0.012697923161182444
0.2408173829317093,0.11721068620681763,0.1471870181336999,0.07937349619530142,0.03867359198214736,0.012697923161182444
0.15248987078666687,0.07769495993852615,0.1471870181336999,0.07937349619530142,0.03867359198214736,0.012697923161182444
0.20369407534599304,0.09474121034145355,0.1471870181336999,0.07937349619530142,0.03867359198214736,0.012697923161182444
0.1630898118019104,0.08064747601747513,0.1471870181336999,0.07937349619530142,0.03867359198214736,0.012697923161182444
0.13768209517002106,0.07307411730289459,0.1471870181336999,0.07937349619530142,0.03867359198214736,0.012697923161182444
0.14528512954711914,0.07349608093500137,0.1471870181336999,0.07937349619530142,0.03867359198214736,0.012697923161182444
0.17018231749534607,0.0847746804356575,0.1471870181336999,0.07937349619530142,0.03867359198214736,0.012697923161182444
0.0915760025382042,0.0652540847659111,0.1471870181336999,0.07937349619530142,0.03867359198214736,0.012697923161182444
0.22017838060855865,0.10124830901622772,0.1471870181336999,0.07937349619530142,0.03867359198214736,0.012697923161182444
0.10686250030994415,0.06415416300296783,0.1471870181336999,0.07937349619530142,0.03867359198214736,0.012697923161182444
0.1777317374944687,0.09176138043403625,0.1471870181336999,0.07937349619530142,0.03867359198214736,0.012697923161182444
0.16284418106079102,0.08320888876914978,0.1471870181336999,0.07937349619530142,0.03867359198214736,0.012697923161182444
0.08548131585121155,0.05908951908349991,0.1471870181336999,0.07937349619530142,0.03867359198214736,0.012697923161182444
0.1709904968738556,0.08628309518098831,0.1471870181336999,0.07937349619530142,0.03867359198214736,0.012697923161182444
0.16845647990703583,0.08753687888383865,0.1471870181336999,0.07937349619530142,0.03867359198214736,0.012697923161182444
0.19313998520374298,0.09170280396938324,0.1471870181336999,0.07937349619530142,0.03867359198214736,0.012697923161182444
0.10653074830770493,0.0643809363245964,0.1471870181336999,0.07937349619530142,0.03867359198214736,0.012697923161182444
0.10689447075128555,0.06886396557092667,0.1471870181336999,0.07937349619530142,0.03867359198214736,0.012697923161182444
0.13508030772209167,0.07093945145606995,0.1471870181336999,0.07937349619530142,0.03867359198214736,0.012697923161182444
0.13336674869060516,0.07250629365444183,0.1471870181336999,0.07937349619530142,0.03867359198214736,0.012697923161182444
0.0982736349105835,0.07010950893163681,0.1471870181336999,0.07937349619530142,0.03867359198214736,0.012697923161182444
0.1849825531244278,0.0922417864203453,0.1471870181336999,0.07937349619530142,0.03867359198214736,0.012697923161182444
0.2194238007068634,0.10596124827861786,0.1471870181336999,0.07937349619530142,0.03867359198214736,0.012697923161182444
0.13641001284122467,0.07291331142187119,0.1471870181336999,0.07937349619530142,0.03867359198214736,0.012697923161182444
0.1099952831864357,0.07072898000478745,0.1471870181336999,0.07937349619530142,0.03867359198214736,0.012697923161182444
0.13261066377162933,0.07387550920248032,0.1471870181336999,0.07937349619530142,0.03867359198214736,0.012697923161182444
0.1458166241645813,0.08394654840230942,0.1471870181336999,0.07937349619530142,0.03867359198214736,0.012697923161182444
0.14347951114177704,0.08124066144227982,0.1471870181336999,0.07937349619530142,0.03867359198214736,0.012697923161182444
0.1980193853378296,0.09295234829187393,0.1471870181336999,0.07937349619530142,0.03867359198214736,0.012697923161182444
0.17503948509693146,0.08656701445579529,0.1471870181336999,0.07937349619530142,0.03867359198214736,0.012697923161182444
0.19243048131465912,0.09415233880281448,0.1471870181336999,0.07937349619530142,0.03867359198214736,0.012697923161182444
0.1782272756099701,0.08542533963918686,0.1471870181336999,0.07937349619530142,0.03867359198214736,0.012697923161182444
0.17218324542045593,0.08590926975011826,0.1471870181336999,0.07937349619530142,0.03867359198214736,0.012697923161182444
0.09716564416885376,0.06399516016244888,0.1471870181336999,0.07937349619530142,0.03867359198214736,0.012697923161182444
0.1915004700422287,0.09208138287067413,0.1471870181336999,0.07937349619530142,0.03867359198214736,0.012697923161182444
0.21528969705104828,0.10228238999843597,0.1471870181336999,0.07937349619530142,0.03867359198214736,0.012697923161182444
0.1504053920507431,0.07589402794837952,0.1471870181336999,0.07937349619530142,0.03867359198214736,0.012697923161182444
0.21107056736946106,0.10161362588405609,0.1471870181336999,0.07937349619530142,0.03867359198214736,0.012697923161182444
0.21178528666496277,0.09892753511667252,0.1471870181336999,0.07937349619530142,0.03867359198214736,0.012697923161182444
0.19524385035037994,0.0934436172246933,0.1471870181336999,0.07937349619530142,0.03867359198214736,0.012697923161182444
0.10217241942882538,0.06671422719955444,0.1471870181336999,0.07937349619530142,0.03867359198214736,0.012697923161182444
0.08095815032720566,0.06205002963542938,0.1471870181336999,0.07937349619530142,0.03867359198214736,0.012697923161182444
0.12484533339738846,0.07102779299020767,0.1471870181336999,0.07937349619530142,0.03867359198214736,0.012697923161182444
0.11904904991388321,0.06394219398498535,0.1471870181336999,0.07937349619530142,0.03867359198214736,0.012697923161182444
0.10540417581796646,0.06747596710920334,0.1471870181336999,0.07937349619530142,0.03867359198214736,0.012697923161182444
0.15914523601531982,0.08159629255533218,0.1471870181336999,0.07937349619530142,0.03867359198214736,0.012697923161182444
0.12094021588563919,0.06721147894859314,0.1471870181336999,0.07937349619530142,0.03867359198214736,0.012697923161182444
0.08777959644794464,0.06271693855524063,0.1471870181336999,0.07937349619530142,0.03867359198214736,0.012697923161182444
0.17676877975463867,0.08631713688373566,0.1471870181336999,0.07937349619530142,0.03867359198214736,0.012697923161182444
0.1604709029197693,0.07843291014432907,0.1471870181336999,0.07937349619530142,0.03867359198214736,0.012697923161182444
0.2094576507806778,0.09858741611242294,0.1471870181336999,0.07937349619530142,0.03867359198214736,0.012697923161182444
0.0974816307425499,0.0607285276055336,0.1471870181336999,0.07937349619530142,0.03867359198214736,0.012697923161182444
0.12572476267814636,0.06658751517534256,0.1471870181336999,0.07937349619530142,0.03867359198214736,0.012697923161182444
0.08564499020576477,0.05920858681201935,0.1471870181336999,0.07937349619530142,0.03867359198214736,0.012697923161182444
0.1761109083890915,0.08483754098415375,0.1471870181336999,0.07937349619530142,0.03867359198214736,0.012697923161182444
0.19237498939037323,0.08771295100450516,0.1471870181336999,0.07937349619530142,0.03867359198214736,0.012697923161182444
0.13933895528316498,0.07080544531345367,0.1471870181336999,0.07937349619530142,0.03867359198214736,0.012697923161182444
0.2233816236257553,0.10198767483234406,0.1471870181336999,0.07937349619530142,0.03867359198214736,0.012697923161182444
0.14025844633579254,0.07197850197553635,0.1471870181336999,0.07937349619530142,0.03867359198214736,0.012697923161182444
0.10586939752101898,0.0692138671875,0.1471870181336999,0.07937349619530142,0.03867359198214736,0.012697923161182444
0.1349995881319046,0.0711619034409523,0.1471870181336999,0.07937349619530142,0.03867359198214736,0.012697923161182444
0.2045793980360031,0.09770818054676056,0.1471870181336999,0.07937349619530142,0.03867359198214736,0.012697923161182444
0.10563543438911438,0.0687280148267746,0.1471870181336999,0.07937349619530142,0.03867359198214736,0.012697923161182444
0.12202972918748856,0.06978893280029297,0.1471870181336999,0.07937349619530142,0.03867359198214736,0.012697923161182444
0.09026601165533066,0.06358668208122253,0.1471870181336999,0.07937349619530142,0.03867359198214736,0.012697923161182444
0.21307295560836792,0.09998057037591934,0.1471870181336999,0.07937349619530142,0.03867359198214736,0.012697923161182444
0.1059531718492508,0.06814879179000854,0.1471870181336999,0.07937349619530142,0.03867359198214736,0.012697923161182444
0.12246550619602203,0.07298962026834488,0.1471870181336999,0.07937349619530142,0.03867359198214736,0.012697923161182444
0.12564796209335327,0.07359449565410614,0.1471870181336999,0.07937349619530142,0.03867359198214736,0.012697923161182444
0.12151037156581879,0.0685703381896019,0.1471870181336999,0.07937349619530142,0.03867359198214736,0.012697923161182444
0.1330895721912384,0.07665184140205383,0.1471870181336999,0.07937349619530142,0.03867359198214736,0.012697923161182444
0.08916421979665756,0.06529370695352554,0.1471870181336999,0.07937349619530142,0.03867359198214736,0.012697923161182444
0.10175246745347977,0.06275634467601776,0.1471870181336999,0.07937349619530142,0.03867359198214736,0.012697923161182444
0.14574457705020905,0.07835114747285843,0.1471870181336999,0.07937349619530142,0.03867359198214736,0.012697923161182444
0.18257196247577667,0.09446214884519577,0.1471870181336999,0.07937349619530142,0.03867359198214736,0.012697923161182444
0.11561887711286545,0.07051073014736176,0.1471870181336999,0.07937349619530142,0.03867359198214736,0.012697923161182444
0.1470392495393753,0.07612983882427216,0.1471870181336999,0.07937349619530142,0.03867359198214736,0.012697923161182444
0.16066814959049225,0.08374327421188354,0.1471870181336999,0.07937349619530142,0.03867359198214736,0.012697923161182444
0.18783260881900787,0.0867123007774353,0.1471870181336999,0.07937349619530142,0.03867359198214736,0.012697923161182444
0.1488397717475891,0.08165249228477478,0.1471870181336999,0.07937349619530142,0.03867359198214736,0.012697923161182444
0.082474485039711,0.05941103771328926,0.1471870181336999,0.07937349619530142,0.03867359198214736,0.012697923161182444
0.18979252874851227,0.09606695920228958,0.1471870181336999,0.07937349619530142,0.03867359198214736,0.012697923161182444
0.1343180537223816,0.07288456708192825,0.1471870181336999,0.07937349619530142,0.03867359198214736,0.012697923161182444
0.15761415660381317,0.07968480885028839,0.1471870181336999,0.07937349619530142,0.03867359198214736,0.012697923161182444
0.08863795548677444,0.06256221979856491,0.1471870181336999,0.07937349619530142,0.03867359198214736,0.012697923161182444
0.08959198743104935,0.06135987490415573,0.1471870181336999,0.07937349619530142,0.03867359198214736,0.012697923161182444
0.09079955518245697,0.06483777612447739,0.1471870181336999,0.07937349619530142,0.03867359198214736,0.012697923161182444
0.11604086309671402,0.07171176373958588,0.1471870181336999,0.07937349619530142,0.03867359198214736,0.012697923161182444
0.10760237276554108,0.0721736028790474,0.1471870181336999,0.07937349619530142,0.03867359198214736,0.012697923161182444
0.08962757885456085,0.06575386226177216,0.1471870181336999,0.07937349619530142,0.03867359198214736,0.012697923161182444
0.1776873916387558,0.09301622956991196,0.1471870181336999,0.07937349619530142,0.03867359198214736,0.012697923161182444
0.13969871401786804,0.07322532683610916,0.1471870181336999,0.07937349619530142,0.03867359198214736,0.012697923161182444
0.21097128093242645,0.10725420713424683,0.1471870181336999,0.07937349619530142,0.03867359198214736,0.012697923161182444
0.2189532369375229,0.1069348156452179,0.1471870181336999,0.07937349619530142,0.03867359198214736,0.012697923161182444
0.17243412137031555,0.08267071098089218,0.1471870181336999,0.07937349619530142,0.03867359198214736,0.012697923161182444
0.1944701373577118,0.09347885847091675,0.1471870181336999,0.07937349619530142,0.03867359198214736,0.012697923161182444
0.11551721394062042,0.06537093967199326,0.1471870181336999,0.07937349619530142,0.03867359198214736,0.012697923161182444
0.07712231576442719,0.060812827199697495,0.1471870181336999,0.07937349619530142,0.03867359198214736,0.012697923161182444
0.23216377198696136,0.11215248703956604,0.1471870181336999,0.07937349619530142,0.03867359198214736,0.012697923161182444
0.12876877188682556,0.07078930735588074,0.1471870181336999,0.07937349619530142,0.03867359198214736,0.012697923161182444
0.18853238224983215,0.09551582485437393,0.1471870181336999,0.07937349619530142,0.03867359198214736,0.012697923161182444
0.1686105877161026,0.08566264063119888,0.1471870181336999,0.07937349619530142,0.03867359198214736,0.012697923161182444
0.10522746294736862,0.06828203797340393,0.1471870181336999,0.07937349619530142,0.03867359198214736,0.012697923161182444
0.1139344722032547,0.06816523522138596,0.1471870181336999,0.07937349619530142,0.03867359198214736,0.012697923161182444
0.1582261472940445,0.08438965678215027,0.1471870181336999,0.07937349619530142,0.03867359198214736,0.012697923161182444
0.12439312785863876,0.06800173968076706,0.1471870181336999,0.07937349619530142,0.03867359198214736,0.012697923161182444
0.19844795763492584,0.09571675211191177,0.1471870181336999,0.07937349619530142,0.03867359198214736,0.012697923161182444
0.08012396097183228,0.06079390272498131,0.1471870181336999,0.07937349619530142,0.03867359198214736,0.012697923161182444
0.19791051745414734,0.09546171873807907,0.1471870181336999,0.07937349619530142,0.03867359198214736,0.012697923161182444
0.11425463110208511,0.07446584850549698,0.1471870181336999,0.07937349619530142,0.03867359198214736,0.012697923161182444
0.16202214360237122,0.086222343146801,0.1471870181336999,0.07937349619530142,0.03867359198214736,0.012697923161182444
0.06969345360994339,0.05763362720608711,0.1471870181336999,0.07937349619530142,0.03867359198214736,0.012697923161182444
0.08863753825426102,0.06564778089523315,0.1471870181336999,0.07937349619530142,0.03867359198214736,0.012697923161182444
0.09399668872356415,0.06724248826503754,0.1471870181336999,0.07937349619530142,0.03867359198214736,0.012697923161182444
0.16001679003238678,0.08124043047428131,0.1471870181336999,0.07937349619530142,0.03867359198214736,0.012697923161182444
0.13018503785133362,0.08023865520954132,0.1471870181336999,0.07937349619530142,0.03867359198214736,0.012697923161182444
0.1875995248556137,0.08875218033790588,0.1471870181336999,0.07937349619530142,0.03867359198214736,0.012697923161182444
0.14008112251758575,0.07804355025291443,0.1471870181336999,0.07937349619530142,0.03867359198214736,0.012697923161182444
0.15717583894729614,0.08087346702814102,0.1471870181336999,0.07937349619530142,0.03867359198214736,0.012697923161182444
0.22217105329036713,0.10897693037986755,0.1471870181336999,0.07937349619530142,0.03867359198214736,0.012697923161182444
0.11217649281024933,0.0701269581913948,0.1471870181336999,0.07937349619530142,0.03867359198214736,0.012697923161182444
0.10055488348007202,0.06719951331615448,0.1471870181336999,0.07937349619530142,0.03867359198214736,0.012697923161182444
0.15214230120182037,0.07704246044158936,0.1471870181336999,0.07937349619530142,0.03867359198214736,0.012697923161182444
0.18961207568645477,0.1022978350520134,0.1471870181336999,0.07937349619530142,0.03867359198214736,0.012697923161182444
0.09259474277496338,0.0663922056555748,0.1471870181336999,0.07937349619530142,0.03867359198214736,0.012697923161182444
0.09813734889030457,0.06816969066858292,0.1471870181336999,0.07937349619530142,0.03867359198214736,0.012697923161182444
0.11686578392982483,0.06669497489929199,0.1471870181336999,0.07937349619530142,0.03867359198214736,0.012697923161182444
0.12955927848815918,0.0707109123468399,0.1471870181336999,0.07937349619530142,0.03867359198214736,0.012697923161182444
0.12012096494436264,0.06712906062602997,0.1471870181336999,0.07937349619530142,0.03867359198214736,0.012697923161182444
0.1764860898256302,0.09066031873226166,0.1471870181336999,0.07937349619530142,0.03867359198214736,0.012697923161182444
0.23753555119037628,0.11312247067689896,0.1471870181336999,0.07937349619530142,0.03867359198214736,0.012697923161182444
0.178193137049675,0.08795076608657837,0.1471870181336999,0.07937349619530142,0.03867359198214736,0.012697923161182444
0.17732112109661102,0.08989755064249039,0.1471870181336999,0.07937349619530142,0.03867359198214736,0.012697923161182444
0.15840616822242737,0.08346325904130936,0.1471870181336999,0.07937349619530142,0.03867359198214736,0.012697923161182444
0.10362087190151215,0.06943043321371078,0.1471870181336999,0.07937349619530142,0.03867359198214736,0.012697923161182444
0.12096196413040161,0.07384135574102402,0.1471870181336999,0.07937349619530142,0.03867359198214736,0.012697923161182444
0.14679859578609467,0.07749216258525848,0.1471870181336999,0.07937349619530142,0.03867359198214736,0.012697923161182444
0.13089686632156372,0.07645662128925323,0.1471870181336999,0.07937349619530142,0.03867359198214736,0.012697923161182444
0.1133345514535904,0.06940312683582306,0.1471870181336999,0.07937349619530142,0.03867359198214736,0.012697923161182444
0.20375996828079224,0.0985175296664238,0.1471870181336999,0.07937349619530142,0.03867359198214736,0.012697923161182444
0.14072154462337494,0.07303221523761749,0.1471870181336999,0.07937349619530142,0.03867359198214736,0.012697923161182444
0.18538117408752441,0.08872555941343307,0.1471870181336999,0.07937349619530142,0.03867359198214736,0.012697923161182444
0.17494891583919525,0.08549106866121292,0.1471870181336999,0.07937349619530142,0.03867359198214736,0.012697923161182444
0.09815799444913864,0.06698097288608551,0.1471870181336999,0.07937349619530142,0.03867359198214736,0.012697923161182444
0.13199639320373535,0.06749581545591354,0.1471870181336999,0.07937349619530142,0.03867359198214736,0.012697923161182444
0.18962261080741882,0.0952548012137413,0.1471870181336999,0.07937349619530142,0.03867359198214736,0.012697923161182444
0.1725199967622757,0.08415069431066513,0.1471870181336999,0.07937349619530142,0.03867359198214736,0.012697923161182444
0.19390703737735748,0.09510480612516403,0.1471870181336999,0.07937349619530142,0.03867359198214736,0.012697923161182444
0.20103220641613007,0.0995510071516037,0.1471870181336999,0.07937349619530142,0.03867359198214736,0.012697923161182444
0.15667708218097687,0.08030454814434052,0.1471870181336999,0.07937349619530142,0.03867359198214736,0.012697923161182444
0.08958091586828232,0.061484262347221375,0.1471870181336999,0.07937349619530142,0.03867359198214736,0.012697923161182444
0.1247495487332344,0.0734555572271347,0.1471870181336999,0.07937349619530142,0.03867359198214736,0.012697923161182444
0.18556933104991913,0.0904906690120697,0.1471870181336999,0.07937349619530142,0.03867359198214736,0.012697923161182444
0.08543962240219116,0.060910649597644806,0.1471870181336999,0.07937349619530142,0.03867359198214736,0.012697923161182444
0.1629439741373062,0.08137683570384979,0.1471870181336999,0.07937349619530142,0.03867359198214736,0.012697923161182444
0.15413668751716614,0.07919169962406158,0.1471870181336999,0.07937349619530142,0.03867359198214736,0.012697923161182444
0.23713277280330658,0.11437682807445526,0.1471870181336999,0.07937349619530142,0.03867359198214736,0.012697923161182444
0.17059391736984253,0.08758512884378433,0.1471870181336999,0.07937349619530142,0.03867359198214736,0.012697923161182444
0.14904722571372986,0.07369793951511383,0.1471870181336999,0.07937349619530142,0.03867359198214736,0.012697923161182444
0.1122412458062172,0.0646725594997406,0.1471870181336999,0.07937349619530142,0.03867359198214736,0.012697923161182444
0.2644752860069275,0.1293429434299469,0.1471870181336999,0.07937349619530142,0.03867359198214736,0.012697923161182444
0.11300638318061829,0.06807762384414673,0.1471870181336999,0.07937349619530142,0.03867359198214736,0.012697923161182444
0.14305581152439117,0.07696682959794998,0.1471870181336999,0.07937349619530142,0.03867359198214736,0.012697923161182444
0.1801169365644455,0.08794333785772324,0.1471870181336999,0.07937349619530142,0.03867359198214736,0.012697923161182444
0.13365213572978973,0.07917985320091248,0.1471870181336999,0.07937349619530142,0.03867359198214736,0.012697923161182444
0.1863270401954651,0.09191162884235382,0.1471870181336999,0.07937349619530142,0.03867359198214736,0.012697923161182444
0.1624792516231537,0.08379284292459488,0.1471870181336999,0.07937349619530142,0.03867359198214736,0.012697923161182444
0.2256758064031601,0.1086408942937851,0.1471870181336999,0.07937349619530142,0.03867359198214736,0.012697923161182444
0.07581644505262375,0.06090543791651726,0.1471870181336999,0.07937349619530142,0.03867359198214736,0.012697923161182444
0.18481487035751343,0.09005218744277954,0.1471870181336999,0.07937349619530142,0.03867359198214736,0.012697923161182444
0.16398464143276215,0.08783355355262756,0.1471870181336999,0.07937349619530142,0.03867359198214736,0.012697923161182444
0.08380836248397827,0.06084197759628296,0.1471870181336999,0.07937349619530142,0.03867359198214736,0.012697923161182444
0.1678798347711563,0.08484445512294769,0.1471870181336999,0.07937349619530142,0.03867359198214736,0.012697923161182444
0.1985357701778412,0.09625665843486786,0.1471870181336999,0.07937349619530142,0.03867359198214736,0.012697923161182444
0.10869206488132477,0.06732320040464401,0.1471870181336999,0.07937349619530142,0.03867359198214736,0.012697923161182444
0.117172971367836,0.072640560567379,0.1471870181336999,0.07937349619530142,0.03867359198214736,0.012697923161182444
0.17881634831428528,0.08914843946695328,0.1471870181336999,0.07937349619530142,0.03867359198214736,0.012697923161182444
0.16125650703907013,0.08136007189750671,0.1471870181336999,0.07937349619530142,0.03867359198214736,0.012697923161182444
0.14324167370796204,0.07998566329479218,0.1471870181336999,0.07937349619530142,0.03867359198214736,0.012697923161182444
0.0844319686293602,0.06170254945755005,0.1471870181336999,0.07937349619530142,0.03867359198214736,0.012697923161182444
0.11966045945882797,0.07099147886037827,0.1471870181336999,0.07937349619530142,0.03867359198214736,0.012697923161182444
0.0970100611448288,0.06273870170116425,0.1471870181336999,0.07937349619530142,0.03867359198214736,0.012697923161182444
0.09328977763652802,0.06311998516321182,0.1471870181336999,0.07937349619530142,0.03867359198214736,0.012697923161182444
0.1177728921175003,0.0715278834104538,0.1471870181336999,0.07937349619530142,0.03867359198214736,0.012697923161182444
0.19298991560935974,0.09157109260559082,0.1471870181336999,0.07937349619530142,0.03867359198214736,0.012697923161182444
0.15251830220222473,0.07567928731441498,0.1471870181336999,0.07937349619530142,0.03867359198214736,0.012697923161182444
0.2211669534444809,0.10632782429456711,0.1471870181336999,0.07937349619530142,0.03867359198214736,0.012697923161182444
0.1377914547920227,0.08141662925481796,0.1471870181336999,0.07937349619530142,0.03867359198214736,0.012697923161182444
0.18959327042102814,0.09399393945932388,0.1471870181336999,0.07937349619530142,0.03867359198214736,0.012697923161182444
0.11875011771917343,0.07272365689277649,0.1471870181336999,0.07937349619530142,0.03867359198214736,0.012697923161182444
0.1488690972328186,0.07817039638757706,0.1471870181336999,0.07937349619530142,0.03867359198214736,0.012697923161182444
0.12294752150774002,0.06909775733947754,0.1471870181336999,0.07937349619530142,0.03867359198214736,0.012697923161182444
0.13084951043128967,0.07461248338222504,0.1471870181336999,0.07937349619530142,0.03867359198214736,0.012697923161182444
0.17957615852355957,0.09167512506246567,0.1471870181336999,0.07937349619530142,0.03867359198214736,0.012697923161182444
0.1196388378739357,0.07532180100679398,0.1471870181336999,0.07937349619530142,0.03867359198214736,0.012697923161182444
0.1457543820142746,0.08183388411998749,0.1471870181336999,0.07937349619530142,0.03867359198214736,0.012697923161182444
0.15806570649147034,0.07899589091539383,0.1471870181336999,0.07937349619530142,0.03867359198214736,0.012697923161182444
0.20096951723098755,0.10173970460891724,0.1471870181336999,0.07937349619530142,0.03867359198214736,0.012697923161182444
0.1893627941608429,0.09158386290073395,0.1471870181336999,0.07937349619530142,0.03867359198214736,0.012697923161182444
0.08454336225986481,0.06130518764257431,0.1471870181336999,0.07937349619530142,0.03867359198214736,0.012697923161182444
0.15297020971775055,0.07586608827114105,0.1471870181336999,0.07937349619530142,0.03867359198214736,0.012697923161182444
0.18098488450050354,0.09307267516851425,0.1471870181336999,0.07937349619530142,0.03867359198214736,0.012697923161182444
0.1722119003534317,0.08989541977643967,0.1471870181336999,0.07937349619530142,0.03867359198214736,0.012697923161182444
0.17059925198554993,0.08600794523954391,0.1471870181336999,0.07937349619530142,0.03867359198214736,0.012697923161182444
0.12529517710208893,0.071661077439785,0.1471870181336999,0.07937349619530142,0.03867359198214736,0.012697923161182444
0.19359056651592255,0.09459060430526733,0.1471870181336999,0.07937349619530142,0.03867359198214736,0.012697923161182444
0.10155600309371948,0.06785423308610916,0.1471870181336999,0.07937349619530142,0.03867359198214736,0.012697923161182444
0.1846838742494583,0.09184473007917404,0.1471870181336999,0.07937349619530142,0.03867359198214736,0.012697923161182444
0.13300395011901855,0.07258246839046478,0.1471870181336999,0.07937349619530142,0.03867359198214736,0.012697923161182444
0.22279991209506989,0.10877865552902222,0.1471870181336999,0.07937349619530142,0.03867359198214736,0.012697923161182444
0.18436922132968903,0.0897032842040062,0.1471870181336999,0.07937349619530142,0.03867359198214736,0.012697923161182444
0.18821199238300323,0.09627681225538254,0.1471870181336999,0.07937349619530142,0.03867359198214736,0.012697923161182444
0.1584509015083313,0.08372318744659424,0.1471870181336999,0.07937349619530142,0.03867359198214736,0.012697923161182444
0.1704171746969223,0.08401382714509964,0.1471870181336999,0.07937349619530142,0.03867359198214736,0.012697923161182444
0.23127266764640808,0.10830658674240112,0.1471870181336999,0.07937349619530142,0.03867359198214736,0.012697923161182444
0.1831894963979721,0.08750405162572861,0.1471870181336999,0.07937349619530142,0.03867359198214736,0.012697923161182444
0.12276286631822586,0.07458551973104477,0.1471870181336999,0.07937349619530142,0.03867359198214736,0.012697923161182444
0.16264110803604126,0.07825957983732224,0.1471870181336999,0.07937349619530142,0.03867359198214736,0.012697923161182444
0.15976481139659882,0.08318775147199631,0.1471870181336999,0.07937349619530142,0.03867359198214736,0.012697923161182444
0.14291834831237793,0.08036860078573227,0.1471870181336999,0.07937349619530142,0.03867359198214736,0.012697923161182444
0.13098306953907013,0.06790009886026382,0.1471870181336999,0.07937349619530142,0.03867359198214736,0.012697923161182444
0.09680108726024628,0.06292329728603363,0.1471870181336999,0.07937349619530142,0.03867359198214736,0.012697923161182444
0.12064878642559052,0.07334986329078674,0.1471870181336999,0.07937349619530142,0.03867359198214736,0.012697923161182444
0.14582709968090057,0.0728873759508133,0.1471870181336999,0.07937349619530142,0.03867359198214736,0.012697923161182444
0.11983288079500198,0.06579603999853134,0.1471870181336999,0.07937349619530142,0.03867359198214736,0.012697923161182444
0.14407053589820862,0.07885336130857468,0.1471870181336999,0.07937349619530142,0.03867359198214736,0.012697923161182444
0.155080184340477,0.07948615401983261,0.1471870181336999,0.07937349619530142,0.03867359198214736,0.012697923161182444
0.13577601313591003,0.07284614443778992,0.1471870181336999,0.07937349619530142,0.03867359198214736,0.012697923161182444
0.17961837351322174,0.0866289958357811,0.1471870181336999,0.07937349619530142,0.03867359198214736,0.012697923161182444
0.08284137398004532,0.06255903095006943,0.1471870181336999,0.07937349619530142,0.03867359198214736,0.012697923161182444
0.12456963211297989,0.0710064172744751,0.1471870181336999,0.07937349619530142,0.03867359198214736,0.012697923161182444
0.17138752341270447,0.08237182348966599,0.1471870181336999,0.07937349619530142,0.03867359198214736,0.012697923161182444
0.13559086620807648,0.07682621479034424,0.1471870181336999,0.07937349619530142,0.03867359198214736,0.012697923161182444
0.16876912117004395,0.08542468398809433,0.1471870181336999,0.07937349619530142,0.03867359198214736,0.012697923161182444
0.20422831177711487,0.09755905717611313,0.1471870181336999,0.07937349619530142,0.03867359198214736,0.012697923161182444
0.09288305044174194,0.06165972724556923,0.1471870181336999,0.07937349619530142,0.03867359198214736,0.012697923161182444
0.20752033591270447,0.09916716814041138,0.1471870181336999,0.07937349619530142,0.03867359198214736,0.012697923161182444
0.14268521964550018,0.08143346011638641,0.1471870181336999,0.07937349619530142,0.03867359198214736,0.012697923161182444
0.12538477778434753,0.0709385946393013,0.1471870181336999,0.07937349619530142,0.03867359198214736,0.012697923161182444
0.10424178093671799,0.0706602931022644,0.1471870181336999,0.07937349619530142,0.03867359198214736,0.012697923161182444
0.2016126662492752,0.09981358051300049,0.1471870181336999,0.07937349619530142,0.03867359198214736,0.012697923161182444
0.16003453731536865,0.07912502437829971,0.1471870181336999,0.07937349619530142,0.03867359198214736,0.012697923161182444
0.16827049851417542,0.08316241204738617,0.1471870181336999,0.07937349619530142,0.03867359198214736,0.012697923161182444
0.20550888776779175,0.10078715533018112,0.1471870181336999,0.07937349619530142,0.03867359198214736,0.012697923161182444
0.22002844512462616,0.10411866754293442,0.1471870181336999,0.07937349619530142,0.03867359198214736,0.012697923161182444
0.0944753959774971,0.064601369202137,0.1471870181336999,0.07937349619530142,0.03867359198214736,0.012697923161182444
0.12058307975530624,0.07097230106592178,0.1471870181336999,0.07937349619530142,0.03867359198214736,0.012697923161182444
0.1874728500843048,0.09499935060739517,0.1471870181336999,0.07937349619530142,0.03867359198214736,0.012697923161182444
0.09080443531274796,0.06672009825706482,0.1471870181336999,0.07937349619530142,0.03867359198214736,0.012697923161182444
0.1104031428694725,0.07663355767726898,0.1471870181336999,0.07937349619530142,0.03867359198214736,0.012697923161182444
0.11131799221038818,0.06860311329364777,0.1471870181336999,0.07937349619530142,0.03867359198214736,0.012697923161182444
0.16435347497463226,0.08076155930757523,0.1471870181336999,0.07937349619530142,0.03867359198214736,0.012697923161182444
0.164523646235466,0.0822819247841835,0.1471870181336999,0.07937349619530142,0.03867359198214736,0.012697923161182444
0.15615864098072052,0.08725655823945999,0.1471870181336999,0.07937349619530142,0.03867359198214736,0.012697923161182444
0.18452757596969604,0.08853942155838013,0.1471870181336999,0.07937349619530142,0.03867359198214736,0.012697923161182444
0.08552150428295135,0.061399608850479126,0.1471870181336999,0.07937349619530142,0.03867359198214736,0.012697923161182444
0.0913097932934761,0.061731211841106415,0.1471870181336999,0.07937349619530142,0.03867359198214736,0.012697923161182444
0.15016454458236694,0.07994062453508377,0.1471870181336999,0.07937349619530142,0.03867359198214736,0.012697923161182444
0.12413760274648666,0.07559021562337875,0.1471870181336999,0.07937349619530142,0.03867359198214736,0.012697923161182444
0.15412630140781403,0.08797850459814072,0.1471870181336999,0.07937349619530142,0.03867359198214736,0.012697923161182444
0.19472359120845795,0.09485025703907013,0.1471870181336999,0.07937349619530142,0.03867359198214736,0.012697923161182444
0.21425262093544006,0.10409953445196152,0.1471870181336999,0.07937349619530142,0.03867359198214736,0.012697923161182444
0.11039222776889801,0.06841284781694412,0.1471870181336999,0.07937349619530142,0.03867359198214736,0.012697923161182444
0.18341416120529175,0.08699379861354828,0.1471870181336999,0.07937349619530142,0.03867359198214736,0.012697923161182444
0.11796615272760391,0.07550517469644547,0.1471870181336999,0.07937349619530142,0.03867359198214736,0.012697923161182444
0.20934845507144928,0.10198691487312317,0.1471870181336999,0.07937349619530142,0.03867359198214736,0.012697923161182444
0.14209599792957306,0.07702963054180145,0.1471870181336999,0.07937349619530142,0.03867359198214736,0.012697923161182444
0.19037243723869324,0.09425731748342514,0.1471870181336999,0.07937349619530142,0.03867359198214736,0.012697923161182444
0.14705224335193634,0.07854445278644562,0.1471870181336999,0.07937349619530142,0.03867359198214736,0.012697923161182444
0.134349524974823,0.07972387224435806,0.1471870181336999,0.07937349619530142,0.03867359198214736,0.012697923161182444
0.16336259245872498,0.08168657124042511,0.1471870181336999,0.07937349619530142,0.03867359198214736,0.012697923161182444
0.16021539270877838,0.07629097998142242,0.1471870181336999,0.07937349619530142,0.03867359198214736,0.012697923161182444
0.17854326963424683,0.08852370828390121,0.1471870181336999,0.07937349619530142,0.03867359198214736,0.012697923161182444
0.17303186655044556,0.08726976066827774,0.1471870181336999,0.07937349619530142,0.03867359198214736,0.012697923161182444
0.11959090828895569,0.07559166848659515,0.1471870181336999,0.07937349619530142,0.03867359198214736,0.012697923161182444
0.12559393048286438,0.0705166757106781,0.1471870181336999,0.07937349619530142,0.03867359198214736,0.012697923161182444
0.16538645327091217,0.08044808357954025,0.1471870181336999,0.07937349619530142,0.03867359198214736,0.012697923161182444
0.1538878232240677,0.0785224586725235,0.1471870181336999,0.07937349619530142,0.03867359198214736,0.012697923161182444
0.14955507218837738,0.07475769519805908,0.1471870181336999,0.07937349619530142,0.03867359198214736,0.012697923161182444
0.10526702553033829,0.06348477303981781,0.1471870181336999,0.07937349619530142,0.03867359198214736,0.012697923161182444
0.16281737387180328,0.08499637246131897,0.1471870181336999,0.07937349619530142,0.03867359198214736,0.012697923161182444
0.12426569312810898,0.07045377790927887,0.1471870181336999,0.07937349619530142,0.03867359198214736,0.012697923161182444
0.13111822307109833,0.07051766663789749,0.1471870181336999,0.07937349619530142,0.03867359198214736,0.012697923161182444
0.15844164788722992,0.07788906991481781,0.1471870181336999,0.07937349619530142,0.03867359198214736,0.012697923161182444
0.19077616930007935,0.08779790997505188,0.1471870181336999,0.07937349619530142,0.03867359198214736,0.012697923161182444
0.19288979470729828,0.09732621908187866,0.1471870181336999,0.07937349619530142,0.03867359198214736,0.012697923161182444
0.13634610176086426,0.07648864388465881,0.1471870181336999,0.07937349619530142,0.03867359198214736,0.012697923161182444
0.1210387796163559,0.07448501884937286,0.1471870181336999,0.07937349619530142,0.03867359198214736,0.012697923161182444
0.13819052278995514,0.07199171185493469,0.1471870181336999,0.07937349619530142,0.03867359198214736,0.012697923161182444
0.14259673655033112,0.08991465717554092,0.1471870181336999,0.07937349619530142,0.03867359198214736,0.012697923161182444
0.14543525874614716,0.07504134625196457,0.1471870181336999,0.07937349619530142,0.03867359198214736,0.012697923161182444
0.09013207256793976,0.06266739219427109,0.1471870181336999,0.07937349619530142,0.03867359198214736,0.012697923161182444
0.09006765484809875,0.06250093132257462,0.1471870181336999,0.07937349619530142,0.03867359198214736,0.012697923161182444
0.1304154247045517,0.07522181421518326,0.1471870181336999,0.07937349619530142,0.03867359198214736,0.012697923161182444
0.08449403196573257,0.059240274131298065,0.1471870181336999,0.07937349619530142,0.03867359198214736,0.012697923161182444
0.2152245044708252,0.10516075044870377,0.1471870181336999,0.07937349619530142,0.03867359198214736,0.012697923161182444
0.2031867951154709,0.09715400636196136,0.1471870181336999,0.07937349619530142,0.03867359198214736,0.012697923161182444
0.13781283795833588,0.07765916734933853,0.1471870181336999,0.07937349619530142,0.03867359198214736,0.012697923161182444
0.12722213566303253,0.07440382242202759,0.1471870181336999,0.07937349619530142,0.03867359198214736,0.012697923161182444
0.1786925196647644,0.08742549270391464,0.1471870181336999,0.07937349619530142,0.03867359198214736,0.012697923161182444
0.11811231821775436,0.07339470088481903,0.1471870181336999,0.07937349619530142,0.03867359198214736,0.012697923161182444
0.1381208747625351,0.07908622175455093,0.1471870181336999,0.07937349619530142,0.03867359198214736,0.012697923161182444
0.11012531816959381,0.06822001188993454,0.1471870181336999,0.07937349619530142,0.03867359198214736,0.012697923161182444
0.13293728232383728,0.07142331451177597,0.1471870181336999,0.07937349619530142,0.03867359198214736,0.012697923161182444
0.08531693369150162,0.06127319484949112,0.1471870181336999,0.07937349619530142,0.03867359198214736,0.012697923161182444
0.11014989763498306,0.0681876540184021,0.1471870181336999,0.07937349619530142,0.03867359198214736,0.012697923161182444
0.1254696547985077,0.07690844684839249,0.1471870181336999,0.07937349619530142,0.03867359198214736,0.012697923161182444
0.17768780887126923,0.09012215584516525,0.1471870181336999,0.07937349619530142,0.03867359198214736,0.012697923161182444
0.1533774584531784,0.07829371839761734,0.1471870181336999,0.07937349619530142,0.03867359198214736,0.012697923161182444
0.14246726036071777,0.08482618629932404,0.1471870181336999,0.07937349619530142,0.03867359198214736,0.012697923161182444
0.1607358753681183,0.08317848294973373,0.1471870181336999,0.07937349619530142,0.03867359198214736,0.012697923161182444
0.1506728231906891,0.07860872149467468,0.1471870181336999,0.07937349619530142,0.03867359198214736,0.012697923161182444
0.21008117496967316,0.0989961251616478,0.1471870181336999,0.07937349619530142,0.03867359198214736,0.012697923161182444
0.21223019063472748,0.10519152879714966,0.1471870181336999,0.07937349619530142,0.03867359198214736,0.012697923161182444
0.1452188491821289,0.07558310031890869,0.1471870181336999,0.07937349619530142,0.03867359198214736,0.012697923161182444
0.08673828840255737,0.06266924738883972,0.1471870181336999,0.07937349619530142,0.03867359198214736,0.012697923161182444
0.11757782101631165,0.07567206025123596,0.1471870181336999,0.07937349619530142,0.03867359198214736,0.012697923161182444
0.08940669894218445,0.06169876828789711,0.1471870181336999,0.07937349619530142,0.03867359198214736,0.012697923161182444
0.11381353437900543,0.07209732383489609,0.1471870181336999,0.07937349619530142,0.03867359198214736,0.012697923161182444
0.21620318293571472,0.10492175817489624,0.1471870181336999,0.07937349619530142,0.03867359198214736,0.012697923161182444
0.15476271510124207,0.08544507622718811,0.1471870181336999,0.07937349619530142,0.03867359198214736,0.012697923161182444
0.1795610934495926,0.08906415104866028,0.1471870181336999,0.07937349619530142,0.03867359198214736,0.012697923161182444
0.11914381384849548,0.07053375989198685,0.1471870181336999,0.07937349619530142,0.03867359198214736,0.012697923161182444
0.13055068254470825,0.06995636969804764,0.1471870181336999,0.07937349619530142,0.03867359198214736,0.012697923161182444
0.1759624183177948,0.08576448261737823,0.1471870181336999,0.07937349619530142,0.03867359198214736,0.012697923161182444
0.16534753143787384,0.08105581998825073,0.1471870181336999,0.07937349619530142,0.03867359198214736,0.012697923161182444
0.10646002739667892,0.06778523325920105,0.1471870181336999,0.07937349619530142,0.03867359198214736,0.012697923161182444
0.2314283698797226,0.11131256818771362,0.1471870181336999,0.07937349619530142,0.03867359198214736,0.012697923161182444
0.17342908680438995,0.08831817656755447,0.1471870181336999,0.07937349619530142,0.03867359198214736,0.012697923161182444
0.15818536281585693,0.07995639741420746,0.1471870181336999,0.07937349619530142,0.03867359198214736,0.012697923161182444
0.11282127350568771,0.07394818961620331,0.1471870181336999,0.07937349619530142,0.03867359198214736,0.012697923161182444
0.07725679129362106,0.06590013206005096,0.1471870181336999,0.07937349619530142,0.03867359198214736,0.012697923161182444
0.1737397462129593,0.08855211734771729,0.1471870181336999,0.07937349619530142,0.03867359198214736,0.012697923161182444
0.17029833793640137,0.08562223613262177,0.1471870181336999,0.07937349619530142,0.03867359198214736,0.012697923161182444
0.13382847607135773,0.07071839272975922,0.1471870181336999,0.07937349619530142,0.03867359198214736,0.012697923161182444
0.1575567126274109,0.07580037415027618,0.1471870181336999,0.07937349619530142,0.03867359198214736,0.012697923161182444
0.21050022542476654,0.10404445976018906,0.1471870181336999,0.07937349619530142,0.03867359198214736,0.012697923161182444
0.13924510776996613,0.0754128023982048,0.1471870181336999,0.07937349619530142,0.03867359198214736,0.012697923161182444
0.15725037455558777,0.08139856159687042,0.1471870181336999,0.07937349619530142,0.03867359198214736,0.012697923161182444
0.1798648238182068,0.0903778001666069,0.1471870181336999,0.07937349619530142,0.03867359198214736,0.012697923161182444
0.0782736986875534,0.06073407828807831,0.1471870181336999,0.07937349619530142,0.03867359198214736,0.012697923161182444
0.13965995609760284,0.0839902013540268,0.1471870181336999,0.07937349619530142,0.03867359198214736,0.012697923161182444
0.11819155514240265,0.07092995196580887,0.1471870181336999,0.07937349619530142,0.03867359198214736,0.012697923161182444
0.2020290046930313,0.0988779067993164,0.1471870181336999,0.07937349619530142,0.03867359198214736,0.012697923161182444
0.16181807219982147,0.09095292538404465,0.1471870181336999,0.07937349619530142,0.03867359198214736,0.012697923161182444
0.18708235025405884,0.08760691434144974,0.1471870181336999,0.07937349619530142,0.03867359198214736,0.012697923161182444
0.07899922132492065,0.057677723467350006,0.1471870181336999,0.07937349619530142,0.03867359198214736,0.012697923161182444
0.13610482215881348,0.07979141920804977,0.1471870181336999,0.07937349619530142,0.03867359198214736,0.012697923161182444
0.11869075894355774,0.06950202584266663,0.1471870181336999,0.07937349619530142,0.03867359198214736,0.012697923161182444
0.086490198969841,0.07006996870040894,0.1471870181336999,0.07937349619530142,0.03867359198214736,0.012697923161182444
0.12552490830421448,0.0706329345703125,0.1471870181336999,0.07937349619530142,0.03867359198214736,0.012697923161182444
0.23602591454982758,0.11499348282814026,0.1471870181336999,0.07937349619530142,0.03867359198214736,0.012697923161182444
0.13313987851142883,0.07678379863500595,0.1471870181336999,0.07937349619530142,0.03867359198214736,0.012697923161182444
0.1784527450799942,0.09018408507108688,0.1471870181336999,0.07937349619530142,0.03867359198214736,0.012697923161182444
0.16264040768146515,0.07995431125164032,0.1471870181336999,0.07937349619530142,0.03867359198214736,0.012697923161182444
0.0952400416135788,0.06344406306743622,0.1471870181336999,0.07937349619530142,0.03867359198214736,0.012697923161182444
0.1830357015132904,0.09392883628606796,0.1471870181336999,0.07937349619530142,0.03867359198214736,0.012697923161182444
0.20851649343967438,0.09866373986005783,0.1471870181336999,0.07937349619530142,0.03867359198214736,0.012697923161182444
0.17553777992725372,0.08663076162338257,0.1471870181336999,0.07937349619530142,0.03867359198214736,0.012697923161182444
0.15108850598335266,0.0805010199546814,0.1471870181336999,0.07937349619530142,0.03867359198214736,0.012697923161182444
0.10370725393295288,0.06713901460170746,0.1471870181336999,0.07937349619530142,0.03867359198214736,0.012697923161182444
0.14141948521137238,0.07448981702327728,0.1471870181336999,0.07937349619530142,0.03867359198214736,0.012697923161182444
0.13106952607631683,0.0798661932349205,0.1471870181336999,0.07937349619530142,0.03867359198214736,0.012697923161182444
0.2138681560754776,0.0980679988861084,0.1471870181336999,0.07937349619530142,0.03867359198214736,0.012697923161182444
0.1474151611328125,0.07861234992742538,0.1471870181336999,0.07937349619530142,0.03867359198214736,0.012697923161182444
0.16465651988983154,0.08083045482635498,0.1471870181336999,0.07937349619530142,0.03867359198214736,0.012697923161182444
0.10363150388002396,0.0645814836025238,0.1471870181336999,0.07937349619530142,0.03867359198214736,0.012697923161182444
0.19049985706806183,0.09126988798379898,0.1471870181336999,0.07937349619530142,0.03867359198214736,0.012697923161182444
0.1705939769744873,0.08377446979284286,0.1471870181336999,0.07937349619530142,0.03867359198214736,0.012697923161182444
0.20046626031398773,0.09140165895223618,0.1471870181336999,0.07937349619530142,0.03867359198214736,0.012697923161182444
0.21635212004184723,0.10365727543830872,0.1471870181336999,0.07937349619530142,0.03867359198214736,0.012697923161182444
0.14447179436683655,0.07883535325527191,0.1471870181336999,0.07937349619530142,0.03867359198214736,0.012697923161182444
0.1847047358751297,0.08875847607851028,0.1471870181336999,0.07937349619530142,0.03867359198214736,0.012697923161182444
0.10040929913520813,0.060516029596328735,0.1471870181336999,0.07937349619530142,0.03867359198214736,0.012697923161182444
0.14017821848392487,0.0783199891448021,0.1471870181336999,0.07937349619530142,0.03867359198214736,0.012697923161182444
0.1494070291519165,0.07496149837970734,0.1471870181336999,0.07937349619530142,0.03867359198214736,0.012697923161182444
0.18723034858703613,0.09006194025278091,0.1471870181336999,0.07937349619530142,0.03867359198214736,0.012697923161182444
0.19340087473392487,0.09056205302476883,0.1471870181336999,0.07937349619530142,0.03867359198214736,0.012697923161182444
0.1619115024805069,0.07817316800355911,0.1471870181336999,0.07937349619530142,0.03867359198214736,0.012697923161182444
0.19859790802001953,0.09737563878297806,0.1471870181336999,0.07937349619530142,0.03867359198214736,0.012697923161182444
0.21239162981510162,0.10558398813009262,0.1471870181336999,0.07937349619530142,0.03867359198214736,0.012697923161182444
0.10866517573595047,0.06693682074546814,0.1471870181336999,0.07937349619530142,0.03867359198214736,0.012697923161182444
0.10896577686071396,0.06904138624668121,0.1471870181336999,0.07937349619530142,0.03867359198214736,0.012697923161182444
0.12058580666780472,0.07192955911159515,0.1471870181336999,0.07937349619530142,0.03867359198214736,0.012697923161182444
0.1506199985742569,0.0808694064617157,0.1471870181336999,0.07937349619530142,0.03867359198214736,0.012697923161182444
0.12385882437229156,0.07101617008447647,0.1471870181336999,0.07937349619530142,0.03867359198214736,0.012697923161182444
0.17393052577972412,0.08690290153026581,0.1471870181336999,0.07937349619530142,0.03867359198214736,0.012697923161182444
0.14154507219791412,0.07116373628377914,0.1471870181336999,0.07937349619530142,0.03867359198214736,0.012697923161182444
0.2393629550933838,0.11407025903463364,0.1471870181336999,0.07937349619530142,0.03867359198214736,0.012697923161182444
0.18912412226200104,0.09108906984329224,0.1471870181336999,0.07937349619530142,0.03867359198214736,0.012697923161182444
0.1146228089928627,0.069075807929039,0.1471870181336999,0.07937349619530142,0.03867359198214736,0.012697923161182444
0.11140993237495422,0.0686756819486618,0.1471870181336999,0.07937349619530142,0.03867359198214736,0.012697923161182444
0.15597864985466003,0.07512032240629196,0.1471870181336999,0.07937349619530142,0.03867359198214736,0.012697923161182444
0.10748505592346191,0.06782235205173492,0.1471870181336999,0.07937349619530142,0.03867359198214736,0.012697923161182444
0.0920335203409195,0.06594628840684891,0.1471870181336999,0.07937349619530142,0.03867359198214736,0.012697923161182444
0.15730217099189758,0.07836102694272995,0.1471870181336999,0.07937349619530142,0.03867359198214736,0.012697923161182444
0.13602465391159058,0.07227793335914612,0.1471870181336999,0.07937349619530142,0.03867359198214736,0.012697923161182444
0.1577008068561554,0.07884436100721359,0.1471870181336999,0.07937349619530142,0.03867359198214736,0.012697923161182444
0.0904158279299736,0.0612138956785202,0.1471870181336999,0.07937349619530142,0.03867359198214736,0.012697923161182444
0.17808522284030914,0.08126917481422424,0.1471870181336999,0.07937349619530142,0.03867359198214736,0.012697923161182444
0.22207027673721313,0.10703284293413162,0.1471870181336999,0.07937349619530142,0.03867359198214736,0.012697923161182444
0.1512288898229599,0.07636651396751404,0.1471870181336999,0.07937349619530142,0.03867359198214736,0.012697923161182444
0.1861400604248047,0.088132843375206,0.1471870181336999,0.07937349619530142,0.03867359198214736,0.012697923161182444
0.12896667420864105,0.07606247812509537,0.1471870181336999,0.07937349619530142,0.03867359198214736,0.012697923161182444
0.14098110795021057,0.0731218159198761,0.1471870181336999,0.07937349619530142,0.03867359198214736,0.012697923161182444
0.1313287913799286,0.07525481283664703,0.1471870181336999,0.07937349619530142,0.03867359198214736,0.012697923161182444
0.16520032286643982,0.08448812365531921,0.1471870181336999,0.07937349619530142,0.03867359198214736,0.012697923161182444
0.09033874422311783,0.062001124024391174,0.1471870181336999,0.07937349619530142,0.03867359198214736,0.012697923161182444
0.16650624573230743,0.07979938387870789,0.1471870181336999,0.07937349619530142,0.03867359198214736,0.012697923161182444
0.18697607517242432,0.09203390032052994,0.1471870181336999,0.07937349619530142,0.03867359198214736,0.012697923161182444
0.1853085458278656,0.09014949202537537,0.1471870181336999,0.07937349619530142,0.03867359198214736,0.012697923161182444
0.14895008504390717,0.078697070479393,0.1471870181336999,0.07937349619530142,0.03867359198214736,0.012697923161182444
0.15602289140224457,0.07995131611824036,0.1471870181336999,0.07937349619530142,0.03867359198214736,0.012697923161182444
0.07972816377878189,0.06286338716745377,0.1471870181336999,0.07937349619530142,0.03867359198214736,0.012697923161182444
0.14993475377559662,0.07736911624670029,0.1471870181336999,0.07937349619530142,0.03867359198214736,0.012697923161182444
0.13106600940227509,0.07444925606250763,0.1471870181336999,0.07937349619530142,0.03867359198214736,0.012697923161182444
0.18906621634960175,0.09048854559659958,0.1471870181336999,0.07937349619530142,0.03867359198214736,0.012697923161182444
0.17805109918117523,0.08410847932100296,0.1471870181336999,0.07937349619530142,0.03867359198214736,0.012697923161182444
0.1912689357995987,0.08744262903928757,0.1471870181336999,0.07937349619530142,0.03867359198214736,0.012697923161182444
0.14182257652282715,0.07268016785383224,0.1471870181336999,0.07937349619530142,0.03867359198214736,0.012697923161182444
0.1253209412097931,0.0715499147772789,0.1471870181336999,0.07937349619530142,0.03867359198214736,0.012697923161182444
0.13853268325328827,0.07791051268577576,0.1471870181336999,0.07937349619530142,0.03867359198214736,0.012697923161182444
0.13641588389873505,0.07236786931753159,0.1471870181336999,0.07937349619530142,0.03867359198214736,0.012697923161182444
0.12184427678585052,0.07523926347494125,0.1471870181336999,0.07937349619530142,0.03867359198214736,0.012697923161182444
0.1693609207868576,0.08226556330919266,0.1471870181336999,0.07937349619530142,0.03867359198214736,0.012697923161182444
0.10286092758178711,0.06610983610153198,0.1471870181336999,0.07937349619530142,0.03867359198214736,0.012697923161182444
0.11327458173036575,0.06619112938642502,0.1471870181336999,0.07937349619530142,0.03867359198214736,0.012697923161182444
0.17881551384925842,0.08654217422008514,0.1471870181336999,0.07937349619530142,0.03867359198214736,0.012697923161182444
0.09416574239730835,0.06258662045001984,0.1471870181336999,0.07937349619530142,0.03867359198214736,0.012697923161182444
0.20342938601970673,0.09803955256938934,0.1471870181336999,0.07937349619530142,0.03867359198214736,0.012697923161182444
0.15127161145210266,0.07851223647594452,0.1471870181336999,0.07937349619530142,0.03867359198214736,0.012697923161182444
0.1902584284543991,0.09120678156614304,0.1471870181336999,0.07937349619530142,0.03867359198214736,0.012697923161182444
0.1872888207435608,0.09189295768737793,0.1471870181336999,0.07937349619530142,0.03867359198214736,0.012697923161182444
0.07410459965467453,0.05852004513144493,0.1471870181336999,0.07937349619530142,0.03867359198214736,0.012697923161182444
0.11767548322677612,0.07114191353321075,0.1471870181336999,0.07937349619530142,0.03867359198214736,0.012697923161182444
0.16653908789157867,0.08431250602006912,0.1471870181336999,0.07937349619530142,0.03867359198214736,0.012697923161182444
0.1519828587770462,0.07918903231620789,0.1471870181336999,0.07937349619530142,0.03867359198214736,0.012697923161182444
0.11499533802270889,0.06684327125549316,0.1471870181336999,0.07937349619530142,0.03867359198214736,0.012697923161182444
0.19593867659568787,0.09915407001972198,0.1471870181336999,0.07937349619530142,0.03867359198214736,0.012697923161182444
0.10977765172719955,0.06616431474685669,0.1471870181336999,0.07937349619530142,0.03867359198214736,0.012697923161182444
0.1268177181482315,0.07241126149892807,0.1471870181336999,0.07937349619530142,0.03867359198214736,0.012697923161182444
0.11901560425758362,0.07025644183158875,0.1471870181336999,0.07937349619530142,0.03867359198214736,0.012697923161182444
0.10481466352939606,0.0646333396434784,0.1471870181336999,0.07937349619530142,0.03867359198214736,0.012697923161182444
0.22758837044239044,0.10863134264945984,0.1471870181336999,0.07937349619530142,0.03867359198214736,0.012697923161182444
0.08793224394321442,0.06622990220785141,0.1471870181336999,0.07937349619530142,0.03867359198214736,0.012697923161182444
0.1969136744737625,0.09327869117259979,0.1471870181336999,0.07937349619530142,0.03867359198214736,0.012697923161182444
0.1654885858297348,0.08685630559921265,0.1471870181336999,0.07937349619530142,0.03867359198214736,0.012697923161182444
0.15683285892009735,0.08264719694852829,0.1471870181336999,0.07937349619530142,0.03867359198214736,0.012697923161182444
0.16182896494865417,0.08163835108280182,0.1471870181336999,0.07937349619530142,0.03867359198214736,0.012697923161182444
0.16415104269981384,0.08063534647226334,0.1471870181336999,0.07937349619530142,0.03867359198214736,0.012697923161182444
0.1543245017528534,0.07580066472291946,0.1471870181336999,0.07937349619530142,0.03867359198214736,0.012697923161182444
0.16553978621959686,0.07985088974237442,0.1471870181336999,0.07937349619530142,0.03867359198214736,0.012697923161182444
0.17881542444229126,0.10254774242639542,0.1471870181336999,0.07937349619530142,0.03867359198214736,0.012697923161182444
0.12468262761831284,0.0731031745672226,0.1471870181336999,0.07937349619530142,0.03867359198214736,0.012697923161182444
0.09910881519317627,0.06583099067211151,0.1471870181336999,0.07937349619530142,0.03867359198214736,0.012697923161182444
0.13834340870380402,0.0724075585603714,0.1471870181336999,0.07937349619530142,0.03867359198214736,0.012697923161182444
0.1870182454586029,0.09465793520212173,0.1471870181336999,0.07937349619530142,0.03867359198214736,0.012697923161182444
0.18780618906021118,0.09214704483747482,0.1471870181336999,0.07937349619530142,0.03867359198214736,0.012697923161182444
0.18267546594142914,0.0929756760597229,0.1471870181336999,0.07937349619530142,0.03867359198214736,0.012697923161182444
0.0852346271276474,0.06152043491601944,0.1471870181336999,0.07937349619530142,0.03867359198214736,0.012697923161182444
0.07166803628206253,0.056756313890218735,0.1471870181336999,0.07937349619530142,0.03867359198214736,0.012697923161182444
0.16833266615867615,0.08715574443340302,0.1471870181336999,0.07937349619530142,0.03867359198214736,0.012697923161182444
0.09138623625040054,0.06533501297235489,0.1471870181336999,0.07937349619530142,0.03867359198214736,0.012697923161182444
0.12251144647598267,0.06870996206998825,0.1471870181336999,0.07937349619530142,0.03867359198214736,0.012697923161182444
0.18582525849342346,0.09130772203207016,0.1471870181336999,0.07937349619530142,0.03867359198214736,0.012697923161182444
0.17253276705741882,0.08664815127849579,0.1471870181336999,0.07937349619530142,0.03867359198214736,0.012697923161182444
0.18309681117534637,0.09463731199502945,0.1471870181336999,0.07937349619530142,0.03867359198214736,0.012697923161182444
0.14347684383392334,0.07246609032154083,0.1471870181336999,0.07937349619530142,0.03867359198214736,0.012697923161182444
0.11858387291431427,0.06582019478082657,0.1471870181336999,0.07937349619530142,0.03867359198214736,0.012697923161182444
0.19144241511821747,0.10168231278657913,0.1471870181336999,0.07937349619530142,0.03867359198214736,0.012697923161182444
0.16661609709262848,0.0804528072476387,0.1471870181336999,0.07937349619530142,0.03867359198214736,0.012697923161182444
0.16657684743404388,0.08220412582159042,0.1471870181336999,0.07937349619530142,0.03867359198214736,0.012697923161182444
0.08482158929109573,0.061270032078027725,0.1471870181336999,0.07937349619530142,0.03867359198214736,0.012697923161182444
0.1478048861026764,0.07972721755504608,0.1471870181336999,0.07937349619530142,0.03867359198214736,0.012697923161182444
0.08969932794570923,0.0683145523071289,0.1471870181336999,0.07937349619530142,0.03867359198214736,0.012697923161182444
0.15891651809215546,0.08050882816314697,0.1471870181336999,0.07937349619530142,0.03867359198214736,0.012697923161182444
0.08712674677371979,0.06129443272948265,0.1471870181336999,0.07937349619530142,0.03867359198214736,0.012697923161182444
0.18050768971443176,0.08942149579524994,0.1471870181336999,0.07937349619530142,0.03867359198214736,0.012697923161182444
0.21350805461406708,0.102090984582901,0.1471870181336999,0.07937349619530142,0.03867359198214736,0.012697923161182444
0.13695047795772552,0.0796997919678688,0.1471870181336999,0.07937349619530142,0.03867359198214736,0.012697923161182444
0.13354317843914032,0.07869397103786469,0.1471870181336999,0.07937349619530142,0.03867359198214736,0.012697923161182444
0.09143398702144623,0.06562642008066177,0.1471870181336999,0.07937349619530142,0.03867359198214736,0.012697923161182444
0.11337708681821823,0.06876077502965927,0.1471870181336999,0.07937349619530142,0.03867359198214736,0.012697923161182444
0.12349943816661835,0.078657366335392,0.1471870181336999,0.07937349619530142,0.03867359198214736,0.012697923161182444
0.12328962981700897,0.06843891739845276,0.1471870181336999,0.07937349619530142,0.03867359198214736,0.012697923161182444
0.10128900408744812,0.06554188579320908,0.1471870181336999,0.07937349619530142,0.03867359198214736,0.012697923161182444
0.09327776730060577,0.06397298723459244,0.1471870181336999,0.07937349619530142,0.03867359198214736,0.012697923161182444
0.16226628422737122,0.079874686896801,0.1471870181336999,0.07937349619530142,0.03867359198214736,0.012697923161182444
0.18208250403404236,0.09321248531341553,0.1471870181336999,0.07937349619530142,0.03867359198214736,0.012697923161182444
0.16302630305290222,0.0818217471241951,0.1471870181336999,0.07937349619530142,0.03867359198214736,0.012697923161182444
0.13871462643146515,0.0752916932106018,0.1471870181336999,0.07937349619530142,0.03867359198214736,0.012697923161182444
0.1449015736579895,0.0817229300737381,0.1471870181336999,0.07937349619530142,0.03867359198214736,0.012697923161182444
0.16217176616191864,0.07815868407487869,0.1471870181336999,0.07937349619530142,0.03867359198214736,0.012697923161182444
0.0957772359251976,0.06838160753250122,0.1471870181336999,0.07937349619530142,0.03867359198214736,0.012697923161182444
0.1654687225818634,0.084937185049057,0.1471870181336999,0.07937349619530142,0.03867359198214736,0.012697923161182444
0.14711670577526093,0.07673189043998718,0.1471870181336999,0.07937349619530142,0.03867359198214736,0.012697923161182444
0.14801441133022308,0.07989202439785004,0.1471870181336999,0.07937349619530142,0.03867359198214736,0.012697923161182444
0.10528794676065445,0.06484193354845047,0.1471870181336999,0.07937349619530142,0.03867359198214736,0.012697923161182444
0.1870119422674179,0.09022065997123718,0.1471870181336999,0.07937349619530142,0.03867359198214736,0.012697923161182444
0.1357748657464981,0.07691207528114319,0.1471870181336999,0.07937349619530142,0.03867359198214736,0.012697923161182444
0.1654212921857834,0.08280936628580093,0.1471870181336999,0.07937349619530142,0.03867359198214736,0.012697923161182444
0.07692161947488785,0.059239279478788376,0.1471870181336999,0.07937349619530142,0.03867359198214736,0.012697923161182444
0.09672436863183975,0.06445475667715073,0.1471870181336999,0.07937349619530142,0.03867359198214736,0.012697923161182444
0.10567624866962433,0.06949667632579803,0.1471870181336999,0.07937349619530142,0.03867359198214736,0.012697923161182444
0.15885652601718903,0.08113684505224228,0.1471870181336999,0.07937349619530142,0.03867359198214736,0.012697923161182444
0.18707115948200226,0.09101904928684235,0.1471870181336999,0.07937349619530142,0.03867359198214736,0.012697923161182444
0.09373970329761505,0.06502100825309753,0.1471870181336999,0.07937349619530142,0.03867359198214736,0.012697923161182444
0.14222359657287598,0.07176366448402405,0.1471870181336999,0.07937349619530142,0.03867359198214736,0.012697923161182444
0.1456831395626068,0.07068153470754623,0.1471870181336999,0.07937349619530142,0.03867359198214736,0.012697923161182444
0.16644182801246643,0.09084289520978928,0.1471870181336999,0.07937349619530142,0.03867359198214736,0.012697923161182444
0.19318971037864685,0.08890526741743088,0.1471870181336999,0.07937349619530142,0.03867359198214736,0.012697923161182444
0.2095593959093094,0.09595061838626862,0.1471870181336999,0.07937349619530142,0.03867359198214736,0.012697923161182444
0.12961196899414062,0.07273402065038681,0.1471870181336999,0.07937349619530142,0.03867359198214736,0.012697923161182444
0.1583629995584488,0.08743121474981308,0.1471870181336999,0.07937349619530142,0.03867359198214736,0.012697923161182444
0.08997656404972076,0.06324006617069244,0.1471870181336999,0.07937349619530142,0.03867359198214736,0.012697923161182444
0.13744309544563293,0.07214321196079254,0.1471870181336999,0.07937349619530142,0.03867359198214736,0.012697923161182444
0.08821389079093933,0.06274326890707016,0.1471870181336999,0.07937349619530142,0.03867359198214736,0.012697923161182444
0.16930484771728516,0.08756884932518005,0.1471870181336999,0.07937349619530142,0.03867359198214736,0.012697923161182444
0.16323141753673553,0.08372190594673157,0.1471870181336999,0.07937349619530142,0.03867359198214736,0.012697923161182444
0.15431952476501465,0.07696361094713211,0.1471870181336999,0.07937349619530142,0.03867359198214736,0.012697923161182444
0.17511706054210663,0.0842089056968689,0.1471870181336999,0.07937349619530142,0.03867359198214736,0.012697923161182444
0.1635846346616745,0.08124454319477081,0.1471870181336999,0.07937349619530142,0.03867359198214736,0.012697923161182444
0.19151699542999268,0.09587133675813675,0.1471870181336999,0.07937349619530142,0.03867359198214736,0.012697923161182444
0.19114792346954346,0.09583231061697006,0.1471870181336999,0.07937349619530142,0.03867359198214736,0.012697923161182444
0.21756024658679962,0.10332196205854416,0.1471870181336999,0.07937349619530142,0.03867359198214736,0.012697923161182444
0.1105882003903389,0.06593761593103409,0.1471870181336999,0.07937349619530142,0.03867359198214736,0.012697923161182444
0.13691821694374084,0.07730833441019058,0.1471870181336999,0.07937349619530142,0.03867359198214736,0.012697923161182444
0.16220609843730927,0.08284920454025269,0.1471870181336999,0.07937349619530142,0.03867359198214736,0.012697923161182444
0.078252874314785,0.0594307966530323,0.1471870181336999,0.07937349619530142,0.03867359198214736,0.012697923161182444
0.13121351599693298,0.07071885466575623,0.1471870181336999,0.07937349619530142,0.03867359198214736,0.012697923161182444
0.08538415282964706,0.061021436005830765,0.1471870181336999,0.07937349619530142,0.03867359198214736,0.012697923161182444
0.17955121397972107,0.08920056372880936,0.1471870181336999,0.07937349619530142,0.03867359198214736,0.012697923161182444
0.19745667278766632,0.10463521629571915,0.1471870181336999,0.07937349619530142,0.03867359198214736,0.012697923161182444
0.16750535368919373,0.08580545336008072,0.1471870181336999,0.07937349619530142,0.03867359198214736,0.012697923161182444
0.15115788578987122,0.07953578978776932,0.1471870181336999,0.07937349619530142,0.03867359198214736,0.012697923161182444
0.12297200411558151,0.07258284837007523,0.1471870181336999,0.07937349619530142,0.03867359198214736,0.012697923161182444
0.17287175357341766,0.09221097826957703,0.1471870181336999,0.07937349619530142,0.03867359198214736,0.012697923161182444
0.18864823877811432,0.09082498401403427,0.1471870181336999,0.07937349619530142,0.03867359198214736,0.012697923161182444
0.13759563863277435,0.07396252453327179,0.1471870181336999,0.07937349619530142,0.03867359198214736,0.012697923161182444
0.12465713173151016,0.06663904339075089,0.1471870181336999,0.07937349619530142,0.03867359198214736,0.012697923161182444
0.16555598378181458,0.08532822132110596,0.1471870181336999,0.07937349619530142,0.03867359198214736,0.012697923161182444
0.15547999739646912,0.07714775949716568,0.1471870181336999,0.07937349619530142,0.03867359198214736,0.012697923161182444
0.18978458642959595,0.09302840381860733,0.1471870181336999,0.07937349619530142,0.03867359198214736,0.012697923161182444
0.10375910997390747,0.07214692234992981,0.1471870181336999,0.07937349619530142,0.03867359198214736,0.012697923161182444
0.22702282667160034,0.10583559423685074,0.1471870181336999,0.07937349619530142,0.03867359198214736,0.012697923161182444
0.1877114325761795,0.09079372882843018,0.1471870181336999,0.07937349619530142,0.03867359198214736,0.012697923161182444
0.21505330502986908,0.1009318083524704,0.1471870181336999,0.07937349619530142,0.03867359198214736,0.012697923161182444
0.16155053675174713,0.08295977115631104,0.1471870181336999,0.07937349619530142,0.03867359198214736,0.012697923161182444
0.1881304383277893,0.08881492912769318,0.1471870181336999,0.07937349619530142,0.03867359198214736,0.012697923161182444
0.14529089629650116,0.0804109126329422,0.1471870181336999,0.07937349619530142,0.03867359198214736,0.012697923161182444
0.13984322547912598,0.07388440519571304,0.1471870181336999,0.07937349619530142,0.03867359198214736,0.012697923161182444
0.14287211000919342,0.08201662451028824,0.1471870181336999,0.07937349619530142,0.03867359198214736,0.012697923161182444
0.1615331768989563,0.0880558118224144,0.1471870181336999,0.07937349619530142,0.03867359198214736,0.012697923161182444
0.22690141201019287,0.10761740803718567,0.1471870181336999,0.07937349619530142,0.03867359198214736,0.012697923161182444
0.15364843606948853,0.07781683653593063,0.1471870181336999,0.07937349619530142,0.03867359198214736,0.012697923161182444
0.0955524668097496,0.06404058635234833,0.1471870181336999,0.07937349619530142,0.03867359198214736,0.012697923161182444
0.09894967824220657,0.06165251135826111,0.1471870181336999,0.07937349619530142,0.03867359198214736,0.012697923161182444
0.14075565338134766,0.07314766198396683,0.1471870181336999,0.07937349619530142,0.03867359198214736,0.012697923161182444
0.16906847059726715,0.09252052754163742,0.1471870181336999,0.07937349619530142,0.03867359198214736,0.012697923161182444
0.1838580071926117,0.0946464091539383,0.1471870181336999,0.07937349619530142,0.03867359198214736,0.012697923161182444
0.1085609719157219,0.06854671239852905,0.1471870181336999,0.07937349619530142,0.03867359198214736,0.012697923161182444
0.10918720811605453,0.0688769593834877,0.1471870181336999,0.07937349619530142,0.03867359198214736,0.012697923161182444
0.18108226358890533,0.09061621874570847,0.1471870181336999,0.07937349619530142,0.03867359198214736,0.012697923161182444
0.1420181840658188,0.07665564864873886,0.1471870181336999,0.07937349619530142,0.03867359198214736,0.012697923161182444
0.1458442062139511,0.07681486010551453,0.1471870181336999,0.07937349619530142,0.03867359198214736,0.012697923161182444
0.10600218921899796,0.06834010779857635,0.1471870181336999,0.07937349619530142,0.03867359198214736,0.012697923161182444
0.16751280426979065,0.0869080051779747,0.1471870181336999,0.07937349619530142,0.03867359198214736,0.012697923161182444
0.1215754896402359,0.07484316825866699,0.1471870181336999,0.07937349619530142,0.03867359198214736,0.012697923161182444
0.12836013734340668,0.0750359371304512,0.1471870181336999,0.07937349619530142,0.03867359198214736,0.012697923161182444
0.08894111961126328,0.061520934104919434,0.1471870181336999,0.07937349619530142,0.03867359198214736,0.012697923161182444
0.1256871521472931,0.06659479439258575,0.1471870181336999,0.07937349619530142,0.03867359198214736,0.012697923161182444
0.10473641753196716,0.06736701726913452,0.1471870181336999,0.07937349619530142,0.03867359198214736,0.012697923161182444
0.21328970789909363,0.09608326107263565,0.1471870181336999,0.07937349619530142,0.03867359198214736,0.012697923161182444
0.14228031039237976,0.081258624792099,0.1471870181336999,0.07937349619530142,0.03867359198214736,0.012697923161182444
0.13107259571552277,0.0790063664317131,0.1471870181336999,0.07937349619530142,0.03867359198214736,0.012697923161182444
0.14477775990962982,0.07705109566450119,0.1471870181336999,0.07937349619530142,0.03867359198214736,0.012697923161182444
0.09692324697971344,0.06681375950574875,0.1471870181336999,0.07937349619530142,0.03867359198214736,0.012697923161182444
0.09711766242980957,0.06451553851366043,0.1471870181336999,0.07937349619530142,0.03867359198214736,0.012697923161182444
0.18162816762924194,0.08693402260541916,0.1471870181336999,0.07937349619530142,0.03867359198214736,0.012697923161182444
0.12596988677978516,0.07305994629859924,0.1471870181336999,0.07937349619530142,0.03867359198214736,0.012697923161182444
0.12772798538208008,0.07332030683755875,0.1471870181336999,0.07937349619530142,0.03867359198214736,0.012697923161182444
0.19707591831684113,0.10015573352575302,0.1471870181336999,0.07937349619530142,0.03867359198214736,0.012697923161182444
0.18950076401233673,0.09436381608247757,0.1471870181336999,0.07937349619530142,0.03867359198214736,0.012697923161182444
0.16910915076732635,0.08351750671863556,0.1471870181336999,0.07937349619530142,0.03867359198214736,0.012697923161182444
0.1470910608768463,0.07970582693815231,0.1471870181336999,0.07937349619530142,0.03867359198214736,0.012697923161182444
0.15341107547283173,0.07920045405626297,0.1471870181336999,0.07937349619530142,0.03867359198214736,0.012697923161182444
0.11190453171730042,0.07061272114515305,0.1471870181336999,0.07937349619530142,0.03867359198214736,0.012697923161182444
0.19060519337654114,0.09434525668621063,0.1471870181336999,0.07937349619530142,0.03867359198214736,0.012697923161182444
0.16972455382347107,0.0838661789894104,0.1471870181336999,0.07937349619530142,0.03867359198214736,0.012697923161182444
0.1331036239862442,0.07687712460756302,0.1471870181336999,0.07937349619530142,0.03867359198214736,0.012697923161182444
0.14343975484371185,0.07446795701980591,0.1471870181336999,0.07937349619530142,0.03867359198214736,0.012697923161182444
0.1561162918806076,0.07635003328323364,0.1471870181336999,0.07937349619530142,0.03867359198214736,0.012697923161182444
0.09288432449102402,0.06641959398984909,0.1471870181336999,0.07937349619530142,0.03867359198214736,0.012697923161182444
0.12635928392410278,0.07519479840993881,0.1471870181336999,0.07937349619530142,0.03867359198214736,0.012697923161182444
0.198360875248909,0.09426827728748322,0.1471870181336999,0.07937349619530142,0.03867359198214736,0.012697923161182444
0.10732567310333252,0.06590761989355087,0.1471870181336999,0.07937349619530142,0.03867359198214736,0.012697923161182444
0.20032556354999542,0.09746859222650528,0.1471870181336999,0.07937349619530142,0.03867359198214736,0.012697923161182444
0.1346520185470581,0.07470935583114624,0.1471870181336999,0.07937349619530142,0.03867359198214736,0.012697923161182444
0.18698450922966003,0.08722909539937973,0.1471870181336999,0.07937349619530142,0.03867359198214736,0.012697923161182444
0.09293273091316223,0.06376712024211884,0.1471870181336999,0.07937349619530142,0.03867359198214736,0.012697923161182444
0.18299926817417145,0.08926334232091904,0.1471870181336999,0.07937349619530142,0.03867359198214736,0.012697923161182444
0.09591282159090042,0.06603516638278961,0.1471870181336999,0.07937349619530142,0.03867359198214736,0.012697923161182444
0.1586093157529831,0.08735199272632599,0.1471870181336999,0.07937349619530142,0.03867359198214736,0.012697923161182444
0.18323250114917755,0.09254291653633118,0.1471870181336999,0.07937349619530142,0.03867359198214736,0.012697923161182444
0.19377678632736206,0.09896739572286606,0.1471870181336999,0.07937349619530142,0.03867359198214736,0.012697923161182444
0.20732338726520538,0.10092993825674057,0.1471870181336999,0.07937349619530142,0.03867359198214736,0.012697923161182444
0.1521078497171402,0.08077117055654526,0.1471870181336999,0.07937349619530142,0.03867359198214736,0.012697923161182444
0.17448386549949646,0.08204438537359238,0.1471870181336999,0.07937349619530142,0.03867359198214736,0.012697923161182444
0.1154627725481987,0.07159384340047836,0.1471870181336999,0.07937349619530142,0.03867359198214736,0.012697923161182444
0.21207593381404877,0.10458435863256454,0.1471870181336999,0.07937349619530142,0.03867359198214736,0.012697923161182444
0.14022141695022583,0.07860496640205383,0.1471870181336999,0.07937349619530142,0.03867359198214736,0.012697923161182444
0.15294571220874786,0.07754813879728317,0.1471870181336999,0.07937349619530142,0.03867359198214736,0.012697923161182444
0.14556367695331573,0.07806865125894547,0.1471870181336999,0.07937349619530142,0.03867359198214736,0.012697923161182444
0.15208908915519714,0.07922708988189697,0.1471870181336999,0.07937349619530142,0.03867359198214736,0.012697923161182444
0.1495705246925354,0.07710634917020798,0.1471870181336999,0.07937349619530142,0.03867359198214736,0.012697923161182444
0.11382894963026047,0.07293550670146942,0.1471870181336999,0.07937349619530142,0.03867359198214736,0.012697923161182444
0.18044529855251312,0.09012626856565475,0.1471870181336999,0.07937349619530142,0.03867359198214736,0.012697923161182444
0.1510610282421112,0.077440544962883,0.1471870181336999,0.07937349619530142,0.03867359198214736,0.012697923161182444
0.12812981009483337,0.07389028370380402,0.1471870181336999,0.07937349619530142,0.03867359198214736,0.012697923161182444
0.14695240557193756,0.08001422137022018,0.1471870181336999,0.07937349619530142,0.03867359198214736,0.012697923161182444
0.14134959876537323,0.07629799097776413,0.1471870181336999,0.07937349619530142,0.03867359198214736,0.012697923161182444
0.1976902335882187,0.09659332036972046,0.1471870181336999,0.07937349619530142,0.03867359198214736,0.012697923161182444
0.1074361503124237,0.0678175836801529,0.1471870181336999,0.07937349619530142,0.03867359198214736,0.012697923161182444
0.12022664397954941,0.06748563051223755,0.1471870181336999,0.07937349619530142,0.03867359198214736,0.012697923161182444
0.19081605970859528,0.09508584439754486,0.1471870181336999,0.07937349619530142,0.03867359198214736,0.012697923161182444
0.07899224013090134,0.0608627013862133,0.1471870181336999,0.07937349619530142,0.03867359198214736,0.012697923161182444
0.221017986536026,0.10713259130716324,0.1471870181336999,0.07937349619530142,0.03867359198214736,0.012697923161182444
0.14279697835445404,0.07435628026723862,0.1471870181336999,0.07937349619530142,0.03867359198214736,0.012697923161182444
0.17640157043933868,0.08761271089315414,0.1471870181336999,0.07937349619530142,0.03867359198214736,0.012697923161182444
0.1365012377500534,0.07677700370550156,0.1471870181336999,0.07937349619530142,0.03867359198214736,0.012697923161182444
0.12900401651859283,0.07229229062795639,0.1471870181336999,0.07937349619530142,0.03867359198214736,0.012697923161182444
0.11337266862392426,0.07384335249662399,0.1471870181336999,0.07937349619530142,0.03867359198214736,0.012697923161182444
0.15218903124332428,0.07954482734203339,0.1471870181336999,0.07937349619530142,0.03867359198214736,0.012697923161182444
0.1426786631345749,0.07835836708545685,0.1471870181336999,0.07937349619530142,0.03867359198214736,0.012697923161182444
0.1094820499420166,0.06442030519247055,0.1471870181336999,0.07937349619530142,0.03867359198214736,0.012697923161182444
0.11074989289045334,0.07281336933374405,0.1471870181336999,0.07937349619530142,0.03867359198214736,0.012697923161182444
