{"grad_norm":17.24082374572754,"loss":1.3098725080490112,"learning_rate":1.109978e-06,"epoch":0,"_step":0,"_timestamp":1.753469227319254e+09,"step":99,"_wandb":{"runtime":88},"_runtime":88}