{"epoch":125,"samples":{"path":"media/images/samples_258_29c400ac32927b2be75e.png","format":"png","width":64,"height":64,"_type":"image-file","sha256":"29c400ac32927b2be75e3b6263372218f8955ec1d291b4365c1718cb601225e0","size":974},"learning_rate":7.777511133333332e-05,"_wandb":{"runtime":4946},"ema_samples":{"width":64,"height":64,"_type":"image-file","sha256":"48b31d3589cdecca75401189707a281f246bf99140507557ec6122624881cfa4","size":10891,"path":"media/images/ema_samples_258_48b31d3589cdecca7540.png","format":"png"},"_timestamp":1.7538665598532462e+09,"_step":258,"_runtime":4946,"step":6999,"epoch_loss":0.04171775446997748,"loss":0.04204712435603142,"grad_norm":0.30317965149879456}