l2_rel_error,l1_rel_error,mean_l2_rel_error,mean_l1_rel_error,std_l2_rel_error,std_l1_rel_error
0.09244733303785324,0.05550224706530571,0.09372335756197572,0.0587325566764921,0.01891560349568182,0.005057220714792354
0.07693400233983994,0.056223854422569275,0.09372335756197572,0.0587325566764921,0.01891560349568182,0.005057220714792354
0.09492778778076172,0.05812763795256615,0.09372335756197572,0.0587325566764921,0.01891560349568182,0.005057220714792354
0.11552760750055313,0.06192641705274582,0.09372335756197572,0.0587325566764921,0.01891560349568182,0.005057220714792354
0.06837352365255356,0.052377309650182724,0.09372335756197572,0.0587325566764921,0.01891560349568182,0.005057220714792354
0.08189111202955246,0.05444570630788803,0.09372335756197572,0.0587325566764921,0.01891560349568182,0.005057220714792354
0.07663919031620026,0.05792577192187309,0.09372335756197572,0.0587325566764921,0.01891560349568182,0.005057220714792354
0.10875050723552704,0.05832276493310928,0.09372335756197572,0.0587325566764921,0.01891560349568182,0.005057220714792354
0.092887744307518,0.06096011400222778,0.09372335756197572,0.0587325566764921,0.01891560349568182,0.005057220714792354
0.10020270943641663,0.05986972525715828,0.09372335756197572,0.0587325566764921,0.01891560349568182,0.005057220714792354
0.10895679146051407,0.06419916450977325,0.09372335756197572,0.0587325566764921,0.01891560349568182,0.005057220714792354
0.07686007767915726,0.054274383932352066,0.09372335756197572,0.0587325566764921,0.01891560349568182,0.005057220714792354
0.073922298848629,0.05669321119785309,0.09372335756197572,0.0587325566764921,0.01891560349568182,0.005057220714792354
0.09444788843393326,0.05620194971561432,0.09372335756197572,0.0587325566764921,0.01891560349568182,0.005057220714792354
0.11542069166898727,0.061655256897211075,0.09372335756197572,0.0587325566764921,0.01891560349568182,0.005057220714792354
0.07697124779224396,0.05650591850280762,0.09372335756197572,0.0587325566764921,0.01891560349568182,0.005057220714792354
0.0912301167845726,0.055524785071611404,0.09372335756197572,0.0587325566764921,0.01891560349568182,0.005057220714792354
0.10346665233373642,0.055549293756484985,0.09372335756197572,0.0587325566764921,0.01891560349568182,0.005057220714792354
0.11341826617717743,0.06094610318541527,0.09372335756197572,0.0587325566764921,0.01891560349568182,0.005057220714792354
0.06896708160638809,0.05458422005176544,0.09372335756197572,0.0587325566764921,0.01891560349568182,0.005057220714792354
0.0882887914776802,0.05785248801112175,0.09372335756197572,0.0587325566764921,0.01891560349568182,0.005057220714792354
0.08344121277332306,0.060534268617630005,0.09372335756197572,0.0587325566764921,0.01891560349568182,0.005057220714792354
0.12495575100183487,0.06014390289783478,0.09372335756197572,0.0587325566764921,0.01891560349568182,0.005057220714792354
0.05909023806452751,0.04991936683654785,0.09372335756197572,0.0587325566764921,0.01891560349568182,0.005057220714792354
0.07258447259664536,0.05625953897833824,0.09372335756197572,0.0587325566764921,0.01891560349568182,0.005057220714792354
0.11995961517095566,0.06277579069137573,0.09372335756197572,0.0587325566764921,0.01891560349568182,0.005057220714792354
0.07101155817508698,0.053351014852523804,0.09372335756197572,0.0587325566764921,0.01891560349568182,0.005057220714792354
0.11888439208269119,0.06227920949459076,0.09372335756197572,0.0587325566764921,0.01891560349568182,0.005057220714792354
0.07248542457818985,0.056300412863492966,0.09372335756197572,0.0587325566764921,0.01891560349568182,0.005057220714792354
0.12956935167312622,0.07027019560337067,0.09372335756197572,0.0587325566764921,0.01891560349568182,0.005057220714792354
0.10070601105690002,0.05891864001750946,0.09372335756197572,0.0587325566764921,0.01891560349568182,0.005057220714792354
0.0852651596069336,0.05549401789903641,0.09372335756197572,0.0587325566764921,0.01891560349568182,0.005057220714792354
0.09078674763441086,0.056900665163993835,0.09372335756197572,0.0587325566764921,0.01891560349568182,0.005057220714792354
0.07639201730489731,0.051077671349048615,0.09372335756197572,0.0587325566764921,0.01891560349568182,0.005057220714792354
0.08259038627147675,0.05639736354351044,0.09372335756197572,0.0587325566764921,0.01891560349568182,0.005057220714792354
0.10900513827800751,0.06300504505634308,0.09372335756197572,0.0587325566764921,0.01891560349568182,0.005057220714792354
0.13634824752807617,0.07494925707578659,0.09372335756197572,0.0587325566764921,0.01891560349568182,0.005057220714792354
0.091867595911026,0.061345651745796204,0.09372335756197572,0.0587325566764921,0.01891560349568182,0.005057220714792354
0.09899479895830154,0.061329517513513565,0.09372335756197572,0.0587325566764921,0.01891560349568182,0.005057220714792354
0.11268569529056549,0.06573257595300674,0.09372335756197572,0.0587325566764921,0.01891560349568182,0.005057220714792354
0.07297945767641068,0.05302991718053818,0.09372335756197572,0.0587325566764921,0.01891560349568182,0.005057220714792354
0.06727677583694458,0.05490000173449516,0.09372335756197572,0.0587325566764921,0.01891560349568182,0.005057220714792354
0.06574353575706482,0.05096082389354706,0.09372335756197572,0.0587325566764921,0.01891560349568182,0.005057220714792354
0.07369838654994965,0.056579574942588806,0.09372335756197572,0.0587325566764921,0.01891560349568182,0.005057220714792354
0.10261554270982742,0.05981355905532837,0.09372335756197572,0.0587325566764921,0.01891560349568182,0.005057220714792354
0.07030502706766129,0.056112684309482574,0.09372335756197572,0.0587325566764921,0.01891560349568182,0.005057220714792354
0.12675511837005615,0.06833165884017944,0.09372335756197572,0.0587325566764921,0.01891560349568182,0.005057220714792354
0.079107366502285,0.05529969930648804,0.09372335756197572,0.0587325566764921,0.01891560349568182,0.005057220714792354
0.12778718769550323,0.06750012934207916,0.09372335756197572,0.0587325566764921,0.01891560349568182,0.005057220714792354
0.07711581140756607,0.05773086100816727,0.09372335756197572,0.0587325566764921,0.01891560349568182,0.005057220714792354
0.0789385437965393,0.05340845137834549,0.09372335756197572,0.0587325566764921,0.01891560349568182,0.005057220714792354
0.11355706304311752,0.06252168118953705,0.09372335756197572,0.0587325566764921,0.01891560349568182,0.005057220714792354
0.1163996234536171,0.05897492170333862,0.09372335756197572,0.0587325566764921,0.01891560349568182,0.005057220714792354
0.09985923022031784,0.05913408100605011,0.09372335756197572,0.0587325566764921,0.01891560349568182,0.005057220714792354
0.11964263021945953,0.06051800772547722,0.09372335756197572,0.0587325566764921,0.01891560349568182,0.005057220714792354
0.06737159937620163,0.05251190438866615,0.09372335756197572,0.0587325566764921,0.01891560349568182,0.005057220714792354
0.12038121372461319,0.0646972805261612,0.09372335756197572,0.0587325566764921,0.01891560349568182,0.005057220714792354
0.08664149045944214,0.05788630619645119,0.09372335756197572,0.0587325566764921,0.01891560349568182,0.005057220714792354
0.09947632998228073,0.060066260397434235,0.09372335756197572,0.0587325566764921,0.01891560349568182,0.005057220714792354
0.0778912827372551,0.05202864855527878,0.09372335756197572,0.0587325566764921,0.01891560349568182,0.005057220714792354
0.07858556509017944,0.055821314454078674,0.09372335756197572,0.0587325566764921,0.01891560349568182,0.005057220714792354
0.08931595832109451,0.058705754578113556,0.09372335756197572,0.0587325566764921,0.01891560349568182,0.005057220714792354
0.11786908656358719,0.0616886205971241,0.09372335756197572,0.0587325566764921,0.01891560349568182,0.005057220714792354
0.10877931118011475,0.06617984175682068,0.09372335756197572,0.0587325566764921,0.01891560349568182,0.005057220714792354
0.08691750466823578,0.053061146289110184,0.09372335756197572,0.0587325566764921,0.01891560349568182,0.005057220714792354
0.0781644955277443,0.0532928891479969,0.09372335756197572,0.0587325566764921,0.01891560349568182,0.005057220714792354
0.07593566924333572,0.05285138636827469,0.09372335756197572,0.0587325566764921,0.01891560349568182,0.005057220714792354
0.09288997948169708,0.053560175001621246,0.09372335756197572,0.0587325566764921,0.01891560349568182,0.005057220714792354
0.0718793198466301,0.05538498982787132,0.09372335756197572,0.0587325566764921,0.01891560349568182,0.005057220714792354
0.08912007510662079,0.055340223014354706,0.09372335756197572,0.0587325566764921,0.01891560349568182,0.005057220714792354
0.12469583004713058,0.06610450148582458,0.09372335756197572,0.0587325566764921,0.01891560349568182,0.005057220714792354
0.09423869103193283,0.060249462723731995,0.09372335756197572,0.0587325566764921,0.01891560349568182,0.005057220714792354
0.06845412403345108,0.05568177253007889,0.09372335756197572,0.0587325566764921,0.01891560349568182,0.005057220714792354
0.07892145216464996,0.05263880640268326,0.09372335756197572,0.0587325566764921,0.01891560349568182,0.005057220714792354
0.06239056959748268,0.051868535578250885,0.09372335756197572,0.0587325566764921,0.01891560349568182,0.005057220714792354
0.08417576551437378,0.05722590535879135,0.09372335756197572,0.0587325566764921,0.01891560349568182,0.005057220714792354
0.0862530767917633,0.06307639181613922,0.09372335756197572,0.0587325566764921,0.01891560349568182,0.005057220714792354
0.08388105779886246,0.057983528822660446,0.09372335756197572,0.0587325566764921,0.01891560349568182,0.005057220714792354
0.07331336289644241,0.054350145161151886,0.09372335756197572,0.0587325566764921,0.01891560349568182,0.005057220714792354
0.06693784892559052,0.05271317437291145,0.09372335756197572,0.0587325566764921,0.01891560349568182,0.005057220714792354
0.10581952333450317,0.06169835850596428,0.09372335756197572,0.0587325566764921,0.01891560349568182,0.005057220714792354
0.09754230827093124,0.061655011028051376,0.09372335756197572,0.0587325566764921,0.01891560349568182,0.005057220714792354
0.09713984280824661,0.05863751471042633,0.09372335756197572,0.0587325566764921,0.01891560349568182,0.005057220714792354
0.0963185504078865,0.061709724366664886,0.09372335756197572,0.0587325566764921,0.01891560349568182,0.005057220714792354
0.07406648248434067,0.05191284045577049,0.09372335756197572,0.0587325566764921,0.01891560349568182,0.005057220714792354
0.08629393577575684,0.05629168450832367,0.09372335756197572,0.0587325566764921,0.01891560349568182,0.005057220714792354
0.08831501752138138,0.05542047321796417,0.09372335756197572,0.0587325566764921,0.01891560349568182,0.005057220714792354
0.0763668641448021,0.05677299574017525,0.09372335756197572,0.0587325566764921,0.01891560349568182,0.005057220714792354
0.11635246872901917,0.06133749336004257,0.09372335756197572,0.0587325566764921,0.01891560349568182,0.005057220714792354
0.06308398395776749,0.05094793438911438,0.09372335756197572,0.0587325566764921,0.01891560349568182,0.005057220714792354
0.07875515520572662,0.05740915611386299,0.09372335756197572,0.0587325566764921,0.01891560349568182,0.005057220714792354
0.08087760210037231,0.054906848818063736,0.09372335756197572,0.0587325566764921,0.01891560349568182,0.005057220714792354
0.0681830421090126,0.05324286222457886,0.09372335756197572,0.0587325566764921,0.01891560349568182,0.005057220714792354
0.1425492912530899,0.07159233093261719,0.09372335756197572,0.0587325566764921,0.01891560349568182,0.005057220714792354
0.12522195279598236,0.06853310018777847,0.09372335756197572,0.0587325566764921,0.01891560349568182,0.005057220714792354
0.11097104102373123,0.06359733641147614,0.09372335756197572,0.0587325566764921,0.01891560349568182,0.005057220714792354
0.07301381975412369,0.05356502905488014,0.09372335756197572,0.0587325566764921,0.01891560349568182,0.005057220714792354
0.10967525839805603,0.06420772522687912,0.09372335756197572,0.0587325566764921,0.01891560349568182,0.005057220714792354
0.11590703576803207,0.06471399962902069,0.09372335756197572,0.0587325566764921,0.01891560349568182,0.005057220714792354
0.0687168762087822,0.052987273782491684,0.09372335756197572,0.0587325566764921,0.01891560349568182,0.005057220714792354
0.0987829715013504,0.058003686368465424,0.09372335756197572,0.0587325566764921,0.01891560349568182,0.005057220714792354
0.08085507154464722,0.05429394170641899,0.09372335756197572,0.0587325566764921,0.01891560349568182,0.005057220714792354
0.07420308887958527,0.05368795990943909,0.09372335756197572,0.0587325566764921,0.01891560349568182,0.005057220714792354
0.11256302893161774,0.06052473559975624,0.09372335756197572,0.0587325566764921,0.01891560349568182,0.005057220714792354
0.10154701769351959,0.05666593834757805,0.09372335756197572,0.0587325566764921,0.01891560349568182,0.005057220714792354
0.0993821993470192,0.060020338743925095,0.09372335756197572,0.0587325566764921,0.01891560349568182,0.005057220714792354
0.10197019577026367,0.057078659534454346,0.09372335756197572,0.0587325566764921,0.01891560349568182,0.005057220714792354
0.0856037586927414,0.05625488981604576,0.09372335756197572,0.0587325566764921,0.01891560349568182,0.005057220714792354
0.08440513908863068,0.05577457696199417,0.09372335756197572,0.0587325566764921,0.01891560349568182,0.005057220714792354
0.0695742592215538,0.05181821063160896,0.09372335756197572,0.0587325566764921,0.01891560349568182,0.005057220714792354
0.08391358703374863,0.06220395863056183,0.09372335756197572,0.0587325566764921,0.01891560349568182,0.005057220714792354
0.08109074831008911,0.05579425394535065,0.09372335756197572,0.0587325566764921,0.01891560349568182,0.005057220714792354
0.0936460793018341,0.05632811784744263,0.09372335756197572,0.0587325566764921,0.01891560349568182,0.005057220714792354
0.0982777401804924,0.05717313289642334,0.09372335756197572,0.0587325566764921,0.01891560349568182,0.005057220714792354
0.11458070576190948,0.06321367621421814,0.09372335756197572,0.0587325566764921,0.01891560349568182,0.005057220714792354
0.11805832386016846,0.060996025800704956,0.09372335756197572,0.0587325566764921,0.01891560349568182,0.005057220714792354
0.1284656822681427,0.06588044762611389,0.09372335756197572,0.0587325566764921,0.01891560349568182,0.005057220714792354
0.0682545080780983,0.05515560135245323,0.09372335756197572,0.0587325566764921,0.01891560349568182,0.005057220714792354
0.072804756462574,0.055593591183423996,0.09372335756197572,0.0587325566764921,0.01891560349568182,0.005057220714792354
0.09916311502456665,0.05375569686293602,0.09372335756197572,0.0587325566764921,0.01891560349568182,0.005057220714792354
0.07865601778030396,0.0576266273856163,0.09372335756197572,0.0587325566764921,0.01891560349568182,0.005057220714792354
0.11545750498771667,0.06786330789327621,0.09372335756197572,0.0587325566764921,0.01891560349568182,0.005057220714792354
0.08197751641273499,0.05456100404262543,0.09372335756197572,0.0587325566764921,0.01891560349568182,0.005057220714792354
0.07959622144699097,0.05448674038052559,0.09372335756197572,0.0587325566764921,0.01891560349568182,0.005057220714792354
0.0782700628042221,0.05559622496366501,0.09372335756197572,0.0587325566764921,0.01891560349568182,0.005057220714792354
0.06783520430326462,0.05400099605321884,0.09372335756197572,0.0587325566764921,0.01891560349568182,0.005057220714792354
0.09458678215742111,0.0534958653151989,0.09372335756197572,0.0587325566764921,0.01891560349568182,0.005057220714792354
0.08174976706504822,0.05638192221522331,0.09372335756197572,0.0587325566764921,0.01891560349568182,0.005057220714792354
0.07037228345870972,0.054039984941482544,0.09372335756197572,0.0587325566764921,0.01891560349568182,0.005057220714792354
0.07703398168087006,0.05717175081372261,0.09372335756197572,0.0587325566764921,0.01891560349568182,0.005057220714792354
0.11114078015089035,0.06021978706121445,0.09372335756197572,0.0587325566764921,0.01891560349568182,0.005057220714792354
0.09061259776353836,0.05787516385316849,0.09372335756197572,0.0587325566764921,0.01891560349568182,0.005057220714792354
0.08415111899375916,0.05308522284030914,0.09372335756197572,0.0587325566764921,0.01891560349568182,0.005057220714792354
0.11004213988780975,0.060900941491127014,0.09372335756197572,0.0587325566764921,0.01891560349568182,0.005057220714792354
0.09613911062479019,0.0637049525976181,0.09372335756197572,0.0587325566764921,0.01891560349568182,0.005057220714792354
0.07795405387878418,0.05607292428612709,0.09372335756197572,0.0587325566764921,0.01891560349568182,0.005057220714792354
0.10185858607292175,0.06097215786576271,0.09372335756197572,0.0587325566764921,0.01891560349568182,0.005057220714792354
0.08989132195711136,0.05797722935676575,0.09372335756197572,0.0587325566764921,0.01891560349568182,0.005057220714792354
0.09445735812187195,0.058443665504455566,0.09372335756197572,0.0587325566764921,0.01891560349568182,0.005057220714792354
0.08906683325767517,0.05910300090909004,0.09372335756197572,0.0587325566764921,0.01891560349568182,0.005057220714792354
0.08239001780748367,0.06051694601774216,0.09372335756197572,0.0587325566764921,0.01891560349568182,0.005057220714792354
0.07220249623060226,0.05442403629422188,0.09372335756197572,0.0587325566764921,0.01891560349568182,0.005057220714792354
0.13187846541404724,0.0714835375547409,0.09372335756197572,0.0587325566764921,0.01891560349568182,0.005057220714792354
0.09595146775245667,0.06148212030529976,0.09372335756197572,0.0587325566764921,0.01891560349568182,0.005057220714792354
0.10808516293764114,0.06416882574558258,0.09372335756197572,0.0587325566764921,0.01891560349568182,0.005057220714792354
0.12068398296833038,0.06633276492357254,0.09372335756197572,0.0587325566764921,0.01891560349568182,0.005057220714792354
0.1237148717045784,0.06294048577547073,0.09372335756197572,0.0587325566764921,0.01891560349568182,0.005057220714792354
0.05845566838979721,0.04952138289809227,0.09372335756197572,0.0587325566764921,0.01891560349568182,0.005057220714792354
0.09371680021286011,0.05613597482442856,0.09372335756197572,0.0587325566764921,0.01891560349568182,0.005057220714792354
0.09896865487098694,0.05554109439253807,0.09372335756197572,0.0587325566764921,0.01891560349568182,0.005057220714792354
0.0724029466509819,0.05268378555774689,0.09372335756197572,0.0587325566764921,0.01891560349568182,0.005057220714792354
0.1071554496884346,0.06106799468398094,0.09372335756197572,0.0587325566764921,0.01891560349568182,0.005057220714792354
0.08251556754112244,0.05266351252794266,0.09372335756197572,0.0587325566764921,0.01891560349568182,0.005057220714792354
0.08787418901920319,0.05882265418767929,0.09372335756197572,0.0587325566764921,0.01891560349568182,0.005057220714792354
0.1022319421172142,0.05819486081600189,0.09372335756197572,0.0587325566764921,0.01891560349568182,0.005057220714792354
0.09709131717681885,0.05712922289967537,0.09372335756197572,0.0587325566764921,0.01891560349568182,0.005057220714792354
0.09646110981702805,0.058867380023002625,0.09372335756197572,0.0587325566764921,0.01891560349568182,0.005057220714792354
0.08222948759794235,0.0555642731487751,0.09372335756197572,0.0587325566764921,0.01891560349568182,0.005057220714792354
0.13674454391002655,0.07004591077566147,0.09372335756197572,0.0587325566764921,0.01891560349568182,0.005057220714792354
0.10416682064533234,0.059127047657966614,0.09372335756197572,0.0587325566764921,0.01891560349568182,0.005057220714792354
0.11332381516695023,0.06015952304005623,0.09372335756197572,0.0587325566764921,0.01891560349568182,0.005057220714792354
0.06074491888284683,0.050763003528118134,0.09372335756197572,0.0587325566764921,0.01891560349568182,0.005057220714792354
0.12153437733650208,0.06007702648639679,0.09372335756197572,0.0587325566764921,0.01891560349568182,0.005057220714792354
0.07944805920124054,0.05467594787478447,0.09372335756197572,0.0587325566764921,0.01891560349568182,0.005057220714792354
0.07617691904306412,0.051011234521865845,0.09372335756197572,0.0587325566764921,0.01891560349568182,0.005057220714792354
0.08818298578262329,0.05464041605591774,0.09372335756197572,0.0587325566764921,0.01891560349568182,0.005057220714792354
0.07844072580337524,0.054892394691705704,0.09372335756197572,0.0587325566764921,0.01891560349568182,0.005057220714792354
0.12168196588754654,0.06625300645828247,0.09372335756197572,0.0587325566764921,0.01891560349568182,0.005057220714792354
0.07554200291633606,0.05447598546743393,0.09372335756197572,0.0587325566764921,0.01891560349568182,0.005057220714792354
0.07936515659093857,0.056106679141521454,0.09372335756197572,0.0587325566764921,0.01891560349568182,0.005057220714792354
0.10427548736333847,0.06102123484015465,0.09372335756197572,0.0587325566764921,0.01891560349568182,0.005057220714792354
0.08339787274599075,0.056127771735191345,0.09372335756197572,0.0587325566764921,0.01891560349568182,0.005057220714792354
0.12037946283817291,0.06281570345163345,0.09372335756197572,0.0587325566764921,0.01891560349568182,0.005057220714792354
0.11745870858430862,0.06781791150569916,0.09372335756197572,0.0587325566764921,0.01891560349568182,0.005057220714792354
0.11830908060073853,0.06657925993204117,0.09372335756197572,0.0587325566764921,0.01891560349568182,0.005057220714792354
0.07068745791912079,0.05611581355333328,0.09372335756197572,0.0587325566764921,0.01891560349568182,0.005057220714792354
0.09019389003515244,0.053826071321964264,0.09372335756197572,0.0587325566764921,0.01891560349568182,0.005057220714792354
0.07961402088403702,0.055227942764759064,0.09372335756197572,0.0587325566764921,0.01891560349568182,0.005057220714792354
0.12284308671951294,0.06308361142873764,0.09372335756197572,0.0587325566764921,0.01891560349568182,0.005057220714792354
0.09263723343610764,0.05763622373342514,0.09372335756197572,0.0587325566764921,0.01891560349568182,0.005057220714792354
0.0760815441608429,0.05582791939377785,0.09372335756197572,0.0587325566764921,0.01891560349568182,0.005057220714792354
0.08983630686998367,0.054764263331890106,0.09372335756197572,0.0587325566764921,0.01891560349568182,0.005057220714792354
0.097567617893219,0.05400599166750908,0.09372335756197572,0.0587325566764921,0.01891560349568182,0.005057220714792354
0.12018676102161407,0.0673830509185791,0.09372335756197572,0.0587325566764921,0.01891560349568182,0.005057220714792354
0.07938665896654129,0.05482567474246025,0.09372335756197572,0.0587325566764921,0.01891560349568182,0.005057220714792354
0.09031622111797333,0.05524503439664841,0.09372335756197572,0.0587325566764921,0.01891560349568182,0.005057220714792354
0.0892258957028389,0.057261545211076736,0.09372335756197572,0.0587325566764921,0.01891560349568182,0.005057220714792354
0.07928066700696945,0.05596267804503441,0.09372335756197572,0.0587325566764921,0.01891560349568182,0.005057220714792354
0.07618609815835953,0.052825577557086945,0.09372335756197572,0.0587325566764921,0.01891560349568182,0.005057220714792354
0.06637196242809296,0.051092907786369324,0.09372335756197572,0.0587325566764921,0.01891560349568182,0.005057220714792354
0.09952354431152344,0.059564657509326935,0.09372335756197572,0.0587325566764921,0.01891560349568182,0.005057220714792354
0.11802525073289871,0.06907098740339279,0.09372335756197572,0.0587325566764921,0.01891560349568182,0.005057220714792354
0.08881288021802902,0.05562913417816162,0.09372335756197572,0.0587325566764921,0.01891560349568182,0.005057220714792354
0.1094525083899498,0.05631493777036667,0.09372335756197572,0.0587325566764921,0.01891560349568182,0.005057220714792354
0.09312334656715393,0.05750974267721176,0.09372335756197572,0.0587325566764921,0.01891560349568182,0.005057220714792354
0.09852749109268188,0.05790439620614052,0.09372335756197572,0.0587325566764921,0.01891560349568182,0.005057220714792354
0.08718150854110718,0.05230426415801048,0.09372335756197572,0.0587325566764921,0.01891560349568182,0.005057220714792354
0.06663021445274353,0.05275663360953331,0.09372335756197572,0.0587325566764921,0.01891560349568182,0.005057220714792354
0.09330704808235168,0.0580957755446434,0.09372335756197572,0.0587325566764921,0.01891560349568182,0.005057220714792354
0.12438952177762985,0.06949393451213837,0.09372335756197572,0.0587325566764921,0.01891560349568182,0.005057220714792354
0.07229693233966827,0.05673166364431381,0.09372335756197572,0.0587325566764921,0.01891560349568182,0.005057220714792354
0.11974746733903885,0.07237029820680618,0.09372335756197572,0.0587325566764921,0.01891560349568182,0.005057220714792354
0.10997883975505829,0.06604263931512833,0.09372335756197572,0.0587325566764921,0.01891560349568182,0.005057220714792354
0.07249221950769424,0.05477410554885864,0.09372335756197572,0.0587325566764921,0.01891560349568182,0.005057220714792354
0.12245402485132217,0.06107528507709503,0.09372335756197572,0.0587325566764921,0.01891560349568182,0.005057220714792354
0.11549713462591171,0.06549015641212463,0.09372335756197572,0.0587325566764921,0.01891560349568182,0.005057220714792354
0.05961879715323448,0.04937947541475296,0.09372335756197572,0.0587325566764921,0.01891560349568182,0.005057220714792354
0.08538136631250381,0.053814396262168884,0.09372335756197572,0.0587325566764921,0.01891560349568182,0.005057220714792354
0.07909791171550751,0.05264110490679741,0.09372335756197572,0.0587325566764921,0.01891560349568182,0.005057220714792354
0.06718301773071289,0.049283385276794434,0.09372335756197572,0.0587325566764921,0.01891560349568182,0.005057220714792354
0.07530767470598221,0.05703747645020485,0.09372335756197572,0.0587325566764921,0.01891560349568182,0.005057220714792354
0.11651835590600967,0.06207346171140671,0.09372335756197572,0.0587325566764921,0.01891560349568182,0.005057220714792354
0.06107853725552559,0.051151953637599945,0.09372335756197572,0.0587325566764921,0.01891560349568182,0.005057220714792354
0.10925894230604172,0.06266744434833527,0.09372335756197572,0.0587325566764921,0.01891560349568182,0.005057220714792354
0.11490078270435333,0.06233081966638565,0.09372335756197572,0.0587325566764921,0.01891560349568182,0.005057220714792354
0.1448497623205185,0.0685807392001152,0.09372335756197572,0.0587325566764921,0.01891560349568182,0.005057220714792354
0.07026098668575287,0.05260854586958885,0.09372335756197572,0.0587325566764921,0.01891560349568182,0.005057220714792354
0.11584175378084183,0.06823340803384781,0.09372335756197572,0.0587325566764921,0.01891560349568182,0.005057220714792354
0.06339645385742188,0.05300118029117584,0.09372335756197572,0.0587325566764921,0.01891560349568182,0.005057220714792354
0.10635023564100266,0.05799203738570213,0.09372335756197572,0.0587325566764921,0.01891560349568182,0.005057220714792354
0.06589214503765106,0.05089284107089043,0.09372335756197572,0.0587325566764921,0.01891560349568182,0.005057220714792354
0.061804573982954025,0.050032638013362885,0.09372335756197572,0.0587325566764921,0.01891560349568182,0.005057220714792354
0.07356052845716476,0.05789615586400032,0.09372335756197572,0.0587325566764921,0.01891560349568182,0.005057220714792354
0.08049337565898895,0.056827329099178314,0.09372335756197572,0.0587325566764921,0.01891560349568182,0.005057220714792354
0.09588367491960526,0.05690985172986984,0.09372335756197572,0.0587325566764921,0.01891560349568182,0.005057220714792354
0.07822337001562119,0.054466959089040756,0.09372335756197572,0.0587325566764921,0.01891560349568182,0.005057220714792354
0.10484857857227325,0.059323858469724655,0.09372335756197572,0.0587325566764921,0.01891560349568182,0.005057220714792354
0.11783945560455322,0.06648131459951401,0.09372335756197572,0.0587325566764921,0.01891560349568182,0.005057220714792354
0.07057827711105347,0.05270954966545105,0.09372335756197572,0.0587325566764921,0.01891560349568182,0.005057220714792354
0.13132700324058533,0.06441851705312729,0.09372335756197572,0.0587325566764921,0.01891560349568182,0.005057220714792354
0.09400228410959244,0.05685654282569885,0.09372335756197572,0.0587325566764921,0.01891560349568182,0.005057220714792354
0.12259983271360397,0.06637924909591675,0.09372335756197572,0.0587325566764921,0.01891560349568182,0.005057220714792354
0.07401295751333237,0.054099295288324356,0.09372335756197572,0.0587325566764921,0.01891560349568182,0.005057220714792354
0.12886299192905426,0.07046198844909668,0.09372335756197572,0.0587325566764921,0.01891560349568182,0.005057220714792354
0.12138120085000992,0.06697507202625275,0.09372335756197572,0.0587325566764921,0.01891560349568182,0.005057220714792354
0.10104867815971375,0.05989663675427437,0.09372335756197572,0.0587325566764921,0.01891560349568182,0.005057220714792354
0.08123228698968887,0.05576108396053314,0.09372335756197572,0.0587325566764921,0.01891560349568182,0.005057220714792354
0.08785421401262283,0.05876201391220093,0.09372335756197572,0.0587325566764921,0.01891560349568182,0.005057220714792354
0.10120518505573273,0.05667261779308319,0.09372335756197572,0.0587325566764921,0.01891560349568182,0.005057220714792354
0.08107312023639679,0.054813798516988754,0.09372335756197572,0.0587325566764921,0.01891560349568182,0.005057220714792354
0.08718913793563843,0.05673728510737419,0.09372335756197572,0.0587325566764921,0.01891560349568182,0.005057220714792354
0.10001496225595474,0.05774998292326927,0.09372335756197572,0.0587325566764921,0.01891560349568182,0.005057220714792354
0.0822756290435791,0.056386224925518036,0.09372335756197572,0.0587325566764921,0.01891560349568182,0.005057220714792354
0.08839726448059082,0.05802332982420921,0.09372335756197572,0.0587325566764921,0.01891560349568182,0.005057220714792354
0.09307464957237244,0.05505248159170151,0.09372335756197572,0.0587325566764921,0.01891560349568182,0.005057220714792354
0.08676777780056,0.05508192628622055,0.09372335756197572,0.0587325566764921,0.01891560349568182,0.005057220714792354
0.07185663282871246,0.05671999603509903,0.09372335756197572,0.0587325566764921,0.01891560349568182,0.005057220714792354
0.08784238249063492,0.0526067353785038,0.09372335756197572,0.0587325566764921,0.01891560349568182,0.005057220714792354
0.07227939367294312,0.05505362153053284,0.09372335756197572,0.0587325566764921,0.01891560349568182,0.005057220714792354
0.12385885417461395,0.06974516063928604,0.09372335756197572,0.0587325566764921,0.01891560349568182,0.005057220714792354
0.09560626745223999,0.06226219981908798,0.09372335756197572,0.0587325566764921,0.01891560349568182,0.005057220714792354
0.12780079245567322,0.0661720260977745,0.09372335756197572,0.0587325566764921,0.01891560349568182,0.005057220714792354
0.1003442034125328,0.05451005697250366,0.09372335756197572,0.0587325566764921,0.01891560349568182,0.005057220714792354
0.09372834116220474,0.057205017656087875,0.09372335756197572,0.0587325566764921,0.01891560349568182,0.005057220714792354
0.08324405550956726,0.058994174003601074,0.09372335756197572,0.0587325566764921,0.01891560349568182,0.005057220714792354
0.11159771680831909,0.06555601209402084,0.09372335756197572,0.0587325566764921,0.01891560349568182,0.005057220714792354
0.08303084969520569,0.056311625987291336,0.09372335756197572,0.0587325566764921,0.01891560349568182,0.005057220714792354
0.08051734417676926,0.05432339757680893,0.09372335756197572,0.0587325566764921,0.01891560349568182,0.005057220714792354
0.100211001932621,0.06028209254145622,0.09372335756197572,0.0587325566764921,0.01891560349568182,0.005057220714792354
0.0793275237083435,0.05630895122885704,0.09372335756197572,0.0587325566764921,0.01891560349568182,0.005057220714792354
0.1304398477077484,0.06656435877084732,0.09372335756197572,0.0587325566764921,0.01891560349568182,0.005057220714792354
0.0907115787267685,0.06212415173649788,0.09372335756197572,0.0587325566764921,0.01891560349568182,0.005057220714792354
0.10995698720216751,0.06079920753836632,0.09372335756197572,0.0587325566764921,0.01891560349568182,0.005057220714792354
0.14107875525951385,0.06876614689826965,0.09372335756197572,0.0587325566764921,0.01891560349568182,0.005057220714792354
0.08247756958007812,0.05444448068737984,0.09372335756197572,0.0587325566764921,0.01891560349568182,0.005057220714792354
0.0945972204208374,0.06255357712507248,0.09372335756197572,0.0587325566764921,0.01891560349568182,0.005057220714792354
0.0797920897603035,0.05755794420838356,0.09372335756197572,0.0587325566764921,0.01891560349568182,0.005057220714792354
0.0987541452050209,0.0643131360411644,0.09372335756197572,0.0587325566764921,0.01891560349568182,0.005057220714792354
0.08528783172369003,0.05596151202917099,0.09372335756197572,0.0587325566764921,0.01891560349568182,0.005057220714792354
0.06917493045330048,0.049388445913791656,0.09372335756197572,0.0587325566764921,0.01891560349568182,0.005057220714792354
0.09182646870613098,0.056080412119627,0.09372335756197572,0.0587325566764921,0.01891560349568182,0.005057220714792354
0.08382926881313324,0.056622885167598724,0.09372335756197572,0.0587325566764921,0.01891560349568182,0.005057220714792354
0.07661310583353043,0.05466765910387039,0.09372335756197572,0.0587325566764921,0.01891560349568182,0.005057220714792354
0.10905718803405762,0.060551926493644714,0.09372335756197572,0.0587325566764921,0.01891560349568182,0.005057220714792354
0.10817255079746246,0.06533708423376083,0.09372335756197572,0.0587325566764921,0.01891560349568182,0.005057220714792354
0.08811714500188828,0.056363143026828766,0.09372335756197572,0.0587325566764921,0.01891560349568182,0.005057220714792354
0.07798673212528229,0.05143120884895325,0.09372335756197572,0.0587325566764921,0.01891560349568182,0.005057220714792354
0.0852275937795639,0.05448920279741287,0.09372335756197572,0.0587325566764921,0.01891560349568182,0.005057220714792354
0.10439284890890121,0.057140693068504333,0.09372335756197572,0.0587325566764921,0.01891560349568182,0.005057220714792354
0.07869619131088257,0.055545564740896225,0.09372335756197572,0.0587325566764921,0.01891560349568182,0.005057220714792354
0.08487911522388458,0.060121580958366394,0.09372335756197572,0.0587325566764921,0.01891560349568182,0.005057220714792354
0.0796736553311348,0.0579230822622776,0.09372335756197572,0.0587325566764921,0.01891560349568182,0.005057220714792354
0.10575912892818451,0.06124453991651535,0.09372335756197572,0.0587325566764921,0.01891560349568182,0.005057220714792354
0.07970182597637177,0.06045645475387573,0.09372335756197572,0.0587325566764921,0.01891560349568182,0.005057220714792354
0.10984250158071518,0.061673250049352646,0.09372335756197572,0.0587325566764921,0.01891560349568182,0.005057220714792354
0.09059920907020569,0.05742359906435013,0.09372335756197572,0.0587325566764921,0.01891560349568182,0.005057220714792354
0.09954268485307693,0.05834668129682541,0.09372335756197572,0.0587325566764921,0.01891560349568182,0.005057220714792354
0.10203347355127335,0.06315376609563828,0.09372335756197572,0.0587325566764921,0.01891560349568182,0.005057220714792354
0.11523567140102386,0.0672006607055664,0.09372335756197572,0.0587325566764921,0.01891560349568182,0.005057220714792354
0.0980287715792656,0.0575694777071476,0.09372335756197572,0.0587325566764921,0.01891560349568182,0.005057220714792354
0.11390922963619232,0.06337817758321762,0.09372335756197572,0.0587325566764921,0.01891560349568182,0.005057220714792354
0.1155557706952095,0.06216200441122055,0.09372335756197572,0.0587325566764921,0.01891560349568182,0.005057220714792354
0.09275504946708679,0.056501761078834534,0.09372335756197572,0.0587325566764921,0.01891560349568182,0.005057220714792354
0.09026019275188446,0.06083075702190399,0.09372335756197572,0.0587325566764921,0.01891560349568182,0.005057220714792354
0.08503665030002594,0.05700555071234703,0.09372335756197572,0.0587325566764921,0.01891560349568182,0.005057220714792354
0.10548122972249985,0.05658632889389992,0.09372335756197572,0.0587325566764921,0.01891560349568182,0.005057220714792354
0.0833529457449913,0.05509950593113899,0.09372335756197572,0.0587325566764921,0.01891560349568182,0.005057220714792354
0.07927006483078003,0.056440822780132294,0.09372335756197572,0.0587325566764921,0.01891560349568182,0.005057220714792354
0.08362839370965958,0.055011168122291565,0.09372335756197572,0.0587325566764921,0.01891560349568182,0.005057220714792354
0.10583969205617905,0.0645742267370224,0.09372335756197572,0.0587325566764921,0.01891560349568182,0.005057220714792354
0.10145438462495804,0.0602414570748806,0.09372335756197572,0.0587325566764921,0.01891560349568182,0.005057220714792354
0.09350117295980453,0.052945490926504135,0.09372335756197572,0.0587325566764921,0.01891560349568182,0.005057220714792354
0.11399438977241516,0.06345566362142563,0.09372335756197572,0.0587325566764921,0.01891560349568182,0.005057220714792354
0.0739578828215599,0.05566274747252464,0.09372335756197572,0.0587325566764921,0.01891560349568182,0.005057220714792354
0.08767792582511902,0.05849916487932205,0.09372335756197572,0.0587325566764921,0.01891560349568182,0.005057220714792354
0.0985020101070404,0.062374379485845566,0.09372335756197572,0.0587325566764921,0.01891560349568182,0.005057220714792354
0.08606913685798645,0.05711022764444351,0.09372335756197572,0.0587325566764921,0.01891560349568182,0.005057220714792354
0.1197972297668457,0.06554882973432541,0.09372335756197572,0.0587325566764921,0.01891560349568182,0.005057220714792354
0.11014510691165924,0.06166804954409599,0.09372335756197572,0.0587325566764921,0.01891560349568182,0.005057220714792354
0.0764341652393341,0.0527934767305851,0.09372335756197572,0.0587325566764921,0.01891560349568182,0.005057220714792354
0.07422033697366714,0.055681731551885605,0.09372335756197572,0.0587325566764921,0.01891560349568182,0.005057220714792354
0.09740222245454788,0.06161939352750778,0.09372335756197572,0.0587325566764921,0.01891560349568182,0.005057220714792354
0.07812056690454483,0.05821537226438522,0.09372335756197572,0.0587325566764921,0.01891560349568182,0.005057220714792354
0.09065504372119904,0.05616782605648041,0.09372335756197572,0.0587325566764921,0.01891560349568182,0.005057220714792354
0.09032735973596573,0.0588374100625515,0.09372335756197572,0.0587325566764921,0.01891560349568182,0.005057220714792354
0.0808800607919693,0.05879432335495949,0.09372335756197572,0.0587325566764921,0.01891560349568182,0.005057220714792354
0.0871705636382103,0.05310194566845894,0.09372335756197572,0.0587325566764921,0.01891560349568182,0.005057220714792354
0.09673483669757843,0.0621228963136673,0.09372335756197572,0.0587325566764921,0.01891560349568182,0.005057220714792354
0.09723982959985733,0.0606672540307045,0.09372335756197572,0.0587325566764921,0.01891560349568182,0.005057220714792354
0.09148023277521133,0.05562502518296242,0.09372335756197572,0.0587325566764921,0.01891560349568182,0.005057220714792354
0.06532354652881622,0.04938475415110588,0.09372335756197572,0.0587325566764921,0.01891560349568182,0.005057220714792354
0.0774189829826355,0.055593643337488174,0.09372335756197572,0.0587325566764921,0.01891560349568182,0.005057220714792354
0.07409465312957764,0.05670417100191116,0.09372335756197572,0.0587325566764921,0.01891560349568182,0.005057220714792354
0.1040489599108696,0.06228600814938545,0.09372335756197572,0.0587325566764921,0.01891560349568182,0.005057220714792354
0.09020593762397766,0.05003220960497856,0.09372335756197572,0.0587325566764921,0.01891560349568182,0.005057220714792354
0.10041993111371994,0.06493528932332993,0.09372335756197572,0.0587325566764921,0.01891560349568182,0.005057220714792354
0.09153173118829727,0.05735898017883301,0.09372335756197572,0.0587325566764921,0.01891560349568182,0.005057220714792354
0.10600204765796661,0.05919237807393074,0.09372335756197572,0.0587325566764921,0.01891560349568182,0.005057220714792354
0.07573362439870834,0.054155394434928894,0.09372335756197572,0.0587325566764921,0.01891560349568182,0.005057220714792354
0.11069360375404358,0.06361609697341919,0.09372335756197572,0.0587325566764921,0.01891560349568182,0.005057220714792354
0.09310465306043625,0.059013113379478455,0.09372335756197572,0.0587325566764921,0.01891560349568182,0.005057220714792354
0.08758293092250824,0.056254491209983826,0.09372335756197572,0.0587325566764921,0.01891560349568182,0.005057220714792354
0.05711875110864639,0.04771711304783821,0.09372335756197572,0.0587325566764921,0.01891560349568182,0.005057220714792354
0.13454076647758484,0.06403757631778717,0.09372335756197572,0.0587325566764921,0.01891560349568182,0.005057220714792354
0.15672309696674347,0.07866587489843369,0.09372335756197572,0.0587325566764921,0.01891560349568182,0.005057220714792354
0.12097936868667603,0.06597539037466049,0.09372335756197572,0.0587325566764921,0.01891560349568182,0.005057220714792354
0.11184162646532059,0.06228206306695938,0.09372335756197572,0.0587325566764921,0.01891560349568182,0.005057220714792354
0.06657755374908447,0.052605267614126205,0.09372335756197572,0.0587325566764921,0.01891560349568182,0.005057220714792354
0.09169164299964905,0.05825907737016678,0.09372335756197572,0.0587325566764921,0.01891560349568182,0.005057220714792354
0.08288409560918808,0.05577977001667023,0.09372335756197572,0.0587325566764921,0.01891560349568182,0.005057220714792354
0.08174585551023483,0.059042640030384064,0.09372335756197572,0.0587325566764921,0.01891560349568182,0.005057220714792354
0.12735748291015625,0.06806832551956177,0.09372335756197572,0.0587325566764921,0.01891560349568182,0.005057220714792354
0.07103244960308075,0.053068943321704865,0.09372335756197572,0.0587325566764921,0.01891560349568182,0.005057220714792354
0.09040528535842896,0.05709686502814293,0.09372335756197572,0.0587325566764921,0.01891560349568182,0.005057220714792354
0.09871732443571091,0.05782334506511688,0.09372335756197572,0.0587325566764921,0.01891560349568182,0.005057220714792354
0.08628776669502258,0.05365521088242531,0.09372335756197572,0.0587325566764921,0.01891560349568182,0.005057220714792354
0.06372076272964478,0.051349807530641556,0.09372335756197572,0.0587325566764921,0.01891560349568182,0.005057220714792354
0.06588948518037796,0.05254560336470604,0.09372335756197572,0.0587325566764921,0.01891560349568182,0.005057220714792354
0.08222416788339615,0.054860472679138184,0.09372335756197572,0.0587325566764921,0.01891560349568182,0.005057220714792354
0.11552035808563232,0.05960717052221298,0.09372335756197572,0.0587325566764921,0.01891560349568182,0.005057220714792354
0.08306954056024551,0.053667545318603516,0.09372335756197572,0.0587325566764921,0.01891560349568182,0.005057220714792354
0.09530262649059296,0.060744792222976685,0.09372335756197572,0.0587325566764921,0.01891560349568182,0.005057220714792354
0.08603336662054062,0.05422036349773407,0.09372335756197572,0.0587325566764921,0.01891560349568182,0.005057220714792354
0.07847172021865845,0.05152672901749611,0.09372335756197572,0.0587325566764921,0.01891560349568182,0.005057220714792354
0.10583163052797318,0.059313565492630005,0.09372335756197572,0.0587325566764921,0.01891560349568182,0.005057220714792354
0.1118038222193718,0.06239974871277809,0.09372335756197572,0.0587325566764921,0.01891560349568182,0.005057220714792354
0.10725193470716476,0.06154942512512207,0.09372335756197572,0.0587325566764921,0.01891560349568182,0.005057220714792354
0.11683549731969833,0.06275377422571182,0.09372335756197572,0.0587325566764921,0.01891560349568182,0.005057220714792354
0.08026857674121857,0.057746388018131256,0.09372335756197572,0.0587325566764921,0.01891560349568182,0.005057220714792354
0.08380404114723206,0.054603926837444305,0.09372335756197572,0.0587325566764921,0.01891560349568182,0.005057220714792354
0.09616980701684952,0.06060170382261276,0.09372335756197572,0.0587325566764921,0.01891560349568182,0.005057220714792354
0.11856772750616074,0.06881317496299744,0.09372335756197572,0.0587325566764921,0.01891560349568182,0.005057220714792354
0.06171785667538643,0.04972321540117264,0.09372335756197572,0.0587325566764921,0.01891560349568182,0.005057220714792354
0.10419189929962158,0.06297627091407776,0.09372335756197572,0.0587325566764921,0.01891560349568182,0.005057220714792354
0.12386454641819,0.06207994744181633,0.09372335756197572,0.0587325566764921,0.01891560349568182,0.005057220714792354
0.09753833711147308,0.05945480987429619,0.09372335756197572,0.0587325566764921,0.01891560349568182,0.005057220714792354
0.09220496565103531,0.06323183327913284,0.09372335756197572,0.0587325566764921,0.01891560349568182,0.005057220714792354
0.0819844976067543,0.054858893156051636,0.09372335756197572,0.0587325566764921,0.01891560349568182,0.005057220714792354
0.09121290594339371,0.056024231016635895,0.09372335756197572,0.0587325566764921,0.01891560349568182,0.005057220714792354
0.09765077382326126,0.056687723845243454,0.09372335756197572,0.0587325566764921,0.01891560349568182,0.005057220714792354
0.10963058471679688,0.0656561627984047,0.09372335756197572,0.0587325566764921,0.01891560349568182,0.005057220714792354
0.08823059499263763,0.05572328343987465,0.09372335756197572,0.0587325566764921,0.01891560349568182,0.005057220714792354
0.09071941673755646,0.06001677364110947,0.09372335756197572,0.0587325566764921,0.01891560349568182,0.005057220714792354
0.09635099023580551,0.05801890045404434,0.09372335756197572,0.0587325566764921,0.01891560349568182,0.005057220714792354
0.12748269736766815,0.0635392814874649,0.09372335756197572,0.0587325566764921,0.01891560349568182,0.005057220714792354
0.11130143702030182,0.06472013145685196,0.09372335756197572,0.0587325566764921,0.01891560349568182,0.005057220714792354
0.0898297131061554,0.06163952127099037,0.09372335756197572,0.0587325566764921,0.01891560349568182,0.005057220714792354
0.07652878016233444,0.05240907520055771,0.09372335756197572,0.0587325566764921,0.01891560349568182,0.005057220714792354
0.08706482499837875,0.05515382066369057,0.09372335756197572,0.0587325566764921,0.01891560349568182,0.005057220714792354
0.08740615099668503,0.054880693554878235,0.09372335756197572,0.0587325566764921,0.01891560349568182,0.005057220714792354
0.10343349725008011,0.05795062333345413,0.09372335756197572,0.0587325566764921,0.01891560349568182,0.005057220714792354
0.08302241563796997,0.05531766265630722,0.09372335756197572,0.0587325566764921,0.01891560349568182,0.005057220714792354
0.07302828133106232,0.052873022854328156,0.09372335756197572,0.0587325566764921,0.01891560349568182,0.005057220714792354
0.10277393460273743,0.06416759639978409,0.09372335756197572,0.0587325566764921,0.01891560349568182,0.005057220714792354
0.11061374843120575,0.065201535820961,0.09372335756197572,0.0587325566764921,0.01891560349568182,0.005057220714792354
0.1254010796546936,0.06754051148891449,0.09372335756197572,0.0587325566764921,0.01891560349568182,0.005057220714792354
0.12213244289159775,0.06521598994731903,0.09372335756197572,0.0587325566764921,0.01891560349568182,0.005057220714792354
0.08154633641242981,0.05581345781683922,0.09372335756197572,0.0587325566764921,0.01891560349568182,0.005057220714792354
0.09323089569807053,0.059202417731285095,0.09372335756197572,0.0587325566764921,0.01891560349568182,0.005057220714792354
0.07399972528219223,0.053905047476291656,0.09372335756197572,0.0587325566764921,0.01891560349568182,0.005057220714792354
0.10321745276451111,0.06164822354912758,0.09372335756197572,0.0587325566764921,0.01891560349568182,0.005057220714792354
0.08477874100208282,0.05761612951755524,0.09372335756197572,0.0587325566764921,0.01891560349568182,0.005057220714792354
0.09032819420099258,0.053956858813762665,0.09372335756197572,0.0587325566764921,0.01891560349568182,0.005057220714792354
0.13312958180904388,0.06808388233184814,0.09372335756197572,0.0587325566764921,0.01891560349568182,0.005057220714792354
0.09560312330722809,0.05684560537338257,0.09372335756197572,0.0587325566764921,0.01891560349568182,0.005057220714792354
0.05666045844554901,0.04775400832295418,0.09372335756197572,0.0587325566764921,0.01891560349568182,0.005057220714792354
0.09005409479141235,0.05519615486264229,0.09372335756197572,0.0587325566764921,0.01891560349568182,0.005057220714792354
0.09570930898189545,0.06048347055912018,0.09372335756197572,0.0587325566764921,0.01891560349568182,0.005057220714792354
0.06731518357992172,0.055899061262607574,0.09372335756197572,0.0587325566764921,0.01891560349568182,0.005057220714792354
0.08572165668010712,0.05560252442955971,0.09372335756197572,0.0587325566764921,0.01891560349568182,0.005057220714792354
0.11044898629188538,0.06097358465194702,0.09372335756197572,0.0587325566764921,0.01891560349568182,0.005057220714792354
0.14407074451446533,0.07366868853569031,0.09372335756197572,0.0587325566764921,0.01891560349568182,0.005057220714792354
0.09807761013507843,0.058560509234666824,0.09372335756197572,0.0587325566764921,0.01891560349568182,0.005057220714792354
0.08223123848438263,0.05615634098649025,0.09372335756197572,0.0587325566764921,0.01891560349568182,0.005057220714792354
0.07417593896389008,0.05350957438349724,0.09372335756197572,0.0587325566764921,0.01891560349568182,0.005057220714792354
0.08184000104665756,0.05722229927778244,0.09372335756197572,0.0587325566764921,0.01891560349568182,0.005057220714792354
0.1067565307021141,0.061490170657634735,0.09372335756197572,0.0587325566764921,0.01891560349568182,0.005057220714792354
0.1354120373725891,0.06872984766960144,0.09372335756197572,0.0587325566764921,0.01891560349568182,0.005057220714792354
0.08395843952894211,0.05366275832056999,0.09372335756197572,0.0587325566764921,0.01891560349568182,0.005057220714792354
0.08523651957511902,0.05394915118813515,0.09372335756197572,0.0587325566764921,0.01891560349568182,0.005057220714792354
0.1072024330496788,0.06542769819498062,0.09372335756197572,0.0587325566764921,0.01891560349568182,0.005057220714792354
0.08816170692443848,0.054634906351566315,0.09372335756197572,0.0587325566764921,0.01891560349568182,0.005057220714792354
0.13059552013874054,0.0639197900891304,0.09372335756197572,0.0587325566764921,0.01891560349568182,0.005057220714792354
0.07766459882259369,0.052876267582178116,0.09372335756197572,0.0587325566764921,0.01891560349568182,0.005057220714792354
0.07662040740251541,0.05788769572973251,0.09372335756197572,0.0587325566764921,0.01891560349568182,0.005057220714792354
0.08704528957605362,0.05764514580368996,0.09372335756197572,0.0587325566764921,0.01891560349568182,0.005057220714792354
0.1072567030787468,0.06054282188415527,0.09372335756197572,0.0587325566764921,0.01891560349568182,0.005057220714792354
0.11616239696741104,0.06563802808523178,0.09372335756197572,0.0587325566764921,0.01891560349568182,0.005057220714792354
0.08198585361242294,0.05684127286076546,0.09372335756197572,0.0587325566764921,0.01891560349568182,0.005057220714792354
0.07609758526086807,0.05944908410310745,0.09372335756197572,0.0587325566764921,0.01891560349568182,0.005057220714792354
0.0779670923948288,0.05269540846347809,0.09372335756197572,0.0587325566764921,0.01891560349568182,0.005057220714792354
0.10003004223108292,0.06132744252681732,0.09372335756197572,0.0587325566764921,0.01891560349568182,0.005057220714792354
0.07162561267614365,0.05216725170612335,0.09372335756197572,0.0587325566764921,0.01891560349568182,0.005057220714792354
0.10404049605131149,0.06594610959291458,0.09372335756197572,0.0587325566764921,0.01891560349568182,0.005057220714792354
0.13715632259845734,0.06626024097204208,0.09372335756197572,0.0587325566764921,0.01891560349568182,0.005057220714792354
0.1021951213479042,0.060859646648168564,0.09372335756197572,0.0587325566764921,0.01891560349568182,0.005057220714792354
0.09826584905385971,0.058513689786195755,0.09372335756197572,0.0587325566764921,0.01891560349568182,0.005057220714792354
0.09587176889181137,0.060396239161491394,0.09372335756197572,0.0587325566764921,0.01891560349568182,0.005057220714792354
0.0803922489285469,0.056767538189888,0.09372335756197572,0.0587325566764921,0.01891560349568182,0.005057220714792354
0.10678005963563919,0.06150675565004349,0.09372335756197572,0.0587325566764921,0.01891560349568182,0.005057220714792354
0.07412410527467728,0.05278636887669563,0.09372335756197572,0.0587325566764921,0.01891560349568182,0.005057220714792354
0.11418020725250244,0.06163640692830086,0.09372335756197572,0.0587325566764921,0.01891560349568182,0.005057220714792354
0.07731743901968002,0.05325978249311447,0.09372335756197572,0.0587325566764921,0.01891560349568182,0.005057220714792354
0.07066208124160767,0.05583706870675087,0.09372335756197572,0.0587325566764921,0.01891560349568182,0.005057220714792354
0.07277936488389969,0.05691973865032196,0.09372335756197572,0.0587325566764921,0.01891560349568182,0.005057220714792354
0.0654170960187912,0.05480409041047096,0.09372335756197572,0.0587325566764921,0.01891560349568182,0.005057220714792354
0.0988205224275589,0.06240193918347359,0.09372335756197572,0.0587325566764921,0.01891560349568182,0.005057220714792354
0.0925532653927803,0.05650538206100464,0.09372335756197572,0.0587325566764921,0.01891560349568182,0.005057220714792354
0.06684767454862595,0.054856184870004654,0.09372335756197572,0.0587325566764921,0.01891560349568182,0.005057220714792354
0.09916119277477264,0.05719548836350441,0.09372335756197572,0.0587325566764921,0.01891560349568182,0.005057220714792354
0.11184593290090561,0.06225397065281868,0.09372335756197572,0.0587325566764921,0.01891560349568182,0.005057220714792354
0.06543179601430893,0.05033745616674423,0.09372335756197572,0.0587325566764921,0.01891560349568182,0.005057220714792354
0.07488182187080383,0.04969676584005356,0.09372335756197572,0.0587325566764921,0.01891560349568182,0.005057220714792354
0.1382768452167511,0.06699977070093155,0.09372335756197572,0.0587325566764921,0.01891560349568182,0.005057220714792354
0.0875191017985344,0.057925280183553696,0.09372335756197572,0.0587325566764921,0.01891560349568182,0.005057220714792354
0.11479964107275009,0.06224526837468147,0.09372335756197572,0.0587325566764921,0.01891560349568182,0.005057220714792354
0.09412188827991486,0.05849388614296913,0.09372335756197572,0.0587325566764921,0.01891560349568182,0.005057220714792354
0.1141970083117485,0.05989590659737587,0.09372335756197572,0.0587325566764921,0.01891560349568182,0.005057220714792354
0.09990967810153961,0.05573386698961258,0.09372335756197572,0.0587325566764921,0.01891560349568182,0.005057220714792354
0.08753066509962082,0.05710334703326225,0.09372335756197572,0.0587325566764921,0.01891560349568182,0.005057220714792354
0.06720897555351257,0.052121005952358246,0.09372335756197572,0.0587325566764921,0.01891560349568182,0.005057220714792354
0.07573384791612625,0.05120013281702995,0.09372335756197572,0.0587325566764921,0.01891560349568182,0.005057220714792354
0.06856901943683624,0.0538158044219017,0.09372335756197572,0.0587325566764921,0.01891560349568182,0.005057220714792354
0.06331051141023636,0.04766262695193291,0.09372335756197572,0.0587325566764921,0.01891560349568182,0.005057220714792354
0.07166143506765366,0.05286005511879921,0.09372335756197572,0.0587325566764921,0.01891560349568182,0.005057220714792354
0.10560932755470276,0.059946320950984955,0.09372335756197572,0.0587325566764921,0.01891560349568182,0.005057220714792354
0.09587909281253815,0.05678112432360649,0.09372335756197572,0.0587325566764921,0.01891560349568182,0.005057220714792354
0.10658431798219681,0.06297913193702698,0.09372335756197572,0.0587325566764921,0.01891560349568182,0.005057220714792354
0.08508636802434921,0.058174602687358856,0.09372335756197572,0.0587325566764921,0.01891560349568182,0.005057220714792354
0.10006769746541977,0.05824986845254898,0.09372335756197572,0.0587325566764921,0.01891560349568182,0.005057220714792354
0.08410517126321793,0.05380624160170555,0.09372335756197572,0.0587325566764921,0.01891560349568182,0.005057220714792354
0.07639651745557785,0.054548271000385284,0.09372335756197572,0.0587325566764921,0.01891560349568182,0.005057220714792354
0.1029844880104065,0.06129169836640358,0.09372335756197572,0.0587325566764921,0.01891560349568182,0.005057220714792354
0.07873335480690002,0.0521814189851284,0.09372335756197572,0.0587325566764921,0.01891560349568182,0.005057220714792354
0.12586472928524017,0.07039569318294525,0.09372335756197572,0.0587325566764921,0.01891560349568182,0.005057220714792354
0.061483535915613174,0.05046834796667099,0.09372335756197572,0.0587325566764921,0.01891560349568182,0.005057220714792354
0.08757522702217102,0.058652181178331375,0.09372335756197572,0.0587325566764921,0.01891560349568182,0.005057220714792354
0.07296683639287949,0.054531700909137726,0.09372335756197572,0.0587325566764921,0.01891560349568182,0.005057220714792354
0.07368852943181992,0.05389851704239845,0.09372335756197572,0.0587325566764921,0.01891560349568182,0.005057220714792354
0.07274208962917328,0.0551421120762825,0.09372335756197572,0.0587325566764921,0.01891560349568182,0.005057220714792354
0.11454154551029205,0.06115278601646423,0.09372335756197572,0.0587325566764921,0.01891560349568182,0.005057220714792354
0.09060816466808319,0.05676792189478874,0.09372335756197572,0.0587325566764921,0.01891560349568182,0.005057220714792354
0.07411058247089386,0.05245253071188927,0.09372335756197572,0.0587325566764921,0.01891560349568182,0.005057220714792354
0.13386990129947662,0.06886561959981918,0.09372335756197572,0.0587325566764921,0.01891560349568182,0.005057220714792354
0.14238902926445007,0.07583236694335938,0.09372335756197572,0.0587325566764921,0.01891560349568182,0.005057220714792354
0.06750138849020004,0.05075148493051529,0.09372335756197572,0.0587325566764921,0.01891560349568182,0.005057220714792354
0.07273868471384048,0.05304935574531555,0.09372335756197572,0.0587325566764921,0.01891560349568182,0.005057220714792354
0.10433727502822876,0.060717202723026276,0.09372335756197572,0.0587325566764921,0.01891560349568182,0.005057220714792354
0.11381549388170242,0.06490475684404373,0.09372335756197572,0.0587325566764921,0.01891560349568182,0.005057220714792354
0.09271803498268127,0.05893859639763832,0.09372335756197572,0.0587325566764921,0.01891560349568182,0.005057220714792354
0.0680757537484169,0.05253243446350098,0.09372335756197572,0.0587325566764921,0.01891560349568182,0.005057220714792354
0.0716722384095192,0.05407683178782463,0.09372335756197572,0.0587325566764921,0.01891560349568182,0.005057220714792354
0.0826200321316719,0.05817989632487297,0.09372335756197572,0.0587325566764921,0.01891560349568182,0.005057220714792354
0.09098470211029053,0.058103203773498535,0.09372335756197572,0.0587325566764921,0.01891560349568182,0.005057220714792354
0.076090008020401,0.05303013324737549,0.09372335756197572,0.0587325566764921,0.01891560349568182,0.005057220714792354
0.12195774912834167,0.06541945785284042,0.09372335756197572,0.0587325566764921,0.01891560349568182,0.005057220714792354
0.08897267282009125,0.05693352594971657,0.09372335756197572,0.0587325566764921,0.01891560349568182,0.005057220714792354
0.08363573253154755,0.056682076305150986,0.09372335756197572,0.0587325566764921,0.01891560349568182,0.005057220714792354
0.08806464076042175,0.05393092334270477,0.09372335756197572,0.0587325566764921,0.01891560349568182,0.005057220714792354
0.10629571229219437,0.06278029829263687,0.09372335756197572,0.0587325566764921,0.01891560349568182,0.005057220714792354
0.09595190733671188,0.056203052401542664,0.09372335756197572,0.0587325566764921,0.01891560349568182,0.005057220714792354
0.13470052182674408,0.06463415175676346,0.09372335756197572,0.0587325566764921,0.01891560349568182,0.005057220714792354
0.08389865607023239,0.05560213699936867,0.09372335756197572,0.0587325566764921,0.01891560349568182,0.005057220714792354
0.0926583930850029,0.05726420134305954,0.09372335756197572,0.0587325566764921,0.01891560349568182,0.005057220714792354
0.0743115246295929,0.05298754945397377,0.09372335756197572,0.0587325566764921,0.01891560349568182,0.005057220714792354
0.09024970978498459,0.05848604813218117,0.09372335756197572,0.0587325566764921,0.01891560349568182,0.005057220714792354
0.08973878622055054,0.05932110920548439,0.09372335756197572,0.0587325566764921,0.01891560349568182,0.005057220714792354
0.08677570521831512,0.05712613835930824,0.09372335756197572,0.0587325566764921,0.01891560349568182,0.005057220714792354
0.09324505925178528,0.05432695150375366,0.09372335756197572,0.0587325566764921,0.01891560349568182,0.005057220714792354
0.07889742404222488,0.0527319572865963,0.09372335756197572,0.0587325566764921,0.01891560349568182,0.005057220714792354
0.11317166686058044,0.06324561685323715,0.09372335756197572,0.0587325566764921,0.01891560349568182,0.005057220714792354
0.08103448152542114,0.058134544640779495,0.09372335756197572,0.0587325566764921,0.01891560349568182,0.005057220714792354
0.10793722420930862,0.06002669408917427,0.09372335756197572,0.0587325566764921,0.01891560349568182,0.005057220714792354
0.0692388042807579,0.054961808025836945,0.09372335756197572,0.0587325566764921,0.01891560349568182,0.005057220714792354
0.1264507919549942,0.0629834234714508,0.09372335756197572,0.0587325566764921,0.01891560349568182,0.005057220714792354
0.07987752556800842,0.05617150291800499,0.09372335756197572,0.0587325566764921,0.01891560349568182,0.005057220714792354
0.11662551015615463,0.06562989950180054,0.09372335756197572,0.0587325566764921,0.01891560349568182,0.005057220714792354
0.08209006488323212,0.05239064246416092,0.09372335756197572,0.0587325566764921,0.01891560349568182,0.005057220714792354
0.07387278228998184,0.05718173831701279,0.09372335756197572,0.0587325566764921,0.01891560349568182,0.005057220714792354
0.11665982007980347,0.06321624666452408,0.09372335756197572,0.0587325566764921,0.01891560349568182,0.005057220714792354
0.08028676360845566,0.05902881175279617,0.09372335756197572,0.0587325566764921,0.01891560349568182,0.005057220714792354
0.0682554841041565,0.054478757083415985,0.09372335756197572,0.0587325566764921,0.01891560349568182,0.005057220714792354
0.11545483767986298,0.05877457186579704,0.09372335756197572,0.0587325566764921,0.01891560349568182,0.005057220714792354
0.08209383487701416,0.054994791746139526,0.09372335756197572,0.0587325566764921,0.01891560349568182,0.005057220714792354
0.09704438596963882,0.0601322278380394,0.09372335756197572,0.0587325566764921,0.01891560349568182,0.005057220714792354
0.12753716111183167,0.06716258823871613,0.09372335756197572,0.0587325566764921,0.01891560349568182,0.005057220714792354
0.0735924169421196,0.055214639753103256,0.09372335756197572,0.0587325566764921,0.01891560349568182,0.005057220714792354
0.08046545088291168,0.05627667158842087,0.09372335756197572,0.0587325566764921,0.01891560349568182,0.005057220714792354
0.12487168610095978,0.06443415582180023,0.09372335756197572,0.0587325566764921,0.01891560349568182,0.005057220714792354
0.09135265648365021,0.058185379952192307,0.09372335756197572,0.0587325566764921,0.01891560349568182,0.005057220714792354
0.06448431313037872,0.05399726331233978,0.09372335756197572,0.0587325566764921,0.01891560349568182,0.005057220714792354
0.09490223228931427,0.05603484809398651,0.09372335756197572,0.0587325566764921,0.01891560349568182,0.005057220714792354
0.10297402739524841,0.05990512669086456,0.09372335756197572,0.0587325566764921,0.01891560349568182,0.005057220714792354
0.09775048494338989,0.05811138078570366,0.09372335756197572,0.0587325566764921,0.01891560349568182,0.005057220714792354
0.07856424152851105,0.054734792560338974,0.09372335756197572,0.0587325566764921,0.01891560349568182,0.005057220714792354
0.07004369795322418,0.05558779090642929,0.09372335756197572,0.0587325566764921,0.01891560349568182,0.005057220714792354
0.08357470482587814,0.060750383883714676,0.09372335756197572,0.0587325566764921,0.01891560349568182,0.005057220714792354
0.11328556388616562,0.06153085455298424,0.09372335756197572,0.0587325566764921,0.01891560349568182,0.005057220714792354
0.08056322485208511,0.058523520827293396,0.09372335756197572,0.0587325566764921,0.01891560349568182,0.005057220714792354
0.10029246658086777,0.06081205978989601,0.09372335756197572,0.0587325566764921,0.01891560349568182,0.005057220714792354
0.08567384630441666,0.05940278246998787,0.09372335756197572,0.0587325566764921,0.01891560349568182,0.005057220714792354
0.0887591764330864,0.05829688906669617,0.09372335756197572,0.0587325566764921,0.01891560349568182,0.005057220714792354
0.0604667030274868,0.05001790449023247,0.09372335756197572,0.0587325566764921,0.01891560349568182,0.005057220714792354
0.1201791986823082,0.06656097620725632,0.09372335756197572,0.0587325566764921,0.01891560349568182,0.005057220714792354
0.08292585611343384,0.05586188659071922,0.09372335756197572,0.0587325566764921,0.01891560349568182,0.005057220714792354
0.10550849884748459,0.06257712095975876,0.09372335756197572,0.0587325566764921,0.01891560349568182,0.005057220714792354
0.09322311729192734,0.05789466202259064,0.09372335756197572,0.0587325566764921,0.01891560349568182,0.005057220714792354
0.12284182757139206,0.06289492547512054,0.09372335756197572,0.0587325566764921,0.01891560349568182,0.005057220714792354
0.09944512695074081,0.06282085180282593,0.09372335756197572,0.0587325566764921,0.01891560349568182,0.005057220714792354
0.090894915163517,0.0559118427336216,0.09372335756197572,0.0587325566764921,0.01891560349568182,0.005057220714792354
0.08821015805006027,0.059058334678411484,0.09372335756197572,0.0587325566764921,0.01891560349568182,0.005057220714792354
0.08595291525125504,0.054162368178367615,0.09372335756197572,0.0587325566764921,0.01891560349568182,0.005057220714792354
0.07819720357656479,0.053674809634685516,0.09372335756197572,0.0587325566764921,0.01891560349568182,0.005057220714792354
0.08934086561203003,0.05564088001847267,0.09372335756197572,0.0587325566764921,0.01891560349568182,0.005057220714792354
0.06327377259731293,0.05035848915576935,0.09372335756197572,0.0587325566764921,0.01891560349568182,0.005057220714792354
0.10550832748413086,0.05995267257094383,0.09372335756197572,0.0587325566764921,0.01891560349568182,0.005057220714792354
0.09289687126874924,0.05525607988238335,0.09372335756197572,0.0587325566764921,0.01891560349568182,0.005057220714792354
0.11352803558111191,0.060062967240810394,0.09372335756197572,0.0587325566764921,0.01891560349568182,0.005057220714792354
0.11752572655677795,0.06292247772216797,0.09372335756197572,0.0587325566764921,0.01891560349568182,0.005057220714792354
0.06545647978782654,0.053361017256975174,0.09372335756197572,0.0587325566764921,0.01891560349568182,0.005057220714792354
0.07289235293865204,0.053755223751068115,0.09372335756197572,0.0587325566764921,0.01891560349568182,0.005057220714792354
0.1273728311061859,0.07150478661060333,0.09372335756197572,0.0587325566764921,0.01891560349568182,0.005057220714792354
0.09363391995429993,0.05856005847454071,0.09372335756197572,0.0587325566764921,0.01891560349568182,0.005057220714792354
0.06940562278032303,0.05464855581521988,0.09372335756197572,0.0587325566764921,0.01891560349568182,0.005057220714792354
0.07479690760374069,0.05218098312616348,0.09372335756197572,0.0587325566764921,0.01891560349568182,0.005057220714792354
0.08098223805427551,0.053213369101285934,0.09372335756197572,0.0587325566764921,0.01891560349568182,0.005057220714792354
0.09951573610305786,0.06186080351471901,0.09372335756197572,0.0587325566764921,0.01891560349568182,0.005057220714792354
0.0943026915192604,0.05764000117778778,0.09372335756197572,0.0587325566764921,0.01891560349568182,0.005057220714792354
0.06693564355373383,0.05202922597527504,0.09372335756197572,0.0587325566764921,0.01891560349568182,0.005057220714792354
0.08110823482275009,0.05289825052022934,0.09372335756197572,0.0587325566764921,0.01891560349568182,0.005057220714792354
0.1055605560541153,0.06031335890293121,0.09372335756197572,0.0587325566764921,0.01891560349568182,0.005057220714792354
0.0876995101571083,0.058206699788570404,0.09372335756197572,0.0587325566764921,0.01891560349568182,0.005057220714792354
0.1212734654545784,0.06693173199892044,0.09372335756197572,0.0587325566764921,0.01891560349568182,0.005057220714792354
0.10008406639099121,0.06248277798295021,0.09372335756197572,0.0587325566764921,0.01891560349568182,0.005057220714792354
0.12095259875059128,0.06612793356180191,0.09372335756197572,0.0587325566764921,0.01891560349568182,0.005057220714792354
0.06857519596815109,0.051501866430044174,0.09372335756197572,0.0587325566764921,0.01891560349568182,0.005057220714792354
0.06867813318967819,0.053424034267663956,0.09372335756197572,0.0587325566764921,0.01891560349568182,0.005057220714792354
0.10474058985710144,0.06237621232867241,0.09372335756197572,0.0587325566764921,0.01891560349568182,0.005057220714792354
0.10431685298681259,0.06516604125499725,0.09372335756197572,0.0587325566764921,0.01891560349568182,0.005057220714792354
0.09293212741613388,0.056416261941194534,0.09372335756197572,0.0587325566764921,0.01891560349568182,0.005057220714792354
0.13791897892951965,0.07479269057512283,0.09372335756197572,0.0587325566764921,0.01891560349568182,0.005057220714792354
0.09564991295337677,0.052954982966184616,0.09372335756197572,0.0587325566764921,0.01891560349568182,0.005057220714792354
0.11387532949447632,0.060765501111745834,0.09372335756197572,0.0587325566764921,0.01891560349568182,0.005057220714792354
0.12763498723506927,0.06478960812091827,0.09372335756197572,0.0587325566764921,0.01891560349568182,0.005057220714792354
0.10569898784160614,0.061878059059381485,0.09372335756197572,0.0587325566764921,0.01891560349568182,0.005057220714792354
0.0887022539973259,0.056566208600997925,0.09372335756197572,0.0587325566764921,0.01891560349568182,0.005057220714792354
0.09570945799350739,0.06018877774477005,0.09372335756197572,0.0587325566764921,0.01891560349568182,0.005057220714792354
0.06761994957923889,0.052207380533218384,0.09372335756197572,0.0587325566764921,0.01891560349568182,0.005057220714792354
0.07048812508583069,0.052831873297691345,0.09372335756197572,0.0587325566764921,0.01891560349568182,0.005057220714792354
0.08615884929895401,0.05174786224961281,0.09372335756197572,0.0587325566764921,0.01891560349568182,0.005057220714792354
0.08696670830249786,0.052428293973207474,0.09372335756197572,0.0587325566764921,0.01891560349568182,0.005057220714792354
0.09968700259923935,0.06066193804144859,0.09372335756197572,0.0587325566764921,0.01891560349568182,0.005057220714792354
0.110402911901474,0.06131788343191147,0.09372335756197572,0.0587325566764921,0.01891560349568182,0.005057220714792354
0.12057587504386902,0.06612858921289444,0.09372335756197572,0.0587325566764921,0.01891560349568182,0.005057220714792354
0.08672726899385452,0.06076723337173462,0.09372335756197572,0.0587325566764921,0.01891560349568182,0.005057220714792354
0.08605534583330154,0.05756912752985954,0.09372335756197572,0.0587325566764921,0.01891560349568182,0.005057220714792354
0.06075138598680496,0.05063730850815773,0.09372335756197572,0.0587325566764921,0.01891560349568182,0.005057220714792354
0.0670689195394516,0.051410093903541565,0.09372335756197572,0.0587325566764921,0.01891560349568182,0.005057220714792354
0.07884766161441803,0.05600995197892189,0.09372335756197572,0.0587325566764921,0.01891560349568182,0.005057220714792354
0.10443228483200073,0.0598752461373806,0.09372335756197572,0.0587325566764921,0.01891560349568182,0.005057220714792354
0.11417369544506073,0.061094019562006,0.09372335756197572,0.0587325566764921,0.01891560349568182,0.005057220714792354
0.08610310405492783,0.05517397075891495,0.09372335756197572,0.0587325566764921,0.01891560349568182,0.005057220714792354
0.08315511792898178,0.057235319167375565,0.09372335756197572,0.0587325566764921,0.01891560349568182,0.005057220714792354
0.08321977406740189,0.05596144124865532,0.09372335756197572,0.0587325566764921,0.01891560349568182,0.005057220714792354
0.13194416463375092,0.0660819262266159,0.09372335756197572,0.0587325566764921,0.01891560349568182,0.005057220714792354
0.1222260519862175,0.06175510585308075,0.09372335756197572,0.0587325566764921,0.01891560349568182,0.005057220714792354
0.10134942829608917,0.05685991793870926,0.09372335756197572,0.0587325566764921,0.01891560349568182,0.005057220714792354
0.12792295217514038,0.06341660767793655,0.09372335756197572,0.0587325566764921,0.01891560349568182,0.005057220714792354
0.06823079288005829,0.050506237894296646,0.09372335756197572,0.0587325566764921,0.01891560349568182,0.005057220714792354
0.08177395910024643,0.056733645498752594,0.09372335756197572,0.0587325566764921,0.01891560349568182,0.005057220714792354
0.09935963898897171,0.058104708790779114,0.09372335756197572,0.0587325566764921,0.01891560349568182,0.005057220714792354
0.09290692955255508,0.05707992613315582,0.09372335756197572,0.0587325566764921,0.01891560349568182,0.005057220714792354
0.07736098766326904,0.05520801246166229,0.09372335756197572,0.0587325566764921,0.01891560349568182,0.005057220714792354
0.09949612617492676,0.057059966027736664,0.09372335756197572,0.0587325566764921,0.01891560349568182,0.005057220714792354
0.1200457364320755,0.06623826175928116,0.09372335756197572,0.0587325566764921,0.01891560349568182,0.005057220714792354
0.09806571155786514,0.058507289737463,0.09372335756197572,0.0587325566764921,0.01891560349568182,0.005057220714792354
0.08259028941392899,0.05626430734992027,0.09372335756197572,0.0587325566764921,0.01891560349568182,0.005057220714792354
0.11688321828842163,0.06191197782754898,0.09372335756197572,0.0587325566764921,0.01891560349568182,0.005057220714792354
0.08127299696207047,0.05929524824023247,0.09372335756197572,0.0587325566764921,0.01891560349568182,0.005057220714792354
0.09354135394096375,0.05623360723257065,0.09372335756197572,0.0587325566764921,0.01891560349568182,0.005057220714792354
0.1258147656917572,0.06273525953292847,0.09372335756197572,0.0587325566764921,0.01891560349568182,0.005057220714792354
0.0880148857831955,0.06178108602762222,0.09372335756197572,0.0587325566764921,0.01891560349568182,0.005057220714792354
0.08090224862098694,0.055633798241615295,0.09372335756197572,0.0587325566764921,0.01891560349568182,0.005057220714792354
0.06772415339946747,0.05238371342420578,0.09372335756197572,0.0587325566764921,0.01891560349568182,0.005057220714792354
0.08963850885629654,0.05619683489203453,0.09372335756197572,0.0587325566764921,0.01891560349568182,0.005057220714792354
0.08120881766080856,0.05644645169377327,0.09372335756197572,0.0587325566764921,0.01891560349568182,0.005057220714792354
0.11285746097564697,0.06301520764827728,0.09372335756197572,0.0587325566764921,0.01891560349568182,0.005057220714792354
0.10935429483652115,0.06832866370677948,0.09372335756197572,0.0587325566764921,0.01891560349568182,0.005057220714792354
0.10312546044588089,0.06240527331829071,0.09372335756197572,0.0587325566764921,0.01891560349568182,0.005057220714792354
0.11562156677246094,0.06154035031795502,0.09372335756197572,0.0587325566764921,0.01891560349568182,0.005057220714792354
0.08121135830879211,0.06020257994532585,0.09372335756197572,0.0587325566764921,0.01891560349568182,0.005057220714792354
0.08526899665594101,0.06441683322191238,0.09372335756197572,0.0587325566764921,0.01891560349568182,0.005057220714792354
0.08661661297082901,0.0546342208981514,0.09372335756197572,0.0587325566764921,0.01891560349568182,0.005057220714792354
0.08221781253814697,0.05145169422030449,0.09372335756197572,0.0587325566764921,0.01891560349568182,0.005057220714792354
0.07403363287448883,0.054537463933229446,0.09372335756197572,0.0587325566764921,0.01891560349568182,0.005057220714792354
0.09647437185049057,0.05465534329414368,0.09372335756197572,0.0587325566764921,0.01891560349568182,0.005057220714792354
0.12495783716440201,0.06687704473733902,0.09372335756197572,0.0587325566764921,0.01891560349568182,0.005057220714792354
0.07728011906147003,0.05458245053887367,0.09372335756197572,0.0587325566764921,0.01891560349568182,0.005057220714792354
0.12054722756147385,0.06205950677394867,0.09372335756197572,0.0587325566764921,0.01891560349568182,0.005057220714792354
0.08506111055612564,0.05596504360437393,0.09372335756197572,0.0587325566764921,0.01891560349568182,0.005057220714792354
0.05833522602915764,0.048696380108594894,0.09372335756197572,0.0587325566764921,0.01891560349568182,0.005057220714792354
0.11676117032766342,0.06297346949577332,0.09372335756197572,0.0587325566764921,0.01891560349568182,0.005057220714792354
0.10117188841104507,0.0660230815410614,0.09372335756197572,0.0587325566764921,0.01891560349568182,0.005057220714792354
0.08497190475463867,0.05539528280496597,0.09372335756197572,0.0587325566764921,0.01891560349568182,0.005057220714792354
0.08595474064350128,0.056849706918001175,0.09372335756197572,0.0587325566764921,0.01891560349568182,0.005057220714792354
0.08412918448448181,0.0583781972527504,0.09372335756197572,0.0587325566764921,0.01891560349568182,0.005057220714792354
0.08485540747642517,0.055479004979133606,0.09372335756197572,0.0587325566764921,0.01891560349568182,0.005057220714792354
0.10777789354324341,0.06230774149298668,0.09372335756197572,0.0587325566764921,0.01891560349568182,0.005057220714792354
0.12015891075134277,0.068649061024189,0.09372335756197572,0.0587325566764921,0.01891560349568182,0.005057220714792354
0.07781857997179031,0.05577041208744049,0.09372335756197572,0.0587325566764921,0.01891560349568182,0.005057220714792354
0.12102874368429184,0.07289998978376389,0.09372335756197572,0.0587325566764921,0.01891560349568182,0.005057220714792354
0.12643656134605408,0.06581496447324753,0.09372335756197572,0.0587325566764921,0.01891560349568182,0.005057220714792354
0.07889644056558609,0.05539093166589737,0.09372335756197572,0.0587325566764921,0.01891560349568182,0.005057220714792354
0.06547383219003677,0.051445819437503815,0.09372335756197572,0.0587325566764921,0.01891560349568182,0.005057220714792354
0.07638154923915863,0.05725633725523949,0.09372335756197572,0.0587325566764921,0.01891560349568182,0.005057220714792354
0.07805121690034866,0.05807914584875107,0.09372335756197572,0.0587325566764921,0.01891560349568182,0.005057220714792354
0.07941427826881409,0.054987240582704544,0.09372335756197572,0.0587325566764921,0.01891560349568182,0.005057220714792354
0.09815539419651031,0.05693379417061806,0.09372335756197572,0.0587325566764921,0.01891560349568182,0.005057220714792354
0.1092444434762001,0.06024288386106491,0.09372335756197572,0.0587325566764921,0.01891560349568182,0.005057220714792354
0.078976571559906,0.05369935929775238,0.09372335756197572,0.0587325566764921,0.01891560349568182,0.005057220714792354
0.08319461345672607,0.056742507964372635,0.09372335756197572,0.0587325566764921,0.01891560349568182,0.005057220714792354
0.09145355224609375,0.05912460759282112,0.09372335756197572,0.0587325566764921,0.01891560349568182,0.005057220714792354
0.07298524677753448,0.05348248779773712,0.09372335756197572,0.0587325566764921,0.01891560349568182,0.005057220714792354
0.08262568712234497,0.05540405586361885,0.09372335756197572,0.0587325566764921,0.01891560349568182,0.005057220714792354
0.10743255913257599,0.060781046748161316,0.09372335756197572,0.0587325566764921,0.01891560349568182,0.005057220714792354
0.09287626296281815,0.054307520389556885,0.09372335756197572,0.0587325566764921,0.01891560349568182,0.005057220714792354
0.11406903713941574,0.06022604927420616,0.09372335756197572,0.0587325566764921,0.01891560349568182,0.005057220714792354
0.11646700650453568,0.06190652772784233,0.09372335756197572,0.0587325566764921,0.01891560349568182,0.005057220714792354
0.07924148440361023,0.053164321929216385,0.09372335756197572,0.0587325566764921,0.01891560349568182,0.005057220714792354
0.08940241485834122,0.05976545065641403,0.09372335756197572,0.0587325566764921,0.01891560349568182,0.005057220714792354
0.06765658408403397,0.0507122240960598,0.09372335756197572,0.0587325566764921,0.01891560349568182,0.005057220714792354
0.10035490989685059,0.06050191819667816,0.09372335756197572,0.0587325566764921,0.01891560349568182,0.005057220714792354
0.07079871743917465,0.05681619048118591,0.09372335756197572,0.0587325566764921,0.01891560349568182,0.005057220714792354
0.10874011367559433,0.05914800986647606,0.09372335756197572,0.0587325566764921,0.01891560349568182,0.005057220714792354
0.1312301605939865,0.06641160696744919,0.09372335756197572,0.0587325566764921,0.01891560349568182,0.005057220714792354
0.10664777457714081,0.06173482909798622,0.09372335756197572,0.0587325566764921,0.01891560349568182,0.005057220714792354
0.0952177420258522,0.059020377695560455,0.09372335756197572,0.0587325566764921,0.01891560349568182,0.005057220714792354
0.0799780786037445,0.05629105493426323,0.09372335756197572,0.0587325566764921,0.01891560349568182,0.005057220714792354
0.08479543775320053,0.05686301365494728,0.09372335756197572,0.0587325566764921,0.01891560349568182,0.005057220714792354
0.11921417713165283,0.06401631236076355,0.09372335756197572,0.0587325566764921,0.01891560349568182,0.005057220714792354
0.05787365138530731,0.04825159162282944,0.09372335756197572,0.0587325566764921,0.01891560349568182,0.005057220714792354
0.12562835216522217,0.06236768141388893,0.09372335756197572,0.0587325566764921,0.01891560349568182,0.005057220714792354
0.12964685261249542,0.06833485513925552,0.09372335756197572,0.0587325566764921,0.01891560349568182,0.005057220714792354
0.11227961629629135,0.06496317684650421,0.09372335756197572,0.0587325566764921,0.01891560349568182,0.005057220714792354
0.119807668030262,0.06450154632329941,0.09372335756197572,0.0587325566764921,0.01891560349568182,0.005057220714792354
0.10896438360214233,0.06180822104215622,0.09372335756197572,0.0587325566764921,0.01891560349568182,0.005057220714792354
0.08806939423084259,0.05856925621628761,0.09372335756197572,0.0587325566764921,0.01891560349568182,0.005057220714792354
0.0730903223156929,0.05381137877702713,0.09372335756197572,0.0587325566764921,0.01891560349568182,0.005057220714792354
0.08705690503120422,0.057666268199682236,0.09372335756197572,0.0587325566764921,0.01891560349568182,0.005057220714792354
0.11462701112031937,0.06086138263344765,0.09372335756197572,0.0587325566764921,0.01891560349568182,0.005057220714792354
0.10494010150432587,0.055704087018966675,0.09372335756197572,0.0587325566764921,0.01891560349568182,0.005057220714792354
0.1058022677898407,0.06762663275003433,0.09372335756197572,0.0587325566764921,0.01891560349568182,0.005057220714792354
0.0706038847565651,0.05387480556964874,0.09372335756197572,0.0587325566764921,0.01891560349568182,0.005057220714792354
0.07492808252573013,0.052626047283411026,0.09372335756197572,0.0587325566764921,0.01891560349568182,0.005057220714792354
0.10067378729581833,0.0595422200858593,0.09372335756197572,0.0587325566764921,0.01891560349568182,0.005057220714792354
0.062074948102235794,0.050807416439056396,0.09372335756197572,0.0587325566764921,0.01891560349568182,0.005057220714792354
0.11490287631750107,0.06546677649021149,0.09372335756197572,0.0587325566764921,0.01891560349568182,0.005057220714792354
0.09486629068851471,0.060433030128479004,0.09372335756197572,0.0587325566764921,0.01891560349568182,0.005057220714792354
0.11138922721147537,0.06040925160050392,0.09372335756197572,0.0587325566764921,0.01891560349568182,0.005057220714792354
0.07691546529531479,0.05382425710558891,0.09372335756197572,0.0587325566764921,0.01891560349568182,0.005057220714792354
0.07610812783241272,0.05589471757411957,0.09372335756197572,0.0587325566764921,0.01891560349568182,0.005057220714792354
0.07760576903820038,0.05012284964323044,0.09372335756197572,0.0587325566764921,0.01891560349568182,0.005057220714792354
0.08234373480081558,0.05635392293334007,0.09372335756197572,0.0587325566764921,0.01891560349568182,0.005057220714792354
0.07450693100690842,0.055371854454278946,0.09372335756197572,0.0587325566764921,0.01891560349568182,0.005057220714792354
0.07590413093566895,0.05406413972377777,0.09372335756197572,0.0587325566764921,0.01891560349568182,0.005057220714792354
0.08588296920061111,0.057806529104709625,0.09372335756197572,0.0587325566764921,0.01891560349568182,0.005057220714792354
0.07004155963659286,0.05560363456606865,0.09372335756197572,0.0587325566764921,0.01891560349568182,0.005057220714792354
0.06688732653856277,0.05500708892941475,0.09372335756197572,0.0587325566764921,0.01891560349568182,0.005057220714792354
0.1306370049715042,0.06487946212291718,0.09372335756197572,0.0587325566764921,0.01891560349568182,0.005057220714792354
0.11040118336677551,0.0630108118057251,0.09372335756197572,0.0587325566764921,0.01891560349568182,0.005057220714792354
0.10115859657526016,0.060331135988235474,0.09372335756197572,0.0587325566764921,0.01891560349568182,0.005057220714792354
0.09456389397382736,0.05709918960928917,0.09372335756197572,0.0587325566764921,0.01891560349568182,0.005057220714792354
0.11203882098197937,0.06323587894439697,0.09372335756197572,0.0587325566764921,0.01891560349568182,0.005057220714792354
0.09760909527540207,0.05962945148348808,0.09372335756197572,0.0587325566764921,0.01891560349568182,0.005057220714792354
0.09972551465034485,0.06290984153747559,0.09372335756197572,0.0587325566764921,0.01891560349568182,0.005057220714792354
0.10103977471590042,0.05902716889977455,0.09372335756197572,0.0587325566764921,0.01891560349568182,0.005057220714792354
0.10832403600215912,0.05904937908053398,0.09372335756197572,0.0587325566764921,0.01891560349568182,0.005057220714792354
0.10073874890804291,0.057666294276714325,0.09372335756197572,0.0587325566764921,0.01891560349568182,0.005057220714792354
0.0779373049736023,0.05453057959675789,0.09372335756197572,0.0587325566764921,0.01891560349568182,0.005057220714792354
0.11053553968667984,0.06286588311195374,0.09372335756197572,0.0587325566764921,0.01891560349568182,0.005057220714792354
0.08391638845205307,0.056503016501665115,0.09372335756197572,0.0587325566764921,0.01891560349568182,0.005057220714792354
0.09046297520399094,0.0576641820371151,0.09372335756197572,0.0587325566764921,0.01891560349568182,0.005057220714792354
0.10714639723300934,0.059854939579963684,0.09372335756197572,0.0587325566764921,0.01891560349568182,0.005057220714792354
0.09296005219221115,0.05533819645643234,0.09372335756197572,0.0587325566764921,0.01891560349568182,0.005057220714792354
0.12199130654335022,0.06293519586324692,0.09372335756197572,0.0587325566764921,0.01891560349568182,0.005057220714792354
0.07074250280857086,0.051388535648584366,0.09372335756197572,0.0587325566764921,0.01891560349568182,0.005057220714792354
0.07299192994832993,0.05446602404117584,0.09372335756197572,0.0587325566764921,0.01891560349568182,0.005057220714792354
0.0764457955956459,0.055897023528814316,0.09372335756197572,0.0587325566764921,0.01891560349568182,0.005057220714792354
0.10409970581531525,0.06064238026738167,0.09372335756197572,0.0587325566764921,0.01891560349568182,0.005057220714792354
0.0856141597032547,0.056280627846717834,0.09372335756197572,0.0587325566764921,0.01891560349568182,0.005057220714792354
0.07991966605186462,0.059254612773656845,0.09372335756197572,0.0587325566764921,0.01891560349568182,0.005057220714792354
0.09331721812486649,0.06139519810676575,0.09372335756197572,0.0587325566764921,0.01891560349568182,0.005057220714792354
0.12086021900177002,0.0650891587138176,0.09372335756197572,0.0587325566764921,0.01891560349568182,0.005057220714792354
0.08657795935869217,0.05900187790393829,0.09372335756197572,0.0587325566764921,0.01891560349568182,0.005057220714792354
0.10787255316972733,0.05692107230424881,0.09372335756197572,0.0587325566764921,0.01891560349568182,0.005057220714792354
0.09860369563102722,0.05826268345117569,0.09372335756197572,0.0587325566764921,0.01891560349568182,0.005057220714792354
0.0868738442659378,0.058721233159303665,0.09372335756197572,0.0587325566764921,0.01891560349568182,0.005057220714792354
0.09649444371461868,0.056559138000011444,0.09372335756197572,0.0587325566764921,0.01891560349568182,0.005057220714792354
0.07643776386976242,0.05783843621611595,0.09372335756197572,0.0587325566764921,0.01891560349568182,0.005057220714792354
0.09717682749032974,0.05873887613415718,0.09372335756197572,0.0587325566764921,0.01891560349568182,0.005057220714792354
0.07459099590778351,0.05522773414850235,0.09372335756197572,0.0587325566764921,0.01891560349568182,0.005057220714792354
0.1009368970990181,0.057915735989809036,0.09372335756197572,0.0587325566764921,0.01891560349568182,0.005057220714792354
0.10940086841583252,0.06257162243127823,0.09372335756197572,0.0587325566764921,0.01891560349568182,0.005057220714792354
0.07781630754470825,0.05662710592150688,0.09372335756197572,0.0587325566764921,0.01891560349568182,0.005057220714792354
0.07595539838075638,0.05651478469371796,0.09372335756197572,0.0587325566764921,0.01891560349568182,0.005057220714792354
0.09183552116155624,0.05932166427373886,0.09372335756197572,0.0587325566764921,0.01891560349568182,0.005057220714792354
0.11494110524654388,0.06263912469148636,0.09372335756197572,0.0587325566764921,0.01891560349568182,0.005057220714792354
0.07088661938905716,0.05392801761627197,0.09372335756197572,0.0587325566764921,0.01891560349568182,0.005057220714792354
0.0870891883969307,0.05898696929216385,0.09372335756197572,0.0587325566764921,0.01891560349568182,0.005057220714792354
0.10664927214384079,0.06020485609769821,0.09372335756197572,0.0587325566764921,0.01891560349568182,0.005057220714792354
0.09368342161178589,0.058583714067935944,0.09372335756197572,0.0587325566764921,0.01891560349568182,0.005057220714792354
0.10418590903282166,0.06598947942256927,0.09372335756197572,0.0587325566764921,0.01891560349568182,0.005057220714792354
0.11171586811542511,0.06421448290348053,0.09372335756197572,0.0587325566764921,0.01891560349568182,0.005057220714792354
0.07238121330738068,0.055412840098142624,0.09372335756197572,0.0587325566764921,0.01891560349568182,0.005057220714792354
0.10344718396663666,0.05871102213859558,0.09372335756197572,0.0587325566764921,0.01891560349568182,0.005057220714792354
0.07021845132112503,0.05053601413965225,0.09372335756197572,0.0587325566764921,0.01891560349568182,0.005057220714792354
0.05997861549258232,0.04900515824556351,0.09372335756197572,0.0587325566764921,0.01891560349568182,0.005057220714792354
0.09353284537792206,0.06187897175550461,0.09372335756197572,0.0587325566764921,0.01891560349568182,0.005057220714792354
0.10595808923244476,0.0616033673286438,0.09372335756197572,0.0587325566764921,0.01891560349568182,0.005057220714792354
0.09624704718589783,0.05858079344034195,0.09372335756197572,0.0587325566764921,0.01891560349568182,0.005057220714792354
0.08330859243869781,0.05644918233156204,0.09372335756197572,0.0587325566764921,0.01891560349568182,0.005057220714792354
0.0955052599310875,0.05700119584798813,0.09372335756197572,0.0587325566764921,0.01891560349568182,0.005057220714792354
0.11726702749729156,0.06584335118532181,0.09372335756197572,0.0587325566764921,0.01891560349568182,0.005057220714792354
0.06828471273183823,0.05197768285870552,0.09372335756197572,0.0587325566764921,0.01891560349568182,0.005057220714792354
0.07104571908712387,0.055224526673555374,0.09372335756197572,0.0587325566764921,0.01891560349568182,0.005057220714792354
0.09846606105566025,0.06210693344473839,0.09372335756197572,0.0587325566764921,0.01891560349568182,0.005057220714792354
0.09283850342035294,0.05747416615486145,0.09372335756197572,0.0587325566764921,0.01891560349568182,0.005057220714792354
0.10308483242988586,0.05938924476504326,0.09372335756197572,0.0587325566764921,0.01891560349568182,0.005057220714792354
0.08555776625871658,0.05582144856452942,0.09372335756197572,0.0587325566764921,0.01891560349568182,0.005057220714792354
0.07779444009065628,0.05738262087106705,0.09372335756197572,0.0587325566764921,0.01891560349568182,0.005057220714792354
0.14226925373077393,0.07374420017004013,0.09372335756197572,0.0587325566764921,0.01891560349568182,0.005057220714792354
0.08388414233922958,0.060593485832214355,0.09372335756197572,0.0587325566764921,0.01891560349568182,0.005057220714792354
0.1201920285820961,0.06275609135627747,0.09372335756197572,0.0587325566764921,0.01891560349568182,0.005057220714792354
0.10847144573926926,0.06276992708444595,0.09372335756197572,0.0587325566764921,0.01891560349568182,0.005057220714792354
0.08777440339326859,0.06140308454632759,0.09372335756197572,0.0587325566764921,0.01891560349568182,0.005057220714792354
0.08163866400718689,0.061426594853401184,0.09372335756197572,0.0587325566764921,0.01891560349568182,0.005057220714792354
0.10305134207010269,0.06261495500802994,0.09372335756197572,0.0587325566764921,0.01891560349568182,0.005057220714792354
0.09454742819070816,0.05989101156592369,0.09372335756197572,0.0587325566764921,0.01891560349568182,0.005057220714792354
0.07348234951496124,0.05397521331906319,0.09372335756197572,0.0587325566764921,0.01891560349568182,0.005057220714792354
0.0636715441942215,0.05157991498708725,0.09372335756197572,0.0587325566764921,0.01891560349568182,0.005057220714792354
0.07616760581731796,0.0556056834757328,0.09372335756197572,0.0587325566764921,0.01891560349568182,0.005057220714792354
0.14927369356155396,0.07406800240278244,0.09372335756197572,0.0587325566764921,0.01891560349568182,0.005057220714792354
0.09785445034503937,0.05784905329346657,0.09372335756197572,0.0587325566764921,0.01891560349568182,0.005057220714792354
0.08371233940124512,0.053880125284194946,0.09372335756197572,0.0587325566764921,0.01891560349568182,0.005057220714792354
0.10845109820365906,0.060613397508859634,0.09372335756197572,0.0587325566764921,0.01891560349568182,0.005057220714792354
0.08804311603307724,0.0567074753344059,0.09372335756197572,0.0587325566764921,0.01891560349568182,0.005057220714792354
0.09679124504327774,0.06011822819709778,0.09372335756197572,0.0587325566764921,0.01891560349568182,0.005057220714792354
0.11808810383081436,0.06659834086894989,0.09372335756197572,0.0587325566764921,0.01891560349568182,0.005057220714792354
0.0710531696677208,0.056205444037914276,0.09372335756197572,0.0587325566764921,0.01891560349568182,0.005057220714792354
0.12143735587596893,0.06058061495423317,0.09372335756197572,0.0587325566764921,0.01891560349568182,0.005057220714792354
0.113749660551548,0.058211762458086014,0.09372335756197572,0.0587325566764921,0.01891560349568182,0.005057220714792354
0.07418332248926163,0.05548640340566635,0.09372335756197572,0.0587325566764921,0.01891560349568182,0.005057220714792354
0.1112031415104866,0.06997473537921906,0.09372335756197572,0.0587325566764921,0.01891560349568182,0.005057220714792354
0.09654968231916428,0.05759861692786217,0.09372335756197572,0.0587325566764921,0.01891560349568182,0.005057220714792354
0.062407054007053375,0.0521526113152504,0.09372335756197572,0.0587325566764921,0.01891560349568182,0.005057220714792354
0.10051921010017395,0.061842262744903564,0.09372335756197572,0.0587325566764921,0.01891560349568182,0.005057220714792354
0.13629797101020813,0.06733929365873337,0.09372335756197572,0.0587325566764921,0.01891560349568182,0.005057220714792354
0.08559435606002808,0.05450648441910744,0.09372335756197572,0.0587325566764921,0.01891560349568182,0.005057220714792354
0.06562423706054688,0.05301324278116226,0.09372335756197572,0.0587325566764921,0.01891560349568182,0.005057220714792354
0.10866571962833405,0.06041023135185242,0.09372335756197572,0.0587325566764921,0.01891560349568182,0.005057220714792354
0.0985160768032074,0.06371399015188217,0.09372335756197572,0.0587325566764921,0.01891560349568182,0.005057220714792354
0.0843566283583641,0.054757919162511826,0.09372335756197572,0.0587325566764921,0.01891560349568182,0.005057220714792354
0.13872796297073364,0.06780295073986053,0.09372335756197572,0.0587325566764921,0.01891560349568182,0.005057220714792354
0.08468790352344513,0.05747317150235176,0.09372335756197572,0.0587325566764921,0.01891560349568182,0.005057220714792354
0.09923621267080307,0.057373546063899994,0.09372335756197572,0.0587325566764921,0.01891560349568182,0.005057220714792354
0.08920037001371384,0.061505671590566635,0.09372335756197572,0.0587325566764921,0.01891560349568182,0.005057220714792354
0.08252611011266708,0.05358786880970001,0.09372335756197572,0.0587325566764921,0.01891560349568182,0.005057220714792354
0.08249382674694061,0.06033890321850777,0.09372335756197572,0.0587325566764921,0.01891560349568182,0.005057220714792354
0.09799449890851974,0.054568685591220856,0.09372335756197572,0.0587325566764921,0.01891560349568182,0.005057220714792354
0.08174960315227509,0.05440130457282066,0.09372335756197572,0.0587325566764921,0.01891560349568182,0.005057220714792354
0.0935860127210617,0.05934550613164902,0.09372335756197572,0.0587325566764921,0.01891560349568182,0.005057220714792354
0.12397562712430954,0.06072614714503288,0.09372335756197572,0.0587325566764921,0.01891560349568182,0.005057220714792354
0.09516630321741104,0.059094108641147614,0.09372335756197572,0.0587325566764921,0.01891560349568182,0.005057220714792354
0.1054028570652008,0.06008732691407204,0.09372335756197572,0.0587325566764921,0.01891560349568182,0.005057220714792354
0.076859250664711,0.05409499257802963,0.09372335756197572,0.0587325566764921,0.01891560349568182,0.005057220714792354
0.07624934613704681,0.05650954321026802,0.09372335756197572,0.0587325566764921,0.01891560349568182,0.005057220714792354
0.07523424178361893,0.05559016019105911,0.09372335756197572,0.0587325566764921,0.01891560349568182,0.005057220714792354
0.07899033278226852,0.051771778613328934,0.09372335756197572,0.0587325566764921,0.01891560349568182,0.005057220714792354
0.07836870104074478,0.0565153993666172,0.09372335756197572,0.0587325566764921,0.01891560349568182,0.005057220714792354
0.07537375390529633,0.05738154798746109,0.09372335756197572,0.0587325566764921,0.01891560349568182,0.005057220714792354
0.08092323690652847,0.05413813516497612,0.09372335756197572,0.0587325566764921,0.01891560349568182,0.005057220714792354
0.09615658968687057,0.06584205478429794,0.09372335756197572,0.0587325566764921,0.01891560349568182,0.005057220714792354
0.09716033935546875,0.05550545081496239,0.09372335756197572,0.0587325566764921,0.01891560349568182,0.005057220714792354
0.09497405588626862,0.058385688811540604,0.09372335756197572,0.0587325566764921,0.01891560349568182,0.005057220714792354
0.11306225508451462,0.0621178112924099,0.09372335756197572,0.0587325566764921,0.01891560349568182,0.005057220714792354
0.11010133475065231,0.06185140088200569,0.09372335756197572,0.0587325566764921,0.01891560349568182,0.005057220714792354
0.07626186311244965,0.05743684992194176,0.09372335756197572,0.0587325566764921,0.01891560349568182,0.005057220714792354
0.09789614379405975,0.06137053668498993,0.09372335756197572,0.0587325566764921,0.01891560349568182,0.005057220714792354
0.09504391252994537,0.06080341339111328,0.09372335756197572,0.0587325566764921,0.01891560349568182,0.005057220714792354
0.09605728089809418,0.06310678273439407,0.09372335756197572,0.0587325566764921,0.01891560349568182,0.005057220714792354
0.11675115674734116,0.06769135594367981,0.09372335756197572,0.0587325566764921,0.01891560349568182,0.005057220714792354
0.08242109417915344,0.0563366562128067,0.09372335756197572,0.0587325566764921,0.01891560349568182,0.005057220714792354
0.10629148781299591,0.06389892846345901,0.09372335756197572,0.0587325566764921,0.01891560349568182,0.005057220714792354
0.07333994656801224,0.056559886783361435,0.09372335756197572,0.0587325566764921,0.01891560349568182,0.005057220714792354
0.1008174791932106,0.0628557950258255,0.09372335756197572,0.0587325566764921,0.01891560349568182,0.005057220714792354
0.08290261775255203,0.05350687354803085,0.09372335756197572,0.0587325566764921,0.01891560349568182,0.005057220714792354
0.1076023206114769,0.06312859803438187,0.09372335756197572,0.0587325566764921,0.01891560349568182,0.005057220714792354
0.0931403785943985,0.05930071696639061,0.09372335756197572,0.0587325566764921,0.01891560349568182,0.005057220714792354
0.07569648325443268,0.05554000660777092,0.09372335756197572,0.0587325566764921,0.01891560349568182,0.005057220714792354
0.13042020797729492,0.06698828935623169,0.09372335756197572,0.0587325566764921,0.01891560349568182,0.005057220714792354
0.121724933385849,0.059676192700862885,0.09372335756197572,0.0587325566764921,0.01891560349568182,0.005057220714792354
0.06592490524053574,0.050146594643592834,0.09372335756197572,0.0587325566764921,0.01891560349568182,0.005057220714792354
0.09921349585056305,0.058411188423633575,0.09372335756197572,0.0587325566764921,0.01891560349568182,0.005057220714792354
0.11571189761161804,0.06619612127542496,0.09372335756197572,0.0587325566764921,0.01891560349568182,0.005057220714792354
0.06018116697669029,0.050956808030605316,0.09372335756197572,0.0587325566764921,0.01891560349568182,0.005057220714792354
0.11931213736534119,0.06467507779598236,0.09372335756197572,0.0587325566764921,0.01891560349568182,0.005057220714792354
0.12271779030561447,0.06596362590789795,0.09372335756197572,0.0587325566764921,0.01891560349568182,0.005057220714792354
0.07146215438842773,0.05033740773797035,0.09372335756197572,0.0587325566764921,0.01891560349568182,0.005057220714792354
0.07130402326583862,0.05274244770407677,0.09372335756197572,0.0587325566764921,0.01891560349568182,0.005057220714792354
0.08446311205625534,0.05958596616983414,0.09372335756197572,0.0587325566764921,0.01891560349568182,0.005057220714792354
0.10482101887464523,0.06343455612659454,0.09372335756197572,0.0587325566764921,0.01891560349568182,0.005057220714792354
0.09375377744436264,0.05736500397324562,0.09372335756197572,0.0587325566764921,0.01891560349568182,0.005057220714792354
0.09830030798912048,0.06069929897785187,0.09372335756197572,0.0587325566764921,0.01891560349568182,0.005057220714792354
0.0923009142279625,0.058834947645664215,0.09372335756197572,0.0587325566764921,0.01891560349568182,0.005057220714792354
0.07531893998384476,0.05456329509615898,0.09372335756197572,0.0587325566764921,0.01891560349568182,0.005057220714792354
0.07411270588636398,0.0514499731361866,0.09372335756197572,0.0587325566764921,0.01891560349568182,0.005057220714792354
0.10132158547639847,0.06558317691087723,0.09372335756197572,0.0587325566764921,0.01891560349568182,0.005057220714792354
0.09624911099672318,0.056201815605163574,0.09372335756197572,0.0587325566764921,0.01891560349568182,0.005057220714792354
0.07160725444555283,0.05611444637179375,0.09372335756197572,0.0587325566764921,0.01891560349568182,0.005057220714792354
0.06934960186481476,0.05475715175271034,0.09372335756197572,0.0587325566764921,0.01891560349568182,0.005057220714792354
0.08841833472251892,0.05824315920472145,0.09372335756197572,0.0587325566764921,0.01891560349568182,0.005057220714792354
0.0680113360285759,0.053950823843479156,0.09372335756197572,0.0587325566764921,0.01891560349568182,0.005057220714792354
0.12071836739778519,0.0641709417104721,0.09372335756197572,0.0587325566764921,0.01891560349568182,0.005057220714792354
0.08734169602394104,0.0533330999314785,0.09372335756197572,0.0587325566764921,0.01891560349568182,0.005057220714792354
0.10227859020233154,0.06325770169496536,0.09372335756197572,0.0587325566764921,0.01891560349568182,0.005057220714792354
0.09565164148807526,0.05905607342720032,0.09372335756197572,0.0587325566764921,0.01891560349568182,0.005057220714792354
0.07284023612737656,0.05170370265841484,0.09372335756197572,0.0587325566764921,0.01891560349568182,0.005057220714792354
0.07795456796884537,0.059412356466054916,0.09372335756197572,0.0587325566764921,0.01891560349568182,0.005057220714792354
0.10718231648206711,0.06328143179416656,0.09372335756197572,0.0587325566764921,0.01891560349568182,0.005057220714792354
0.08623766154050827,0.05911474674940109,0.09372335756197572,0.0587325566764921,0.01891560349568182,0.005057220714792354
0.12388390302658081,0.06763482838869095,0.09372335756197572,0.0587325566764921,0.01891560349568182,0.005057220714792354
0.07615311443805695,0.054265096783638,0.09372335756197572,0.0587325566764921,0.01891560349568182,0.005057220714792354
0.07155551016330719,0.056392520666122437,0.09372335756197572,0.0587325566764921,0.01891560349568182,0.005057220714792354
0.08826455473899841,0.05334117263555527,0.09372335756197572,0.0587325566764921,0.01891560349568182,0.005057220714792354
0.10775679349899292,0.055104464292526245,0.09372335756197572,0.0587325566764921,0.01891560349568182,0.005057220714792354
0.07488162070512772,0.05563187971711159,0.09372335756197572,0.0587325566764921,0.01891560349568182,0.005057220714792354
0.1418697088956833,0.0713055282831192,0.09372335756197572,0.0587325566764921,0.01891560349568182,0.005057220714792354
0.0838761106133461,0.05631837248802185,0.09372335756197572,0.0587325566764921,0.01891560349568182,0.005057220714792354
0.08842688053846359,0.057898715138435364,0.09372335756197572,0.0587325566764921,0.01891560349568182,0.005057220714792354
0.10309353470802307,0.06576273590326309,0.09372335756197572,0.0587325566764921,0.01891560349568182,0.005057220714792354
0.11737948656082153,0.06272757798433304,0.09372335756197572,0.0587325566764921,0.01891560349568182,0.005057220714792354
0.10373105108737946,0.06374076753854752,0.09372335756197572,0.0587325566764921,0.01891560349568182,0.005057220714792354
0.06998523324728012,0.054768405854701996,0.09372335756197572,0.0587325566764921,0.01891560349568182,0.005057220714792354
0.10168866813182831,0.05900868773460388,0.09372335756197572,0.0587325566764921,0.01891560349568182,0.005057220714792354
0.09014053642749786,0.05605916306376457,0.09372335756197572,0.0587325566764921,0.01891560349568182,0.005057220714792354
0.09909719973802567,0.05906907841563225,0.09372335756197572,0.0587325566764921,0.01891560349568182,0.005057220714792354
0.09495779871940613,0.06087617203593254,0.09372335756197572,0.0587325566764921,0.01891560349568182,0.005057220714792354
0.1002749428153038,0.06200796365737915,0.09372335756197572,0.0587325566764921,0.01891560349568182,0.005057220714792354
0.09161658585071564,0.05602168291807175,0.09372335756197572,0.0587325566764921,0.01891560349568182,0.005057220714792354
0.09966905415058136,0.059243738651275635,0.09372335756197572,0.0587325566764921,0.01891560349568182,0.005057220714792354
0.10126494616270065,0.05881475657224655,0.09372335756197572,0.0587325566764921,0.01891560349568182,0.005057220714792354
0.1241254210472107,0.06705595552921295,0.09372335756197572,0.0587325566764921,0.01891560349568182,0.005057220714792354
0.06501087546348572,0.05321689322590828,0.09372335756197572,0.0587325566764921,0.01891560349568182,0.005057220714792354
0.0867345929145813,0.0606805719435215,0.09372335756197572,0.0587325566764921,0.01891560349568182,0.005057220714792354
0.07794181257486343,0.05680876597762108,0.09372335756197572,0.0587325566764921,0.01891560349568182,0.005057220714792354
0.07915785163640976,0.05430275574326515,0.09372335756197572,0.0587325566764921,0.01891560349568182,0.005057220714792354
0.10993422567844391,0.06406401842832565,0.09372335756197572,0.0587325566764921,0.01891560349568182,0.005057220714792354
0.0699911117553711,0.056500304490327835,0.09372335756197572,0.0587325566764921,0.01891560349568182,0.005057220714792354
0.08975153416395187,0.057504817843437195,0.09372335756197572,0.0587325566764921,0.01891560349568182,0.005057220714792354
0.09600399434566498,0.055391132831573486,0.09372335756197572,0.0587325566764921,0.01891560349568182,0.005057220714792354
0.0907849594950676,0.05395286902785301,0.09372335756197572,0.0587325566764921,0.01891560349568182,0.005057220714792354
0.0792980045080185,0.05532694607973099,0.09372335756197572,0.0587325566764921,0.01891560349568182,0.005057220714792354
0.06379780173301697,0.049950048327445984,0.09372335756197572,0.0587325566764921,0.01891560349568182,0.005057220714792354
0.10609930008649826,0.060531847178936005,0.09372335756197572,0.0587325566764921,0.01891560349568182,0.005057220714792354
0.11927571892738342,0.06001100689172745,0.09372335756197572,0.0587325566764921,0.01891560349568182,0.005057220714792354
0.08156204223632812,0.055952757596969604,0.09372335756197572,0.0587325566764921,0.01891560349568182,0.005057220714792354
0.06707367300987244,0.05336949601769447,0.09372335756197572,0.0587325566764921,0.01891560349568182,0.005057220714792354
0.11848689615726471,0.06584127992391586,0.09372335756197572,0.0587325566764921,0.01891560349568182,0.005057220714792354
0.08385851979255676,0.056203197687864304,0.09372335756197572,0.0587325566764921,0.01891560349568182,0.005057220714792354
0.07109328359365463,0.05575990304350853,0.09372335756197572,0.0587325566764921,0.01891560349568182,0.005057220714792354
0.08979997038841248,0.05528099089860916,0.09372335756197572,0.0587325566764921,0.01891560349568182,0.005057220714792354
0.10109304636716843,0.06106077507138252,0.09372335756197572,0.0587325566764921,0.01891560349568182,0.005057220714792354
0.07536007463932037,0.0560297816991806,0.09372335756197572,0.0587325566764921,0.01891560349568182,0.005057220714792354
0.0775003433227539,0.054466232657432556,0.09372335756197572,0.0587325566764921,0.01891560349568182,0.005057220714792354
0.07602521777153015,0.054393839091062546,0.09372335756197572,0.0587325566764921,0.01891560349568182,0.005057220714792354
0.07791585475206375,0.052556317299604416,0.09372335756197572,0.0587325566764921,0.01891560349568182,0.005057220714792354
0.06731774657964706,0.054104551672935486,0.09372335756197572,0.0587325566764921,0.01891560349568182,0.005057220714792354
0.09637432545423508,0.06519510596990585,0.09372335756197572,0.0587325566764921,0.01891560349568182,0.005057220714792354
0.07898428291082382,0.05633314326405525,0.09372335756197572,0.0587325566764921,0.01891560349568182,0.005057220714792354
0.08788388222455978,0.055705636739730835,0.09372335756197572,0.0587325566764921,0.01891560349568182,0.005057220714792354
0.10318809002637863,0.06227554753422737,0.09372335756197572,0.0587325566764921,0.01891560349568182,0.005057220714792354
0.09936504065990448,0.06378590315580368,0.09372335756197572,0.0587325566764921,0.01891560349568182,0.005057220714792354
0.0799013152718544,0.05955130606889725,0.09372335756197572,0.0587325566764921,0.01891560349568182,0.005057220714792354
0.08886101841926575,0.0562228225171566,0.09372335756197572,0.0587325566764921,0.01891560349568182,0.005057220714792354
0.066938117146492,0.05088076367974281,0.09372335756197572,0.0587325566764921,0.01891560349568182,0.005057220714792354
0.08231094479560852,0.055831391364336014,0.09372335756197572,0.0587325566764921,0.01891560349568182,0.005057220714792354
0.08944930136203766,0.054781533777713776,0.09372335756197572,0.0587325566764921,0.01891560349568182,0.005057220714792354
0.09745167195796967,0.06250062584877014,0.09372335756197572,0.0587325566764921,0.01891560349568182,0.005057220714792354
0.06969795376062393,0.05073469877243042,0.09372335756197572,0.0587325566764921,0.01891560349568182,0.005057220714792354
0.07205341011285782,0.058607831597328186,0.09372335756197572,0.0587325566764921,0.01891560349568182,0.005057220714792354
0.08498860150575638,0.05981580913066864,0.09372335756197572,0.0587325566764921,0.01891560349568182,0.005057220714792354
0.07551217824220657,0.05358828231692314,0.09372335756197572,0.0587325566764921,0.01891560349568182,0.005057220714792354
0.08205391466617584,0.05514927953481674,0.09372335756197572,0.0587325566764921,0.01891560349568182,0.005057220714792354
0.09838669747114182,0.06450634449720383,0.09372335756197572,0.0587325566764921,0.01891560349568182,0.005057220714792354
0.10245765745639801,0.0621720589697361,0.09372335756197572,0.0587325566764921,0.01891560349568182,0.005057220714792354
0.1353577822446823,0.06513871252536774,0.09372335756197572,0.0587325566764921,0.01891560349568182,0.005057220714792354
0.10709597915410995,0.06334159523248672,0.09372335756197572,0.0587325566764921,0.01891560349568182,0.005057220714792354
0.10282504558563232,0.057084906846284866,0.09372335756197572,0.0587325566764921,0.01891560349568182,0.005057220714792354
0.07357734441757202,0.05263682082295418,0.09372335756197572,0.0587325566764921,0.01891560349568182,0.005057220714792354
0.09065995365381241,0.05817314609885216,0.09372335756197572,0.0587325566764921,0.01891560349568182,0.005057220714792354
0.06873532384634018,0.05525113269686699,0.09372335756197572,0.0587325566764921,0.01891560349568182,0.005057220714792354
0.08586347848176956,0.05813837796449661,0.09372335756197572,0.0587325566764921,0.01891560349568182,0.005057220714792354
0.10831200331449509,0.06447642296552658,0.09372335756197572,0.0587325566764921,0.01891560349568182,0.005057220714792354
0.09358632564544678,0.05753592774271965,0.09372335756197572,0.0587325566764921,0.01891560349568182,0.005057220714792354
0.07950526475906372,0.05366583541035652,0.09372335756197572,0.0587325566764921,0.01891560349568182,0.005057220714792354
0.09979099780321121,0.0621233694255352,0.09372335756197572,0.0587325566764921,0.01891560349568182,0.005057220714792354
0.10853484272956848,0.06406070291996002,0.09372335756197572,0.0587325566764921,0.01891560349568182,0.005057220714792354
0.08786281943321228,0.05626962333917618,0.09372335756197572,0.0587325566764921,0.01891560349568182,0.005057220714792354
0.1017259731888771,0.05551798641681671,0.09372335756197572,0.0587325566764921,0.01891560349568182,0.005057220714792354
0.14604303240776062,0.07487520575523376,0.09372335756197572,0.0587325566764921,0.01891560349568182,0.005057220714792354
0.08926734328269958,0.061180613934993744,0.09372335756197572,0.0587325566764921,0.01891560349568182,0.005057220714792354
0.09820316731929779,0.053617268800735474,0.09372335756197572,0.0587325566764921,0.01891560349568182,0.005057220714792354
0.11668477207422256,0.062137942761182785,0.09372335756197572,0.0587325566764921,0.01891560349568182,0.005057220714792354
0.08626801520586014,0.05537848919630051,0.09372335756197572,0.0587325566764921,0.01891560349568182,0.005057220714792354
0.09605079144239426,0.0579986646771431,0.09372335756197572,0.0587325566764921,0.01891560349568182,0.005057220714792354
0.11820027232170105,0.05843965336680412,0.09372335756197572,0.0587325566764921,0.01891560349568182,0.005057220714792354
0.09030532091856003,0.0576859712600708,0.09372335756197572,0.0587325566764921,0.01891560349568182,0.005057220714792354
0.09104122221469879,0.061304546892642975,0.09372335756197572,0.0587325566764921,0.01891560349568182,0.005057220714792354
0.09794417023658752,0.06051179766654968,0.09372335756197572,0.0587325566764921,0.01891560349568182,0.005057220714792354
0.14225272834300995,0.07306216657161713,0.09372335756197572,0.0587325566764921,0.01891560349568182,0.005057220714792354
0.08736615628004074,0.06065751612186432,0.09372335756197572,0.0587325566764921,0.01891560349568182,0.005057220714792354
0.12396780401468277,0.06608811765909195,0.09372335756197572,0.0587325566764921,0.01891560349568182,0.005057220714792354
0.06722592562437057,0.050255030393600464,0.09372335756197572,0.0587325566764921,0.01891560349568182,0.005057220714792354
0.08234623819589615,0.0591302290558815,0.09372335756197572,0.0587325566764921,0.01891560349568182,0.005057220714792354
0.1209120899438858,0.06735903024673462,0.09372335756197572,0.0587325566764921,0.01891560349568182,0.005057220714792354
0.1233697459101677,0.06405147165060043,0.09372335756197572,0.0587325566764921,0.01891560349568182,0.005057220714792354
0.06484004855155945,0.05405194312334061,0.09372335756197572,0.0587325566764921,0.01891560349568182,0.005057220714792354
0.10755985230207443,0.06272480636835098,0.09372335756197572,0.0587325566764921,0.01891560349568182,0.005057220714792354
0.12447510659694672,0.06480072438716888,0.09372335756197572,0.0587325566764921,0.01891560349568182,0.005057220714792354
0.07673715054988861,0.05311496928334236,0.09372335756197572,0.0587325566764921,0.01891560349568182,0.005057220714792354
0.13133306801319122,0.0692179724574089,0.09372335756197572,0.0587325566764921,0.01891560349568182,0.005057220714792354
0.08401267975568771,0.05856848880648613,0.09372335756197572,0.0587325566764921,0.01891560349568182,0.005057220714792354
0.11064105480909348,0.0599801242351532,0.09372335756197572,0.0587325566764921,0.01891560349568182,0.005057220714792354
0.1204681321978569,0.06244102865457535,0.09372335756197572,0.0587325566764921,0.01891560349568182,0.005057220714792354
0.08583425730466843,0.053701627999544144,0.09372335756197572,0.0587325566764921,0.01891560349568182,0.005057220714792354
0.09314102679491043,0.05837521702051163,0.09372335756197572,0.0587325566764921,0.01891560349568182,0.005057220714792354
0.07343196123838425,0.05707203969359398,0.09372335756197572,0.0587325566764921,0.01891560349568182,0.005057220714792354
0.06916297227144241,0.052989620715379715,0.09372335756197572,0.0587325566764921,0.01891560349568182,0.005057220714792354
0.07377004623413086,0.056460585445165634,0.09372335756197572,0.0587325566764921,0.01891560349568182,0.005057220714792354
0.07630603015422821,0.05543636903166771,0.09372335756197572,0.0587325566764921,0.01891560349568182,0.005057220714792354
0.08649882674217224,0.05464401841163635,0.09372335756197572,0.0587325566764921,0.01891560349568182,0.005057220714792354
0.08555649220943451,0.0609724335372448,0.09372335756197572,0.0587325566764921,0.01891560349568182,0.005057220714792354
0.07460678368806839,0.05536644533276558,0.09372335756197572,0.0587325566764921,0.01891560349568182,0.005057220714792354
0.08499935269355774,0.060341645032167435,0.09372335756197572,0.0587325566764921,0.01891560349568182,0.005057220714792354
0.0872226431965828,0.05726546794176102,0.09372335756197572,0.0587325566764921,0.01891560349568182,0.005057220714792354
0.09812507778406143,0.05966896936297417,0.09372335756197572,0.0587325566764921,0.01891560349568182,0.005057220714792354
0.11168887466192245,0.05965457856655121,0.09372335756197572,0.0587325566764921,0.01891560349568182,0.005057220714792354
0.0672917515039444,0.051709845662117004,0.09372335756197572,0.0587325566764921,0.01891560349568182,0.005057220714792354
0.07379747927188873,0.05640797317028046,0.09372335756197572,0.0587325566764921,0.01891560349568182,0.005057220714792354
0.07762584835290909,0.05716656893491745,0.09372335756197572,0.0587325566764921,0.01891560349568182,0.005057220714792354
0.09357566386461258,0.0616970956325531,0.09372335756197572,0.0587325566764921,0.01891560349568182,0.005057220714792354
0.0884099006652832,0.05745413899421692,0.09372335756197572,0.0587325566764921,0.01891560349568182,0.005057220714792354
0.07058771699666977,0.053556010127067566,0.09372335756197572,0.0587325566764921,0.01891560349568182,0.005057220714792354
0.11263424903154373,0.06292755901813507,0.09372335756197572,0.0587325566764921,0.01891560349568182,0.005057220714792354
0.07326176017522812,0.051644466817379,0.09372335756197572,0.0587325566764921,0.01891560349568182,0.005057220714792354
0.07929100841283798,0.05479767918586731,0.09372335756197572,0.0587325566764921,0.01891560349568182,0.005057220714792354
0.12304121255874634,0.06697387993335724,0.09372335756197572,0.0587325566764921,0.01891560349568182,0.005057220714792354
0.12362835556268692,0.06369177252054214,0.09372335756197572,0.0587325566764921,0.01891560349568182,0.005057220714792354
0.0929194912314415,0.05527767166495323,0.09372335756197572,0.0587325566764921,0.01891560349568182,0.005057220714792354
0.1242847889661789,0.07003229111433029,0.09372335756197572,0.0587325566764921,0.01891560349568182,0.005057220714792354
0.09929350763559341,0.058199070394039154,0.09372335756197572,0.0587325566764921,0.01891560349568182,0.005057220714792354
0.07879461348056793,0.05335275083780289,0.09372335756197572,0.0587325566764921,0.01891560349568182,0.005057220714792354
0.09862405061721802,0.06045615300536156,0.09372335756197572,0.0587325566764921,0.01891560349568182,0.005057220714792354
0.10209144651889801,0.06099419295787811,0.09372335756197572,0.0587325566764921,0.01891560349568182,0.005057220714792354
0.09848756343126297,0.060751207172870636,0.09372335756197572,0.0587325566764921,0.01891560349568182,0.005057220714792354
0.09730162471532822,0.05821719765663147,0.09372335756197572,0.0587325566764921,0.01891560349568182,0.005057220714792354
0.09294046461582184,0.05699818581342697,0.09372335756197572,0.0587325566764921,0.01891560349568182,0.005057220714792354
0.10583070665597916,0.06242648512125015,0.09372335756197572,0.0587325566764921,0.01891560349568182,0.005057220714792354
0.062056127935647964,0.05250677838921547,0.09372335756197572,0.0587325566764921,0.01891560349568182,0.005057220714792354
0.11273316293954849,0.06695026159286499,0.09372335756197572,0.0587325566764921,0.01891560349568182,0.005057220714792354
0.0754525363445282,0.052728574723005295,0.09372335756197572,0.0587325566764921,0.01891560349568182,0.005057220714792354
0.09339725226163864,0.056454818695783615,0.09372335756197572,0.0587325566764921,0.01891560349568182,0.005057220714792354
0.08127085119485855,0.05207684636116028,0.09372335756197572,0.0587325566764921,0.01891560349568182,0.005057220714792354
0.07340015470981598,0.05384139344096184,0.09372335756197572,0.0587325566764921,0.01891560349568182,0.005057220714792354
0.06888671219348907,0.05340058356523514,0.09372335756197572,0.0587325566764921,0.01891560349568182,0.005057220714792354
0.11192260682582855,0.06820077449083328,0.09372335756197572,0.0587325566764921,0.01891560349568182,0.005057220714792354
0.12198419123888016,0.06960894167423248,0.09372335756197572,0.0587325566764921,0.01891560349568182,0.005057220714792354
0.10334666073322296,0.065467469394207,0.09372335756197572,0.0587325566764921,0.01891560349568182,0.005057220714792354
0.09406168013811111,0.05550462380051613,0.09372335756197572,0.0587325566764921,0.01891560349568182,0.005057220714792354
0.09098289906978607,0.055940575897693634,0.09372335756197572,0.0587325566764921,0.01891560349568182,0.005057220714792354
0.11550251394510269,0.06696171313524246,0.09372335756197572,0.0587325566764921,0.01891560349568182,0.005057220714792354
0.09712476283311844,0.05966809764504433,0.09372335756197572,0.0587325566764921,0.01891560349568182,0.005057220714792354
0.10580316931009293,0.05818098783493042,0.09372335756197572,0.0587325566764921,0.01891560349568182,0.005057220714792354
0.07624875009059906,0.05515437200665474,0.09372335756197572,0.0587325566764921,0.01891560349568182,0.005057220714792354
0.10325676202774048,0.064882293343544,0.09372335756197572,0.0587325566764921,0.01891560349568182,0.005057220714792354
0.10071323066949844,0.058797966688871384,0.09372335756197572,0.0587325566764921,0.01891560349568182,0.005057220714792354
0.07149641960859299,0.05195684731006622,0.09372335756197572,0.0587325566764921,0.01891560349568182,0.005057220714792354
0.09701625257730484,0.057615913450717926,0.09372335756197572,0.0587325566764921,0.01891560349568182,0.005057220714792354
0.10568300634622574,0.0676288977265358,0.09372335756197572,0.0587325566764921,0.01891560349568182,0.005057220714792354
0.08394128084182739,0.05681490898132324,0.09372335756197572,0.0587325566764921,0.01891560349568182,0.005057220714792354
0.08777125924825668,0.056064851582050323,0.09372335756197572,0.0587325566764921,0.01891560349568182,0.005057220714792354
0.08942674845457077,0.06434240192174911,0.09372335756197572,0.0587325566764921,0.01891560349568182,0.005057220714792354
0.07871481776237488,0.05902508273720741,0.09372335756197572,0.0587325566764921,0.01891560349568182,0.005057220714792354
0.10609585046768188,0.05827098339796066,0.09372335756197572,0.0587325566764921,0.01891560349568182,0.005057220714792354
0.08449870347976685,0.05563892424106598,0.09372335756197572,0.0587325566764921,0.01891560349568182,0.005057220714792354
0.10736718028783798,0.06052063778042793,0.09372335756197572,0.0587325566764921,0.01891560349568182,0.005057220714792354
0.10292283445596695,0.0653478354215622,0.09372335756197572,0.0587325566764921,0.01891560349568182,0.005057220714792354
0.06594341993331909,0.05013487860560417,0.09372335756197572,0.0587325566764921,0.01891560349568182,0.005057220714792354
0.12497839331626892,0.063210129737854,0.09372335756197572,0.0587325566764921,0.01891560349568182,0.005057220714792354
0.12016870826482773,0.0628667101264,0.09372335756197572,0.0587325566764921,0.01891560349568182,0.005057220714792354
0.08777479827404022,0.058410417288541794,0.09372335756197572,0.0587325566764921,0.01891560349568182,0.005057220714792354
0.0832083597779274,0.05625569075345993,0.09372335756197572,0.0587325566764921,0.01891560349568182,0.005057220714792354
0.1093447357416153,0.06148694455623627,0.09372335756197572,0.0587325566764921,0.01891560349568182,0.005057220714792354
0.09151646494865417,0.05937351658940315,0.09372335756197572,0.0587325566764921,0.01891560349568182,0.005057220714792354
0.10743112862110138,0.05730287358164787,0.09372335756197572,0.0587325566764921,0.01891560349568182,0.005057220714792354
0.08091681450605392,0.05541375279426575,0.09372335756197572,0.0587325566764921,0.01891560349568182,0.005057220714792354
0.08716054260730743,0.058070745319128036,0.09372335756197572,0.0587325566764921,0.01891560349568182,0.005057220714792354
0.055755745619535446,0.04626932367682457,0.09372335756197572,0.0587325566764921,0.01891560349568182,0.005057220714792354
0.10783731937408447,0.062373124063014984,0.09372335756197572,0.0587325566764921,0.01891560349568182,0.005057220714792354
0.08201052993535995,0.05796051025390625,0.09372335756197572,0.0587325566764921,0.01891560349568182,0.005057220714792354
0.07087500393390656,0.05214083939790726,0.09372335756197572,0.0587325566764921,0.01891560349568182,0.005057220714792354
0.07576379179954529,0.05308232828974724,0.09372335756197572,0.0587325566764921,0.01891560349568182,0.005057220714792354
0.06568292528390884,0.051470085978507996,0.09372335756197572,0.0587325566764921,0.01891560349568182,0.005057220714792354
0.0732816755771637,0.05379064753651619,0.09372335756197572,0.0587325566764921,0.01891560349568182,0.005057220714792354
0.1194336861371994,0.06480749696493149,0.09372335756197572,0.0587325566764921,0.01891560349568182,0.005057220714792354
0.09512453526258469,0.05978360027074814,0.09372335756197572,0.0587325566764921,0.01891560349568182,0.005057220714792354
0.11352992057800293,0.0661625936627388,0.09372335756197572,0.0587325566764921,0.01891560349568182,0.005057220714792354
0.06970763951539993,0.05166006460785866,0.09372335756197572,0.0587325566764921,0.01891560349568182,0.005057220714792354
0.10025592148303986,0.05592195689678192,0.09372335756197572,0.0587325566764921,0.01891560349568182,0.005057220714792354
0.08018116652965546,0.059070635586977005,0.09372335756197572,0.0587325566764921,0.01891560349568182,0.005057220714792354
0.08870895206928253,0.054313525557518005,0.09372335756197572,0.0587325566764921,0.01891560349568182,0.005057220714792354
0.10127422958612442,0.05688421055674553,0.09372335756197572,0.0587325566764921,0.01891560349568182,0.005057220714792354
0.08872726559638977,0.05674992874264717,0.09372335756197572,0.0587325566764921,0.01891560349568182,0.005057220714792354
0.0774536058306694,0.053591419011354446,0.09372335756197572,0.0587325566764921,0.01891560349568182,0.005057220714792354
0.10093019902706146,0.06377793103456497,0.09372335756197572,0.0587325566764921,0.01891560349568182,0.005057220714792354
0.08094563335180283,0.05954500660300255,0.09372335756197572,0.0587325566764921,0.01891560349568182,0.005057220714792354
0.1030193641781807,0.06678592413663864,0.09372335756197572,0.0587325566764921,0.01891560349568182,0.005057220714792354
0.06011633947491646,0.0505790114402771,0.09372335756197572,0.0587325566764921,0.01891560349568182,0.005057220714792354
0.0859297513961792,0.05476663261651993,0.09372335756197572,0.0587325566764921,0.01891560349568182,0.005057220714792354
0.11554385721683502,0.061033185571432114,0.09372335756197572,0.0587325566764921,0.01891560349568182,0.005057220714792354
0.09010674059391022,0.059318169951438904,0.09372335756197572,0.0587325566764921,0.01891560349568182,0.005057220714792354
0.0867820605635643,0.05613962933421135,0.09372335756197572,0.0587325566764921,0.01891560349568182,0.005057220714792354
0.09805593639612198,0.0593462772667408,0.09372335756197572,0.0587325566764921,0.01891560349568182,0.005057220714792354
0.10863184183835983,0.06483030319213867,0.09372335756197572,0.0587325566764921,0.01891560349568182,0.005057220714792354
0.11704380810260773,0.06421677768230438,0.09372335756197572,0.0587325566764921,0.01891560349568182,0.005057220714792354
0.07064086198806763,0.05451946333050728,0.09372335756197572,0.0587325566764921,0.01891560349568182,0.005057220714792354
0.10209138691425323,0.0652126893401146,0.09372335756197572,0.0587325566764921,0.01891560349568182,0.005057220714792354
0.06482042372226715,0.0503246933221817,0.09372335756197572,0.0587325566764921,0.01891560349568182,0.005057220714792354
0.12535829842090607,0.06659380346536636,0.09372335756197572,0.0587325566764921,0.01891560349568182,0.005057220714792354
0.10139171034097672,0.059774000197649,0.09372335756197572,0.0587325566764921,0.01891560349568182,0.005057220714792354
0.08173562586307526,0.05471836403012276,0.09372335756197572,0.0587325566764921,0.01891560349568182,0.005057220714792354
0.11512847989797592,0.06550478935241699,0.09372335756197572,0.0587325566764921,0.01891560349568182,0.005057220714792354
0.09933888167142868,0.05757112428545952,0.09372335756197572,0.0587325566764921,0.01891560349568182,0.005057220714792354
0.1077619269490242,0.05792507901787758,0.09372335756197572,0.0587325566764921,0.01891560349568182,0.005057220714792354
0.10673501342535019,0.058293864130973816,0.09372335756197572,0.0587325566764921,0.01891560349568182,0.005057220714792354
0.06771930307149887,0.05503389611840248,0.09372335756197572,0.0587325566764921,0.01891560349568182,0.005057220714792354
0.10947081446647644,0.06193165108561516,0.09372335756197572,0.0587325566764921,0.01891560349568182,0.005057220714792354
0.08420490473508835,0.05730946734547615,0.09372335756197572,0.0587325566764921,0.01891560349568182,0.005057220714792354
0.07589563727378845,0.05371417850255966,0.09372335756197572,0.0587325566764921,0.01891560349568182,0.005057220714792354
0.12227277457714081,0.06663257628679276,0.09372335756197572,0.0587325566764921,0.01891560349568182,0.005057220714792354
0.07974256575107574,0.05219166353344917,0.09372335756197572,0.0587325566764921,0.01891560349568182,0.005057220714792354
0.06678826361894608,0.0519796758890152,0.09372335756197572,0.0587325566764921,0.01891560349568182,0.005057220714792354
0.08897172659635544,0.0562439002096653,0.09372335756197572,0.0587325566764921,0.01891560349568182,0.005057220714792354
0.06266704201698303,0.05058233439922333,0.09372335756197572,0.0587325566764921,0.01891560349568182,0.005057220714792354
0.08963990211486816,0.05512277036905289,0.09372335756197572,0.0587325566764921,0.01891560349568182,0.005057220714792354
0.09899431467056274,0.05692856013774872,0.09372335756197572,0.0587325566764921,0.01891560349568182,0.005057220714792354
0.12771642208099365,0.07158970087766647,0.09372335756197572,0.0587325566764921,0.01891560349568182,0.005057220714792354
0.056991539895534515,0.04838910698890686,0.09372335756197572,0.0587325566764921,0.01891560349568182,0.005057220714792354
0.12374123930931091,0.06507286429405212,0.09372335756197572,0.0587325566764921,0.01891560349568182,0.005057220714792354
0.07931114733219147,0.05698392912745476,0.09372335756197572,0.0587325566764921,0.01891560349568182,0.005057220714792354
0.09859668463468552,0.06202144920825958,0.09372335756197572,0.0587325566764921,0.01891560349568182,0.005057220714792354
0.10803872346878052,0.06040135771036148,0.09372335756197572,0.0587325566764921,0.01891560349568182,0.005057220714792354
0.1389065682888031,0.0670611634850502,0.09372335756197572,0.0587325566764921,0.01891560349568182,0.005057220714792354
0.07559704035520554,0.05820402503013611,0.09372335756197572,0.0587325566764921,0.01891560349568182,0.005057220714792354
0.09044589847326279,0.05959606543183327,0.09372335756197572,0.0587325566764921,0.01891560349568182,0.005057220714792354
0.09576903283596039,0.06052389368414879,0.09372335756197572,0.0587325566764921,0.01891560349568182,0.005057220714792354
0.07330039888620377,0.05591597035527229,0.09372335756197572,0.0587325566764921,0.01891560349568182,0.005057220714792354
0.08021087944507599,0.05617034435272217,0.09372335756197572,0.0587325566764921,0.01891560349568182,0.005057220714792354
0.08966822922229767,0.05940946936607361,0.09372335756197572,0.0587325566764921,0.01891560349568182,0.005057220714792354
0.0841992050409317,0.05357369780540466,0.09372335756197572,0.0587325566764921,0.01891560349568182,0.005057220714792354
0.07572375237941742,0.05420804023742676,0.09372335756197572,0.0587325566764921,0.01891560349568182,0.005057220714792354
0.12461840361356735,0.06619797646999359,0.09372335756197572,0.0587325566764921,0.01891560349568182,0.005057220714792354
0.08582159131765366,0.06024399399757385,0.09372335756197572,0.0587325566764921,0.01891560349568182,0.005057220714792354
0.1065075471997261,0.06271182745695114,0.09372335756197572,0.0587325566764921,0.01891560349568182,0.005057220714792354
0.09115613996982574,0.05723151937127113,0.09372335756197572,0.0587325566764921,0.01891560349568182,0.005057220714792354
0.09062299877405167,0.055952370166778564,0.09372335756197572,0.0587325566764921,0.01891560349568182,0.005057220714792354
0.10616719722747803,0.06496685743331909,0.09372335756197572,0.0587325566764921,0.01891560349568182,0.005057220714792354
0.0787765234708786,0.05382071062922478,0.09372335756197572,0.0587325566764921,0.01891560349568182,0.005057220714792354
0.07212625443935394,0.05722779408097267,0.09372335756197572,0.0587325566764921,0.01891560349568182,0.005057220714792354
0.06366877257823944,0.05114174261689186,0.09372335756197572,0.0587325566764921,0.01891560349568182,0.005057220714792354
0.1474725902080536,0.07155008614063263,0.09372335756197572,0.0587325566764921,0.01891560349568182,0.005057220714792354
0.11061153560876846,0.061452269554138184,0.09372335756197572,0.0587325566764921,0.01891560349568182,0.005057220714792354
0.10143893957138062,0.056916289031505585,0.09372335756197572,0.0587325566764921,0.01891560349568182,0.005057220714792354
0.0948660671710968,0.05706179514527321,0.09372335756197572,0.0587325566764921,0.01891560349568182,0.005057220714792354
0.07506684213876724,0.05296216160058975,0.09372335756197572,0.0587325566764921,0.01891560349568182,0.005057220714792354
0.07915682345628738,0.05902843922376633,0.09372335756197572,0.0587325566764921,0.01891560349568182,0.005057220714792354
0.1036950871348381,0.06315533816814423,0.09372335756197572,0.0587325566764921,0.01891560349568182,0.005057220714792354
0.08624798059463501,0.058998953551054,0.09372335756197572,0.0587325566764921,0.01891560349568182,0.005057220714792354
0.08115653693675995,0.056135717779397964,0.09372335756197572,0.0587325566764921,0.01891560349568182,0.005057220714792354
0.08768612891435623,0.05503315106034279,0.09372335756197572,0.0587325566764921,0.01891560349568182,0.005057220714792354
0.1098955050110817,0.05851805582642555,0.09372335756197572,0.0587325566764921,0.01891560349568182,0.005057220714792354
0.06580416113138199,0.05365094542503357,0.09372335756197572,0.0587325566764921,0.01891560349568182,0.005057220714792354
0.07385288923978806,0.053270548582077026,0.09372335756197572,0.0587325566764921,0.01891560349568182,0.005057220714792354
0.10147212445735931,0.06048952043056488,0.09372335756197572,0.0587325566764921,0.01891560349568182,0.005057220714792354
0.09499483555555344,0.06634421646595001,0.09372335756197572,0.0587325566764921,0.01891560349568182,0.005057220714792354
0.09797879308462143,0.06357403844594955,0.09372335756197572,0.0587325566764921,0.01891560349568182,0.005057220714792354
0.08846930414438248,0.05590405315160751,0.09372335756197572,0.0587325566764921,0.01891560349568182,0.005057220714792354
0.07808202505111694,0.057724397629499435,0.09372335756197572,0.0587325566764921,0.01891560349568182,0.005057220714792354
0.08026005327701569,0.056505490094423294,0.09372335756197572,0.0587325566764921,0.01891560349568182,0.005057220714792354
0.09083492308855057,0.056773096323013306,0.09372335756197572,0.0587325566764921,0.01891560349568182,0.005057220714792354
0.09598252922296524,0.057411372661590576,0.09372335756197572,0.0587325566764921,0.01891560349568182,0.005057220714792354
0.09033931791782379,0.05892190709710121,0.09372335756197572,0.0587325566764921,0.01891560349568182,0.005057220714792354
0.12307507544755936,0.07096792012453079,0.09372335756197572,0.0587325566764921,0.01891560349568182,0.005057220714792354
0.08060504496097565,0.05821885168552399,0.09372335756197572,0.0587325566764921,0.01891560349568182,0.005057220714792354
0.08726580440998077,0.05881122499704361,0.09372335756197572,0.0587325566764921,0.01891560349568182,0.005057220714792354
0.07551440596580505,0.051841869950294495,0.09372335756197572,0.0587325566764921,0.01891560349568182,0.005057220714792354
0.06174943223595619,0.050654541701078415,0.09372335756197572,0.0587325566764921,0.01891560349568182,0.005057220714792354
0.09176350384950638,0.055992595851421356,0.09372335756197572,0.0587325566764921,0.01891560349568182,0.005057220714792354
0.06375765800476074,0.049858223646879196,0.09372335756197572,0.0587325566764921,0.01891560349568182,0.005057220714792354
0.10656498372554779,0.06514879316091537,0.09372335756197572,0.0587325566764921,0.01891560349568182,0.005057220714792354
0.05792291834950447,0.04838215559720993,0.09372335756197572,0.0587325566764921,0.01891560349568182,0.005057220714792354
0.10423653572797775,0.058263134211301804,0.09372335756197572,0.0587325566764921,0.01891560349568182,0.005057220714792354
0.10953529924154282,0.059808362275362015,0.09372335756197572,0.0587325566764921,0.01891560349568182,0.005057220714792354
0.08597933501005173,0.05998081713914871,0.09372335756197572,0.0587325566764921,0.01891560349568182,0.005057220714792354
0.07772037386894226,0.055835939943790436,0.09372335756197572,0.0587325566764921,0.01891560349568182,0.005057220714792354
0.0839291587471962,0.05739915370941162,0.09372335756197572,0.0587325566764921,0.01891560349568182,0.005057220714792354
0.10852701961994171,0.06359688192605972,0.09372335756197572,0.0587325566764921,0.01891560349568182,0.005057220714792354
0.09098336100578308,0.059123601764440536,0.09372335756197572,0.0587325566764921,0.01891560349568182,0.005057220714792354
0.08162291347980499,0.05636964738368988,0.09372335756197572,0.0587325566764921,0.01891560349568182,0.005057220714792354
0.07033464312553406,0.05648335814476013,0.09372335756197572,0.0587325566764921,0.01891560349568182,0.005057220714792354
0.06333470344543457,0.05107351019978523,0.09372335756197572,0.0587325566764921,0.01891560349568182,0.005057220714792354
0.11466053128242493,0.06593885272741318,0.09372335756197572,0.0587325566764921,0.01891560349568182,0.005057220714792354
0.10394690185785294,0.061865199357271194,0.09372335756197572,0.0587325566764921,0.01891560349568182,0.005057220714792354
0.1367771476507187,0.07189307361841202,0.09372335756197572,0.0587325566764921,0.01891560349568182,0.005057220714792354
0.08204276114702225,0.05770780146121979,0.09372335756197572,0.0587325566764921,0.01891560349568182,0.005057220714792354
0.08767617493867874,0.06017957255244255,0.09372335756197572,0.0587325566764921,0.01891560349568182,0.005057220714792354
0.09066729247570038,0.05441472306847572,0.09372335756197572,0.0587325566764921,0.01891560349568182,0.005057220714792354
0.11871765553951263,0.0651925578713417,0.09372335756197572,0.0587325566764921,0.01891560349568182,0.005057220714792354
0.07229490578174591,0.05761592835187912,0.09372335756197572,0.0587325566764921,0.01891560349568182,0.005057220714792354
0.08606179803609848,0.05891658365726471,0.09372335756197572,0.0587325566764921,0.01891560349568182,0.005057220714792354
0.12008701264858246,0.0690242126584053,0.09372335756197572,0.0587325566764921,0.01891560349568182,0.005057220714792354
0.0777164176106453,0.054525040090084076,0.09372335756197572,0.0587325566764921,0.01891560349568182,0.005057220714792354
0.11980167031288147,0.062476061284542084,0.09372335756197572,0.0587325566764921,0.01891560349568182,0.005057220714792354
0.0877525582909584,0.06380227208137512,0.09372335756197572,0.0587325566764921,0.01891560349568182,0.005057220714792354
0.12140908092260361,0.06219719722867012,0.09372335756197572,0.0587325566764921,0.01891560349568182,0.005057220714792354
0.09562303125858307,0.0580524317920208,0.09372335756197572,0.0587325566764921,0.01891560349568182,0.005057220714792354
0.09023162722587585,0.05878748372197151,0.09372335756197572,0.0587325566764921,0.01891560349568182,0.005057220714792354
0.08014596253633499,0.054820653051137924,0.09372335756197572,0.0587325566764921,0.01891560349568182,0.005057220714792354
0.07863499969244003,0.05743086338043213,0.09372335756197572,0.0587325566764921,0.01891560349568182,0.005057220714792354
0.12003856152296066,0.06311323493719101,0.09372335756197572,0.0587325566764921,0.01891560349568182,0.005057220714792354
0.11618584394454956,0.06522541493177414,0.09372335756197572,0.0587325566764921,0.01891560349568182,0.005057220714792354
0.10276695340871811,0.06287375092506409,0.09372335756197572,0.0587325566764921,0.01891560349568182,0.005057220714792354
0.11063237488269806,0.06113302335143089,0.09372335756197572,0.0587325566764921,0.01891560349568182,0.005057220714792354
0.09339452534914017,0.056238699704408646,0.09372335756197572,0.0587325566764921,0.01891560349568182,0.005057220714792354
0.14231039583683014,0.07351548969745636,0.09372335756197572,0.0587325566764921,0.01891560349568182,0.005057220714792354
0.07432834059000015,0.05269644781947136,0.09372335756197572,0.0587325566764921,0.01891560349568182,0.005057220714792354
0.07250334322452545,0.05093285068869591,0.09372335756197572,0.0587325566764921,0.01891560349568182,0.005057220714792354
0.1215982437133789,0.06519214063882828,0.09372335756197572,0.0587325566764921,0.01891560349568182,0.005057220714792354
0.07064798474311829,0.053473494946956635,0.09372335756197572,0.0587325566764921,0.01891560349568182,0.005057220714792354
0.0892079621553421,0.05702899396419525,0.09372335756197572,0.0587325566764921,0.01891560349568182,0.005057220714792354
0.08171477913856506,0.056833479553461075,0.09372335756197572,0.0587325566764921,0.01891560349568182,0.005057220714792354
0.08594737946987152,0.059024207293987274,0.09372335756197572,0.0587325566764921,0.01891560349568182,0.005057220714792354
0.0649627149105072,0.052468959242105484,0.09372335756197572,0.0587325566764921,0.01891560349568182,0.005057220714792354
0.07390636950731277,0.05052637681365013,0.09372335756197572,0.0587325566764921,0.01891560349568182,0.005057220714792354
0.06621506065130234,0.05156952887773514,0.09372335756197572,0.0587325566764921,0.01891560349568182,0.005057220714792354
0.10555944591760635,0.060761358588933945,0.09372335756197572,0.0587325566764921,0.01891560349568182,0.005057220714792354
0.10477737337350845,0.06514574587345123,0.09372335756197572,0.0587325566764921,0.01891560349568182,0.005057220714792354
0.12557241320610046,0.06796572357416153,0.09372335756197572,0.0587325566764921,0.01891560349568182,0.005057220714792354
0.12770020961761475,0.06874192506074905,0.09372335756197572,0.0587325566764921,0.01891560349568182,0.005057220714792354
0.08288930356502533,0.05434605851769447,0.09372335756197572,0.0587325566764921,0.01891560349568182,0.005057220714792354
0.10306306183338165,0.06032315641641617,0.09372335756197572,0.0587325566764921,0.01891560349568182,0.005057220714792354
0.08170145750045776,0.05628252401947975,0.09372335756197572,0.0587325566764921,0.01891560349568182,0.005057220714792354
0.0993049368262291,0.06164759397506714,0.09372335756197572,0.0587325566764921,0.01891560349568182,0.005057220714792354
0.11331764608621597,0.06202368438243866,0.09372335756197572,0.0587325566764921,0.01891560349568182,0.005057220714792354
0.09249597042798996,0.05635693669319153,0.09372335756197572,0.0587325566764921,0.01891560349568182,0.005057220714792354
0.06481509655714035,0.04900521785020828,0.09372335756197572,0.0587325566764921,0.01891560349568182,0.005057220714792354
0.0731983333826065,0.052566222846508026,0.09372335756197572,0.0587325566764921,0.01891560349568182,0.005057220714792354
0.07213301956653595,0.05507684871554375,0.09372335756197572,0.0587325566764921,0.01891560349568182,0.005057220714792354
0.07814361155033112,0.05630861595273018,0.09372335756197572,0.0587325566764921,0.01891560349568182,0.005057220714792354
0.08369007706642151,0.0567454919219017,0.09372335756197572,0.0587325566764921,0.01891560349568182,0.005057220714792354
0.09755939990282059,0.06197275221347809,0.09372335756197572,0.0587325566764921,0.01891560349568182,0.005057220714792354
0.08186354488134384,0.057179372757673264,0.09372335756197572,0.0587325566764921,0.01891560349568182,0.005057220714792354
0.11759242415428162,0.06538727879524231,0.09372335756197572,0.0587325566764921,0.01891560349568182,0.005057220714792354
0.0987311378121376,0.05772770941257477,0.09372335756197572,0.0587325566764921,0.01891560349568182,0.005057220714792354
0.12522843480110168,0.06693589687347412,0.09372335756197572,0.0587325566764921,0.01891560349568182,0.005057220714792354
0.12507742643356323,0.0663815438747406,0.09372335756197572,0.0587325566764921,0.01891560349568182,0.005057220714792354
0.1249440610408783,0.07132811099290848,0.09372335756197572,0.0587325566764921,0.01891560349568182,0.005057220714792354
0.09154241532087326,0.055733468383550644,0.09372335756197572,0.0587325566764921,0.01891560349568182,0.005057220714792354
0.09223460406064987,0.05966663360595703,0.09372335756197572,0.0587325566764921,0.01891560349568182,0.005057220714792354
0.10224233567714691,0.0635068267583847,0.09372335756197572,0.0587325566764921,0.01891560349568182,0.005057220714792354
0.11507485061883926,0.06892338395118713,0.09372335756197572,0.0587325566764921,0.01891560349568182,0.005057220714792354
0.11143572628498077,0.06311239302158356,0.09372335756197572,0.0587325566764921,0.01891560349568182,0.005057220714792354
0.10458990931510925,0.05847954377532005,0.09372335756197572,0.0587325566764921,0.01891560349568182,0.005057220714792354
0.13242334127426147,0.06727403402328491,0.09372335756197572,0.0587325566764921,0.01891560349568182,0.005057220714792354
0.07894299179315567,0.057521335780620575,0.09372335756197572,0.0587325566764921,0.01891560349568182,0.005057220714792354
0.09027813374996185,0.061928752809762955,0.09372335756197572,0.0587325566764921,0.01891560349568182,0.005057220714792354
0.10571388900279999,0.06180530786514282,0.09372335756197572,0.0587325566764921,0.01891560349568182,0.005057220714792354
0.07026804238557816,0.05633963644504547,0.09372335756197572,0.0587325566764921,0.01891560349568182,0.005057220714792354
0.09307356178760529,0.05582122504711151,0.09372335756197572,0.0587325566764921,0.01891560349568182,0.005057220714792354
0.09676574170589447,0.059003233909606934,0.09372335756197572,0.0587325566764921,0.01891560349568182,0.005057220714792354
0.08738444000482559,0.05697206035256386,0.09372335756197572,0.0587325566764921,0.01891560349568182,0.005057220714792354
0.12110604345798492,0.0637955591082573,0.09372335756197572,0.0587325566764921,0.01891560349568182,0.005057220714792354
0.09135206043720245,0.05476871877908707,0.09372335756197572,0.0587325566764921,0.01891560349568182,0.005057220714792354
0.07623721659183502,0.05379781126976013,0.09372335756197572,0.0587325566764921,0.01891560349568182,0.005057220714792354
0.1043955534696579,0.06278184801340103,0.09372335756197572,0.0587325566764921,0.01891560349568182,0.005057220714792354
0.08769997209310532,0.0585646815598011,0.09372335756197572,0.0587325566764921,0.01891560349568182,0.005057220714792354
0.11765445023775101,0.06569766253232956,0.09372335756197572,0.0587325566764921,0.01891560349568182,0.005057220714792354
0.1266782134771347,0.07017727941274643,0.09372335756197572,0.0587325566764921,0.01891560349568182,0.005057220714792354
0.0895426943898201,0.06180393695831299,0.09372335756197572,0.0587325566764921,0.01891560349568182,0.005057220714792354
0.07070697098970413,0.05224089324474335,0.09372335756197572,0.0587325566764921,0.01891560349568182,0.005057220714792354
0.09544859826564789,0.057507358491420746,0.09372335756197572,0.0587325566764921,0.01891560349568182,0.005057220714792354
0.09410762786865234,0.05819663777947426,0.09372335756197572,0.0587325566764921,0.01891560349568182,0.005057220714792354
0.09063901752233505,0.05690385028719902,0.09372335756197572,0.0587325566764921,0.01891560349568182,0.005057220714792354
0.10607078671455383,0.0634276494383812,0.09372335756197572,0.0587325566764921,0.01891560349568182,0.005057220714792354
0.08320619910955429,0.059335339814424515,0.09372335756197572,0.0587325566764921,0.01891560349568182,0.005057220714792354
0.11589014530181885,0.06334278732538223,0.09372335756197572,0.0587325566764921,0.01891560349568182,0.005057220714792354
0.11472754925489426,0.06400705873966217,0.09372335756197572,0.0587325566764921,0.01891560349568182,0.005057220714792354
0.12435966730117798,0.0685451552271843,0.09372335756197572,0.0587325566764921,0.01891560349568182,0.005057220714792354
0.07875683903694153,0.05443428456783295,0.09372335756197572,0.0587325566764921,0.01891560349568182,0.005057220714792354
0.07082882523536682,0.05295200273394585,0.09372335756197572,0.0587325566764921,0.01891560349568182,0.005057220714792354
0.07360166311264038,0.05248509719967842,0.09372335756197572,0.0587325566764921,0.01891560349568182,0.005057220714792354
0.0695166289806366,0.05047226324677467,0.09372335756197572,0.0587325566764921,0.01891560349568182,0.005057220714792354
0.07335525006055832,0.05310354009270668,0.09372335756197572,0.0587325566764921,0.01891560349568182,0.005057220714792354
0.08363347500562668,0.05740939825773239,0.09372335756197572,0.0587325566764921,0.01891560349568182,0.005057220714792354
0.10025095194578171,0.06075357273221016,0.09372335756197572,0.0587325566764921,0.01891560349568182,0.005057220714792354
0.07633563876152039,0.057287536561489105,0.09372335756197572,0.0587325566764921,0.01891560349568182,0.005057220714792354
0.07777126878499985,0.053082894533872604,0.09372335756197572,0.0587325566764921,0.01891560349568182,0.005057220714792354
0.09520960599184036,0.05847802013158798,0.09372335756197572,0.0587325566764921,0.01891560349568182,0.005057220714792354
0.09682779759168625,0.05462687835097313,0.09372335756197572,0.0587325566764921,0.01891560349568182,0.005057220714792354
0.14545774459838867,0.07507964968681335,0.09372335756197572,0.0587325566764921,0.01891560349568182,0.005057220714792354
0.11010115593671799,0.058926887810230255,0.09372335756197572,0.0587325566764921,0.01891560349568182,0.005057220714792354
0.08131959289312363,0.05709383636713028,0.09372335756197572,0.0587325566764921,0.01891560349568182,0.005057220714792354
0.11933814734220505,0.06415175646543503,0.09372335756197572,0.0587325566764921,0.01891560349568182,0.005057220714792354
0.06149759143590927,0.04891668260097504,0.09372335756197572,0.0587325566764921,0.01891560349568182,0.005057220714792354
0.057779908180236816,0.046998172998428345,0.09372335756197572,0.0587325566764921,0.01891560349568182,0.005057220714792354
0.06458517163991928,0.050572458654642105,0.09372335756197572,0.0587325566764921,0.01891560349568182,0.005057220714792354
0.08071330189704895,0.05450411140918732,0.09372335756197572,0.0587325566764921,0.01891560349568182,0.005057220714792354
0.08906468749046326,0.059208374470472336,0.09372335756197572,0.0587325566764921,0.01891560349568182,0.005057220714792354
0.06680828332901001,0.05408204719424248,0.09372335756197572,0.0587325566764921,0.01891560349568182,0.005057220714792354
0.07630766928195953,0.05788286775350571,0.09372335756197572,0.0587325566764921,0.01891560349568182,0.005057220714792354
0.09582507610321045,0.06443651020526886,0.09372335756197572,0.0587325566764921,0.01891560349568182,0.005057220714792354
0.07653108984231949,0.05225025862455368,0.09372335756197572,0.0587325566764921,0.01891560349568182,0.005057220714792354
0.09775332361459732,0.055308952927589417,0.09372335756197572,0.0587325566764921,0.01891560349568182,0.005057220714792354
0.12250132858753204,0.06387096643447876,0.09372335756197572,0.0587325566764921,0.01891560349568182,0.005057220714792354
0.0619208924472332,0.04808489978313446,0.09372335756197572,0.0587325566764921,0.01891560349568182,0.005057220714792354
0.10659962147474289,0.05752313509583473,0.09372335756197572,0.0587325566764921,0.01891560349568182,0.005057220714792354
0.09897229820489883,0.05951732397079468,0.09372335756197572,0.0587325566764921,0.01891560349568182,0.005057220714792354
0.1095743477344513,0.061531033366918564,0.09372335756197572,0.0587325566764921,0.01891560349568182,0.005057220714792354
0.10553911328315735,0.059655699878931046,0.09372335756197572,0.0587325566764921,0.01891560349568182,0.005057220714792354
0.1302080750465393,0.06920607388019562,0.09372335756197572,0.0587325566764921,0.01891560349568182,0.005057220714792354
0.10015511512756348,0.06207761913537979,0.09372335756197572,0.0587325566764921,0.01891560349568182,0.005057220714792354
0.07870259881019592,0.05827147141098976,0.09372335756197572,0.0587325566764921,0.01891560349568182,0.005057220714792354
0.11038161814212799,0.06276828050613403,0.09372335756197572,0.0587325566764921,0.01891560349568182,0.005057220714792354
0.09242338687181473,0.05737455561757088,0.09372335756197572,0.0587325566764921,0.01891560349568182,0.005057220714792354
0.08299996703863144,0.059065915644168854,0.09372335756197572,0.0587325566764921,0.01891560349568182,0.005057220714792354
0.10046138614416122,0.060362447053194046,0.09372335756197572,0.0587325566764921,0.01891560349568182,0.005057220714792354
0.07914204150438309,0.054395124316215515,0.09372335756197572,0.0587325566764921,0.01891560349568182,0.005057220714792354
0.10854388773441315,0.05965239182114601,0.09372335756197572,0.0587325566764921,0.01891560349568182,0.005057220714792354
0.08204161375761032,0.06158369779586792,0.09372335756197572,0.0587325566764921,0.01891560349568182,0.005057220714792354
0.06059332564473152,0.050678230822086334,0.09372335756197572,0.0587325566764921,0.01891560349568182,0.005057220714792354
0.11317130923271179,0.06331147998571396,0.09372335756197572,0.0587325566764921,0.01891560349568182,0.005057220714792354
0.07709064334630966,0.05647820979356766,0.09372335756197572,0.0587325566764921,0.01891560349568182,0.005057220714792354
0.08535673469305038,0.05905718728899956,0.09372335756197572,0.0587325566764921,0.01891560349568182,0.005057220714792354
0.11404846608638763,0.06044665351510048,0.09372335756197572,0.0587325566764921,0.01891560349568182,0.005057220714792354
0.14623655378818512,0.0729508176445961,0.09372335756197572,0.0587325566764921,0.01891560349568182,0.005057220714792354
0.08689381182193756,0.05627773702144623,0.09372335756197572,0.0587325566764921,0.01891560349568182,0.005057220714792354
0.11368004977703094,0.05808984115719795,0.09372335756197572,0.0587325566764921,0.01891560349568182,0.005057220714792354
0.10124727338552475,0.05818305164575577,0.09372335756197572,0.0587325566764921,0.01891560349568182,0.005057220714792354
0.11159764975309372,0.057936836034059525,0.09372335756197572,0.0587325566764921,0.01891560349568182,0.005057220714792354
0.11239004135131836,0.06515596061944962,0.09372335756197572,0.0587325566764921,0.01891560349568182,0.005057220714792354
0.11519838869571686,0.06530371308326721,0.09372335756197572,0.0587325566764921,0.01891560349568182,0.005057220714792354
0.12701693177223206,0.0661144033074379,0.09372335756197572,0.0587325566764921,0.01891560349568182,0.005057220714792354
0.08100931346416473,0.05606582388281822,0.09372335756197572,0.0587325566764921,0.01891560349568182,0.005057220714792354
0.09173915535211563,0.05590592697262764,0.09372335756197572,0.0587325566764921,0.01891560349568182,0.005057220714792354
0.11000565439462662,0.06009461730718613,0.09372335756197572,0.0587325566764921,0.01891560349568182,0.005057220714792354
0.1165790930390358,0.06213699281215668,0.09372335756197572,0.0587325566764921,0.01891560349568182,0.005057220714792354
0.08148682862520218,0.06160900741815567,0.09372335756197572,0.0587325566764921,0.01891560349568182,0.005057220714792354
0.08529122173786163,0.06162550300359726,0.09372335756197572,0.0587325566764921,0.01891560349568182,0.005057220714792354
0.07254672050476074,0.05506778880953789,0.09372335756197572,0.0587325566764921,0.01891560349568182,0.005057220714792354
0.08399292826652527,0.0608607679605484,0.09372335756197572,0.0587325566764921,0.01891560349568182,0.005057220714792354
0.06290072947740555,0.051562968641519547,0.09372335756197572,0.0587325566764921,0.01891560349568182,0.005057220714792354
0.0965457558631897,0.060231778770685196,0.09372335756197572,0.0587325566764921,0.01891560349568182,0.005057220714792354
0.06948251277208328,0.05446746572852135,0.09372335756197572,0.0587325566764921,0.01891560349568182,0.005057220714792354
0.07916823029518127,0.05795149505138397,0.09372335756197572,0.0587325566764921,0.01891560349568182,0.005057220714792354
0.08800162374973297,0.05423960089683533,0.09372335756197572,0.0587325566764921,0.01891560349568182,0.005057220714792354
0.06618689000606537,0.05365484207868576,0.09372335756197572,0.0587325566764921,0.01891560349568182,0.005057220714792354
0.08967462927103043,0.0569748654961586,0.09372335756197572,0.0587325566764921,0.01891560349568182,0.005057220714792354
0.10048289597034454,0.061590053141117096,0.09372335756197572,0.0587325566764921,0.01891560349568182,0.005057220714792354
0.10210024565458298,0.06188399717211723,0.09372335756197572,0.0587325566764921,0.01891560349568182,0.005057220714792354
0.10131077468395233,0.06710269302129745,0.09372335756197572,0.0587325566764921,0.01891560349568182,0.005057220714792354
0.08202493190765381,0.05687297508120537,0.09372335756197572,0.0587325566764921,0.01891560349568182,0.005057220714792354
0.09409765899181366,0.05678018555045128,0.09372335756197572,0.0587325566764921,0.01891560349568182,0.005057220714792354
0.0720968246459961,0.052393291145563126,0.09372335756197572,0.0587325566764921,0.01891560349568182,0.005057220714792354
0.08845339715480804,0.0562165230512619,0.09372335756197572,0.0587325566764921,0.01891560349568182,0.005057220714792354
0.11567679792642593,0.061821725219488144,0.09372335756197572,0.0587325566764921,0.01891560349568182,0.005057220714792354
0.11156301200389862,0.06410233676433563,0.09372335756197572,0.0587325566764921,0.01891560349568182,0.005057220714792354
0.10642044991254807,0.0593118816614151,0.09372335756197572,0.0587325566764921,0.01891560349568182,0.005057220714792354
0.10240282863378525,0.06259448826313019,0.09372335756197572,0.0587325566764921,0.01891560349568182,0.005057220714792354
0.12822821736335754,0.06676533818244934,0.09372335756197572,0.0587325566764921,0.01891560349568182,0.005057220714792354
0.0641155019402504,0.05089181661605835,0.09372335756197572,0.0587325566764921,0.01891560349568182,0.005057220714792354
0.07594096660614014,0.05326623469591141,0.09372335756197572,0.0587325566764921,0.01891560349568182,0.005057220714792354
0.08005271852016449,0.054166603833436966,0.09372335756197572,0.0587325566764921,0.01891560349568182,0.005057220714792354
0.10627740621566772,0.05849895253777504,0.09372335756197572,0.0587325566764921,0.01891560349568182,0.005057220714792354
0.12569750845432281,0.07569607347249985,0.09372335756197572,0.0587325566764921,0.01891560349568182,0.005057220714792354
0.07231156527996063,0.058122336864471436,0.09372335756197572,0.0587325566764921,0.01891560349568182,0.005057220714792354
0.08632652461528778,0.0595238097012043,0.09372335756197572,0.0587325566764921,0.01891560349568182,0.005057220714792354
0.07029428333044052,0.052578967064619064,0.09372335756197572,0.0587325566764921,0.01891560349568182,0.005057220714792354
0.11262956261634827,0.05851428955793381,0.09372335756197572,0.0587325566764921,0.01891560349568182,0.005057220714792354
0.08478309214115143,0.05927938222885132,0.09372335756197572,0.0587325566764921,0.01891560349568182,0.005057220714792354
0.1338983178138733,0.0687662810087204,0.09372335756197572,0.0587325566764921,0.01891560349568182,0.005057220714792354
0.12880241870880127,0.06801468878984451,0.09372335756197572,0.0587325566764921,0.01891560349568182,0.005057220714792354
0.07939987629652023,0.05196155980229378,0.09372335756197572,0.0587325566764921,0.01891560349568182,0.005057220714792354
0.0937824472784996,0.061341773718595505,0.09372335756197572,0.0587325566764921,0.01891560349568182,0.005057220714792354
0.09125194698572159,0.05720959231257439,0.09372335756197572,0.0587325566764921,0.01891560349568182,0.005057220714792354
0.1428346037864685,0.0693974643945694,0.09372335756197572,0.0587325566764921,0.01891560349568182,0.005057220714792354
0.09497638046741486,0.06524155288934708,0.09372335756197572,0.0587325566764921,0.01891560349568182,0.005057220714792354
0.10033638030290604,0.05845898762345314,0.09372335756197572,0.0587325566764921,0.01891560349568182,0.005057220714792354
0.09847252815961838,0.057882338762283325,0.09372335756197572,0.0587325566764921,0.01891560349568182,0.005057220714792354
0.06171893700957298,0.05107409507036209,0.09372335756197572,0.0587325566764921,0.01891560349568182,0.005057220714792354
0.06568928807973862,0.05346212163567543,0.09372335756197572,0.0587325566764921,0.01891560349568182,0.005057220714792354
0.11849776655435562,0.06372436881065369,0.09372335756197572,0.0587325566764921,0.01891560349568182,0.005057220714792354
0.09844833612442017,0.0593123584985733,0.09372335756197572,0.0587325566764921,0.01891560349568182,0.005057220714792354
0.10378093272447586,0.06140473484992981,0.09372335756197572,0.0587325566764921,0.01891560349568182,0.005057220714792354
0.08228916674852371,0.05583132430911064,0.09372335756197572,0.0587325566764921,0.01891560349568182,0.005057220714792354
0.09055601060390472,0.060716770589351654,0.09372335756197572,0.0587325566764921,0.01891560349568182,0.005057220714792354
0.10539283603429794,0.05733377858996391,0.09372335756197572,0.0587325566764921,0.01891560349568182,0.005057220714792354
0.11176542937755585,0.05902458727359772,0.09372335756197572,0.0587325566764921,0.01891560349568182,0.005057220714792354
0.10036545246839523,0.06146002560853958,0.09372335756197572,0.0587325566764921,0.01891560349568182,0.005057220714792354
0.11586278676986694,0.060013387352228165,0.09372335756197572,0.0587325566764921,0.01891560349568182,0.005057220714792354
0.10171760618686676,0.06407443434000015,0.09372335756197572,0.0587325566764921,0.01891560349568182,0.005057220714792354
0.08254887908697128,0.06005158647894859,0.09372335756197572,0.0587325566764921,0.01891560349568182,0.005057220714792354
0.09336147457361221,0.05947583168745041,0.09372335756197572,0.0587325566764921,0.01891560349568182,0.005057220714792354
0.0861145406961441,0.05428609997034073,0.09372335756197572,0.0587325566764921,0.01891560349568182,0.005057220714792354
0.10328517109155655,0.05966243892908096,0.09372335756197572,0.0587325566764921,0.01891560349568182,0.005057220714792354
0.10559792816638947,0.059388767927885056,0.09372335756197572,0.0587325566764921,0.01891560349568182,0.005057220714792354
0.09964293241500854,0.057534459978342056,0.09372335756197572,0.0587325566764921,0.01891560349568182,0.005057220714792354
0.08351249992847443,0.05511876568198204,0.09372335756197572,0.0587325566764921,0.01891560349568182,0.005057220714792354
0.07985129207372665,0.05406971648335457,0.09372335756197572,0.0587325566764921,0.01891560349568182,0.005057220714792354
0.06687462329864502,0.05128799006342888,0.09372335756197572,0.0587325566764921,0.01891560349568182,0.005057220714792354
0.07572431862354279,0.05493984743952751,0.09372335756197572,0.0587325566764921,0.01891560349568182,0.005057220714792354
0.09189769625663757,0.057082585990428925,0.09372335756197572,0.0587325566764921,0.01891560349568182,0.005057220714792354
0.07637884467840195,0.05512622371315956,0.09372335756197572,0.0587325566764921,0.01891560349568182,0.005057220714792354
0.07678166776895523,0.05344226211309433,0.09372335756197572,0.0587325566764921,0.01891560349568182,0.005057220714792354
0.07284129410982132,0.05213722586631775,0.09372335756197572,0.0587325566764921,0.01891560349568182,0.005057220714792354
0.14015063643455505,0.07131418585777283,0.09372335756197572,0.0587325566764921,0.01891560349568182,0.005057220714792354
0.11243534088134766,0.06054668501019478,0.09372335756197572,0.0587325566764921,0.01891560349568182,0.005057220714792354
0.11242949962615967,0.061301469802856445,0.09372335756197572,0.0587325566764921,0.01891560349568182,0.005057220714792354
0.10577283799648285,0.058735135942697525,0.09372335756197572,0.0587325566764921,0.01891560349568182,0.005057220714792354
0.0752580314874649,0.05555186793208122,0.09372335756197572,0.0587325566764921,0.01891560349568182,0.005057220714792354
0.1119738221168518,0.06130726635456085,0.09372335756197572,0.0587325566764921,0.01891560349568182,0.005057220714792354
0.1421671211719513,0.07109177857637405,0.09372335756197572,0.0587325566764921,0.01891560349568182,0.005057220714792354
0.08540721237659454,0.05924601852893829,0.09372335756197572,0.0587325566764921,0.01891560349568182,0.005057220714792354
0.11845725774765015,0.06449851393699646,0.09372335756197572,0.0587325566764921,0.01891560349568182,0.005057220714792354
0.06756942719221115,0.05098971351981163,0.09372335756197572,0.0587325566764921,0.01891560349568182,0.005057220714792354
0.07700501382350922,0.05977725237607956,0.09372335756197572,0.0587325566764921,0.01891560349568182,0.005057220714792354
0.10336930304765701,0.06148626282811165,0.09372335756197572,0.0587325566764921,0.01891560349568182,0.005057220714792354
0.10649896413087845,0.05758097395300865,0.09372335756197572,0.0587325566764921,0.01891560349568182,0.005057220714792354
0.06735703349113464,0.053884148597717285,0.09372335756197572,0.0587325566764921,0.01891560349568182,0.005057220714792354
0.09833761304616928,0.05857042223215103,0.09372335756197572,0.0587325566764921,0.01891560349568182,0.005057220714792354
0.08444828540086746,0.05698208883404732,0.09372335756197572,0.0587325566764921,0.01891560349568182,0.005057220714792354
0.08275023847818375,0.05320624262094498,0.09372335756197572,0.0587325566764921,0.01891560349568182,0.005057220714792354
0.06858465820550919,0.052413105964660645,0.09372335756197572,0.0587325566764921,0.01891560349568182,0.005057220714792354
0.1035919338464737,0.058196257799863815,0.09372335756197572,0.0587325566764921,0.01891560349568182,0.005057220714792354
0.06788825243711472,0.05301680043339729,0.09372335756197572,0.0587325566764921,0.01891560349568182,0.005057220714792354
0.11286183446645737,0.06376450508832932,0.09372335756197572,0.0587325566764921,0.01891560349568182,0.005057220714792354
0.1467021107673645,0.07434701919555664,0.09372335756197572,0.0587325566764921,0.01891560349568182,0.005057220714792354
0.10465541481971741,0.060484807938337326,0.09372335756197572,0.0587325566764921,0.01891560349568182,0.005057220714792354
0.08697173744440079,0.05771404877305031,0.09372335756197572,0.0587325566764921,0.01891560349568182,0.005057220714792354
0.07214421778917313,0.05457662418484688,0.09372335756197572,0.0587325566764921,0.01891560349568182,0.005057220714792354
0.07881037890911102,0.05412117764353752,0.09372335756197572,0.0587325566764921,0.01891560349568182,0.005057220714792354
0.1118851825594902,0.06436794251203537,0.09372335756197572,0.0587325566764921,0.01891560349568182,0.005057220714792354
0.08297926932573318,0.05837385356426239,0.09372335756197572,0.0587325566764921,0.01891560349568182,0.005057220714792354
0.12550657987594604,0.06678005307912827,0.09372335756197572,0.0587325566764921,0.01891560349568182,0.005057220714792354
0.11111241579055786,0.062387216836214066,0.09372335756197572,0.0587325566764921,0.01891560349568182,0.005057220714792354
0.10693760216236115,0.06283377856016159,0.09372335756197572,0.0587325566764921,0.01891560349568182,0.005057220714792354
0.12172648310661316,0.06275960057973862,0.09372335756197572,0.0587325566764921,0.01891560349568182,0.005057220714792354
0.0983043909072876,0.061838045716285706,0.09372335756197572,0.0587325566764921,0.01891560349568182,0.005057220714792354
0.10691393166780472,0.05816114321351051,0.09372335756197572,0.0587325566764921,0.01891560349568182,0.005057220714792354
0.10145721584558487,0.06032921001315117,0.09372335756197572,0.0587325566764921,0.01891560349568182,0.005057220714792354
0.14064733684062958,0.0733032301068306,0.09372335756197572,0.0587325566764921,0.01891560349568182,0.005057220714792354
0.07140011340379715,0.05592670291662216,0.09372335756197572,0.0587325566764921,0.01891560349568182,0.005057220714792354
0.11703469604253769,0.06525534391403198,0.09372335756197572,0.0587325566764921,0.01891560349568182,0.005057220714792354
0.12787944078445435,0.06443266570568085,0.09372335756197572,0.0587325566764921,0.01891560349568182,0.005057220714792354
0.10510130226612091,0.05939321219921112,0.09372335756197572,0.0587325566764921,0.01891560349568182,0.005057220714792354
0.08215286582708359,0.05340377241373062,0.09372335756197572,0.0587325566764921,0.01891560349568182,0.005057220714792354
0.09669139981269836,0.05781208351254463,0.09372335756197572,0.0587325566764921,0.01891560349568182,0.005057220714792354
0.1212989017367363,0.06473151594400406,0.09372335756197572,0.0587325566764921,0.01891560349568182,0.005057220714792354
0.07059812545776367,0.04990309476852417,0.09372335756197572,0.0587325566764921,0.01891560349568182,0.005057220714792354
0.07976903766393661,0.05551370605826378,0.09372335756197572,0.0587325566764921,0.01891560349568182,0.005057220714792354
0.12428604811429977,0.06828177720308304,0.09372335756197572,0.0587325566764921,0.01891560349568182,0.005057220714792354
0.1296885907649994,0.0638737604022026,0.09372335756197572,0.0587325566764921,0.01891560349568182,0.005057220714792354
0.06660306453704834,0.050606656819581985,0.09372335756197572,0.0587325566764921,0.01891560349568182,0.005057220714792354
0.12231486290693283,0.0658813863992691,0.09372335756197572,0.0587325566764921,0.01891560349568182,0.005057220714792354
0.1165529415011406,0.06217694655060768,0.09372335756197572,0.0587325566764921,0.01891560349568182,0.005057220714792354
0.14252887666225433,0.0741892158985138,0.09372335756197572,0.0587325566764921,0.01891560349568182,0.005057220714792354
0.11047059297561646,0.058678679168224335,0.09372335756197572,0.0587325566764921,0.01891560349568182,0.005057220714792354
0.08313722163438797,0.05521662160754204,0.09372335756197572,0.0587325566764921,0.01891560349568182,0.005057220714792354
0.07681163400411606,0.05395503714680672,0.09372335756197572,0.0587325566764921,0.01891560349568182,0.005057220714792354
0.11245860904455185,0.06218203902244568,0.09372335756197572,0.0587325566764921,0.01891560349568182,0.005057220714792354
0.14332406222820282,0.06970465183258057,0.09372335756197572,0.0587325566764921,0.01891560349568182,0.005057220714792354
0.09898786246776581,0.057794418185949326,0.09372335756197572,0.0587325566764921,0.01891560349568182,0.005057220714792354
0.0965559110045433,0.05933653935790062,0.09372335756197572,0.0587325566764921,0.01891560349568182,0.005057220714792354
0.09360118210315704,0.05620894208550453,0.09372335756197572,0.0587325566764921,0.01891560349568182,0.005057220714792354
0.0995415449142456,0.06348418444395065,0.09372335756197572,0.0587325566764921,0.01891560349568182,0.005057220714792354
0.08816599100828171,0.059570346027612686,0.09372335756197572,0.0587325566764921,0.01891560349568182,0.005057220714792354
0.11625028401613235,0.06127353385090828,0.09372335756197572,0.0587325566764921,0.01891560349568182,0.005057220714792354
0.08770543336868286,0.06064406782388687,0.09372335756197572,0.0587325566764921,0.01891560349568182,0.005057220714792354
0.0956769585609436,0.05564539507031441,0.09372335756197572,0.0587325566764921,0.01891560349568182,0.005057220714792354
0.08827394247055054,0.05573609098792076,0.09372335756197572,0.0587325566764921,0.01891560349568182,0.005057220714792354
0.1449642777442932,0.07326363772153854,0.09372335756197572,0.0587325566764921,0.01891560349568182,0.005057220714792354
0.10765013098716736,0.06290024518966675,0.09372335756197572,0.0587325566764921,0.01891560349568182,0.005057220714792354
0.09455790370702744,0.05864895507693291,0.09372335756197572,0.0587325566764921,0.01891560349568182,0.005057220714792354
0.0990971177816391,0.06206938996911049,0.09372335756197572,0.0587325566764921,0.01891560349568182,0.005057220714792354
0.07411070168018341,0.05281228572130203,0.09372335756197572,0.0587325566764921,0.01891560349568182,0.005057220714792354
0.14819884300231934,0.07109798491001129,0.09372335756197572,0.0587325566764921,0.01891560349568182,0.005057220714792354
0.0877748355269432,0.05854295566678047,0.09372335756197572,0.0587325566764921,0.01891560349568182,0.005057220714792354
0.07398083060979843,0.05109073594212532,0.09372335756197572,0.0587325566764921,0.01891560349568182,0.005057220714792354
0.08273079246282578,0.05432047322392464,0.09372335756197572,0.0587325566764921,0.01891560349568182,0.005057220714792354
0.12466496974229813,0.07055115699768066,0.09372335756197572,0.0587325566764921,0.01891560349568182,0.005057220714792354
0.08854593336582184,0.05819471925497055,0.09372335756197572,0.0587325566764921,0.01891560349568182,0.005057220714792354
0.07536602765321732,0.056223005056381226,0.09372335756197572,0.0587325566764921,0.01891560349568182,0.005057220714792354
0.09863190352916718,0.057978615164756775,0.09372335756197572,0.0587325566764921,0.01891560349568182,0.005057220714792354
0.10711338371038437,0.05807691439986229,0.09372335756197572,0.0587325566764921,0.01891560349568182,0.005057220714792354
0.07383305579423904,0.057863857597112656,0.09372335756197572,0.0587325566764921,0.01891560349568182,0.005057220714792354
0.0992031842470169,0.05557428300380707,0.09372335756197572,0.0587325566764921,0.01891560349568182,0.005057220714792354
0.13209892809391022,0.06797635555267334,0.09372335756197572,0.0587325566764921,0.01891560349568182,0.005057220714792354
0.08921158313751221,0.055979497730731964,0.09372335756197572,0.0587325566764921,0.01891560349568182,0.005057220714792354
0.1085706278681755,0.058647993952035904,0.09372335756197572,0.0587325566764921,0.01891560349568182,0.005057220714792354
0.09122344106435776,0.05696142092347145,0.09372335756197572,0.0587325566764921,0.01891560349568182,0.005057220714792354
0.10493329912424088,0.05799160525202751,0.09372335756197572,0.0587325566764921,0.01891560349568182,0.005057220714792354
0.1125715970993042,0.06251084059476852,0.09372335756197572,0.0587325566764921,0.01891560349568182,0.005057220714792354
0.06532231718301773,0.05435696616768837,0.09372335756197572,0.0587325566764921,0.01891560349568182,0.005057220714792354
0.10799616575241089,0.06268968433141708,0.09372335756197572,0.0587325566764921,0.01891560349568182,0.005057220714792354
0.08326135575771332,0.05507775396108627,0.09372335756197572,0.0587325566764921,0.01891560349568182,0.005057220714792354
0.13931666314601898,0.07015939056873322,0.09372335756197572,0.0587325566764921,0.01891560349568182,0.005057220714792354
0.0733126848936081,0.05540997534990311,0.09372335756197572,0.0587325566764921,0.01891560349568182,0.005057220714792354
0.106880784034729,0.07127276808023453,0.09372335756197572,0.0587325566764921,0.01891560349568182,0.005057220714792354
0.0904531329870224,0.060620859265327454,0.09372335756197572,0.0587325566764921,0.01891560349568182,0.005057220714792354
0.07266328483819962,0.05657923221588135,0.09372335756197572,0.0587325566764921,0.01891560349568182,0.005057220714792354
0.10187762975692749,0.059926774352788925,0.09372335756197572,0.0587325566764921,0.01891560349568182,0.005057220714792354
0.07443008571863174,0.05180841311812401,0.09372335756197572,0.0587325566764921,0.01891560349568182,0.005057220714792354
0.0751170665025711,0.05487072095274925,0.09372335756197572,0.0587325566764921,0.01891560349568182,0.005057220714792354
0.1350385695695877,0.07032865285873413,0.09372335756197572,0.0587325566764921,0.01891560349568182,0.005057220714792354
0.10570286214351654,0.05956375598907471,0.09372335756197572,0.0587325566764921,0.01891560349568182,0.005057220714792354
0.11713846772909164,0.06842480599880219,0.09372335756197572,0.0587325566764921,0.01891560349568182,0.005057220714792354
0.13101208209991455,0.07064195722341537,0.09372335756197572,0.0587325566764921,0.01891560349568182,0.005057220714792354
0.06845348328351974,0.05211951211094856,0.09372335756197572,0.0587325566764921,0.01891560349568182,0.005057220714792354
0.09805542230606079,0.0547543428838253,0.09372335756197572,0.0587325566764921,0.01891560349568182,0.005057220714792354
0.0880950391292572,0.0563458576798439,0.09372335756197572,0.0587325566764921,0.01891560349568182,0.005057220714792354
0.07146894186735153,0.05069857835769653,0.09372335756197572,0.0587325566764921,0.01891560349568182,0.005057220714792354
0.09335669875144958,0.062292277812957764,0.09372335756197572,0.0587325566764921,0.01891560349568182,0.005057220714792354
0.07916472852230072,0.05629992485046387,0.09372335756197572,0.0587325566764921,0.01891560349568182,0.005057220714792354
0.07936309278011322,0.05902598053216934,0.09372335756197572,0.0587325566764921,0.01891560349568182,0.005057220714792354
0.10965491831302643,0.06615743041038513,0.09372335756197572,0.0587325566764921,0.01891560349568182,0.005057220714792354
0.09418774396181107,0.06357923895120621,0.09372335756197572,0.0587325566764921,0.01891560349568182,0.005057220714792354
0.06681358814239502,0.05013348534703255,0.09372335756197572,0.0587325566764921,0.01891560349568182,0.005057220714792354
0.06523649394512177,0.05273931473493576,0.09372335756197572,0.0587325566764921,0.01891560349568182,0.005057220714792354
0.0865936204791069,0.05744335800409317,0.09372335756197572,0.0587325566764921,0.01891560349568182,0.005057220714792354
0.08541543781757355,0.05776292830705643,0.09372335756197572,0.0587325566764921,0.01891560349568182,0.005057220714792354
0.07547251880168915,0.05801542475819588,0.09372335756197572,0.0587325566764921,0.01891560349568182,0.005057220714792354
0.08232594281435013,0.05506644397974014,0.09372335756197572,0.0587325566764921,0.01891560349568182,0.005057220714792354
0.07457586377859116,0.0537467785179615,0.09372335756197572,0.0587325566764921,0.01891560349568182,0.005057220714792354
0.09475390613079071,0.05883058160543442,0.09372335756197572,0.0587325566764921,0.01891560349568182,0.005057220714792354
0.11995834112167358,0.0652208998799324,0.09372335756197572,0.0587325566764921,0.01891560349568182,0.005057220714792354
0.08024006336927414,0.05572708696126938,0.09372335756197572,0.0587325566764921,0.01891560349568182,0.005057220714792354
0.0750478059053421,0.055704399943351746,0.09372335756197572,0.0587325566764921,0.01891560349568182,0.005057220714792354
0.09624593704938889,0.058928973972797394,0.09372335756197572,0.0587325566764921,0.01891560349568182,0.005057220714792354
0.12870539724826813,0.07207309454679489,0.09372335756197572,0.0587325566764921,0.01891560349568182,0.005057220714792354
0.07122837007045746,0.056118518114089966,0.09372335756197572,0.0587325566764921,0.01891560349568182,0.005057220714792354
0.07909131050109863,0.057082243263721466,0.09372335756197572,0.0587325566764921,0.01891560349568182,0.005057220714792354
0.0924985259771347,0.05573423579335213,0.09372335756197572,0.0587325566764921,0.01891560349568182,0.005057220714792354
0.09488343447446823,0.05658482015132904,0.09372335756197572,0.0587325566764921,0.01891560349568182,0.005057220714792354
0.0806184709072113,0.05523908883333206,0.09372335756197572,0.0587325566764921,0.01891560349568182,0.005057220714792354
0.0834457278251648,0.0565594844520092,0.09372335756197572,0.0587325566764921,0.01891560349568182,0.005057220714792354
0.11947280913591385,0.06671416014432907,0.09372335756197572,0.0587325566764921,0.01891560349568182,0.005057220714792354
0.09961063414812088,0.06016593798995018,0.09372335756197572,0.0587325566764921,0.01891560349568182,0.005057220714792354
0.07681235671043396,0.05892394483089447,0.09372335756197572,0.0587325566764921,0.01891560349568182,0.005057220714792354
0.06514357775449753,0.05540400370955467,0.09372335756197572,0.0587325566764921,0.01891560349568182,0.005057220714792354
0.09388714283704758,0.05899780988693237,0.09372335756197572,0.0587325566764921,0.01891560349568182,0.005057220714792354
0.10296235978603363,0.06355508416891098,0.09372335756197572,0.0587325566764921,0.01891560349568182,0.005057220714792354
0.09606446325778961,0.05788367986679077,0.09372335756197572,0.0587325566764921,0.01891560349568182,0.005057220714792354
0.0712241679430008,0.05570893734693527,0.09372335756197572,0.0587325566764921,0.01891560349568182,0.005057220714792354
0.1296766698360443,0.06663867831230164,0.09372335756197572,0.0587325566764921,0.01891560349568182,0.005057220714792354
0.0775158479809761,0.05958051607012749,0.09372335756197572,0.0587325566764921,0.01891560349568182,0.005057220714792354
0.06909825652837753,0.05310425907373428,0.09372335756197572,0.0587325566764921,0.01891560349568182,0.005057220714792354
0.12758611142635345,0.06479226797819138,0.09372335756197572,0.0587325566764921,0.01891560349568182,0.005057220714792354
0.1103021502494812,0.059365835040807724,0.09372335756197572,0.0587325566764921,0.01891560349568182,0.005057220714792354
0.0768948420882225,0.0540383942425251,0.09372335756197572,0.0587325566764921,0.01891560349568182,0.005057220714792354
0.06281790137290955,0.04889723286032677,0.09372335756197572,0.0587325566764921,0.01891560349568182,0.005057220714792354
0.12027976661920547,0.06379412859678268,0.09372335756197572,0.0587325566764921,0.01891560349568182,0.005057220714792354
0.06816776841878891,0.051500219851732254,0.09372335756197572,0.0587325566764921,0.01891560349568182,0.005057220714792354
0.09347519278526306,0.06196487694978714,0.09372335756197572,0.0587325566764921,0.01891560349568182,0.005057220714792354
0.0848984345793724,0.05950241908431053,0.09372335756197572,0.0587325566764921,0.01891560349568182,0.005057220714792354
0.06849247962236404,0.05587659776210785,0.09372335756197572,0.0587325566764921,0.01891560349568182,0.005057220714792354
0.08081521838903427,0.052978720515966415,0.09372335756197572,0.0587325566764921,0.01891560349568182,0.005057220714792354
0.07036285847425461,0.05399036034941673,0.09372335756197572,0.0587325566764921,0.01891560349568182,0.005057220714792354
0.0881815180182457,0.057548701763153076,0.09372335756197572,0.0587325566764921,0.01891560349568182,0.005057220714792354
0.10108134150505066,0.05655688792467117,0.09372335756197572,0.0587325566764921,0.01891560349568182,0.005057220714792354
0.06285639107227325,0.05082319304347038,0.09372335756197572,0.0587325566764921,0.01891560349568182,0.005057220714792354
0.05918081849813461,0.05029252544045448,0.09372335756197572,0.0587325566764921,0.01891560349568182,0.005057220714792354
0.11669269949197769,0.06382681429386139,0.09372335756197572,0.0587325566764921,0.01891560349568182,0.005057220714792354
0.08872149139642715,0.05762941762804985,0.09372335756197572,0.0587325566764921,0.01891560349568182,0.005057220714792354
0.06148560345172882,0.04927988350391388,0.09372335756197572,0.0587325566764921,0.01891560349568182,0.005057220714792354
0.08738130331039429,0.05368592590093613,0.09372335756197572,0.0587325566764921,0.01891560349568182,0.005057220714792354
0.14312537014484406,0.07670194655656815,0.09372335756197572,0.0587325566764921,0.01891560349568182,0.005057220714792354
0.08367180079221725,0.05299142748117447,0.09372335756197572,0.0587325566764921,0.01891560349568182,0.005057220714792354
0.05857633054256439,0.049322646111249924,0.09372335756197572,0.0587325566764921,0.01891560349568182,0.005057220714792354
0.10085656493902206,0.05999573692679405,0.09372335756197572,0.0587325566764921,0.01891560349568182,0.005057220714792354
0.08140657842159271,0.05822254344820976,0.09372335756197572,0.0587325566764921,0.01891560349568182,0.005057220714792354
0.13074570894241333,0.06326840817928314,0.09372335756197572,0.0587325566764921,0.01891560349568182,0.005057220714792354
0.12227790802717209,0.06164148822426796,0.09372335756197572,0.0587325566764921,0.01891560349568182,0.005057220714792354
0.10698132961988449,0.06384162604808807,0.09372335756197572,0.0587325566764921,0.01891560349568182,0.005057220714792354
0.07434559613466263,0.053203511983156204,0.09372335756197572,0.0587325566764921,0.01891560349568182,0.005057220714792354
0.10819686204195023,0.06365074962377548,0.09372335756197572,0.0587325566764921,0.01891560349568182,0.005057220714792354
0.08261576294898987,0.05766700953245163,0.09372335756197572,0.0587325566764921,0.01891560349568182,0.005057220714792354
0.0947379469871521,0.05745987594127655,0.09372335756197572,0.0587325566764921,0.01891560349568182,0.005057220714792354
0.06855899095535278,0.052849285304546356,0.09372335756197572,0.0587325566764921,0.01891560349568182,0.005057220714792354
0.09028537571430206,0.058462437242269516,0.09372335756197572,0.0587325566764921,0.01891560349568182,0.005057220714792354
0.10068938136100769,0.058316271752119064,0.09372335756197572,0.0587325566764921,0.01891560349568182,0.005057220714792354
0.08781588077545166,0.05951568856835365,0.09372335756197572,0.0587325566764921,0.01891560349568182,0.005057220714792354
0.0964902862906456,0.058854904025793076,0.09372335756197572,0.0587325566764921,0.01891560349568182,0.005057220714792354
0.11336122453212738,0.06330449134111404,0.09372335756197572,0.0587325566764921,0.01891560349568182,0.005057220714792354
0.09373645484447479,0.058172304183244705,0.09372335756197572,0.0587325566764921,0.01891560349568182,0.005057220714792354
0.07535630464553833,0.05534636974334717,0.09372335756197572,0.0587325566764921,0.01891560349568182,0.005057220714792354
0.06539756059646606,0.05367967486381531,0.09372335756197572,0.0587325566764921,0.01891560349568182,0.005057220714792354
0.09604272991418839,0.054885365068912506,0.09372335756197572,0.0587325566764921,0.01891560349568182,0.005057220714792354
0.06407507508993149,0.05145171657204628,0.09372335756197572,0.0587325566764921,0.01891560349568182,0.005057220714792354
0.1023784652352333,0.060553178191185,0.09372335756197572,0.0587325566764921,0.01891560349568182,0.005057220714792354
0.1275809407234192,0.06408867239952087,0.09372335756197572,0.0587325566764921,0.01891560349568182,0.005057220714792354
0.07428838312625885,0.05282159522175789,0.09372335756197572,0.0587325566764921,0.01891560349568182,0.005057220714792354
0.11001621931791306,0.06201430782675743,0.09372335756197572,0.0587325566764921,0.01891560349568182,0.005057220714792354
0.08587755262851715,0.056976765394210815,0.09372335756197572,0.0587325566764921,0.01891560349568182,0.005057220714792354
0.1139509379863739,0.06230515241622925,0.09372335756197572,0.0587325566764921,0.01891560349568182,0.005057220714792354
0.09102082252502441,0.0603928379714489,0.09372335756197572,0.0587325566764921,0.01891560349568182,0.005057220714792354
0.09353523701429367,0.06097587198019028,0.09372335756197572,0.0587325566764921,0.01891560349568182,0.005057220714792354
0.10931402444839478,0.060276180505752563,0.09372335756197572,0.0587325566764921,0.01891560349568182,0.005057220714792354
0.07693072408437729,0.05642704665660858,0.09372335756197572,0.0587325566764921,0.01891560349568182,0.005057220714792354
0.07698133587837219,0.058691758662462234,0.09372335756197572,0.0587325566764921,0.01891560349568182,0.005057220714792354
0.09999685734510422,0.06112821400165558,0.09372335756197572,0.0587325566764921,0.01891560349568182,0.005057220714792354
0.07817487418651581,0.05823065713047981,0.09372335756197572,0.0587325566764921,0.01891560349568182,0.005057220714792354
0.07794193923473358,0.05757833644747734,0.09372335756197572,0.0587325566764921,0.01891560349568182,0.005057220714792354
0.0745430514216423,0.05982113257050514,0.09372335756197572,0.0587325566764921,0.01891560349568182,0.005057220714792354
0.13495413959026337,0.06867681443691254,0.09372335756197572,0.0587325566764921,0.01891560349568182,0.005057220714792354
0.07964010536670685,0.053417425602674484,0.09372335756197572,0.0587325566764921,0.01891560349568182,0.005057220714792354
0.10643824934959412,0.05764799937605858,0.09372335756197572,0.0587325566764921,0.01891560349568182,0.005057220714792354
0.13900315761566162,0.06958083063364029,0.09372335756197572,0.0587325566764921,0.01891560349568182,0.005057220714792354
0.0862545445561409,0.060263846069574356,0.09372335756197572,0.0587325566764921,0.01891560349568182,0.005057220714792354
0.10236908495426178,0.059416264295578,0.09372335756197572,0.0587325566764921,0.01891560349568182,0.005057220714792354
0.0691090002655983,0.05143072083592415,0.09372335756197572,0.0587325566764921,0.01891560349568182,0.005057220714792354
0.1126106008887291,0.06073251739144325,0.09372335756197572,0.0587325566764921,0.01891560349568182,0.005057220714792354
0.0933922603726387,0.058858856558799744,0.09372335756197572,0.0587325566764921,0.01891560349568182,0.005057220714792354
0.12803219258785248,0.07305324077606201,0.09372335756197572,0.0587325566764921,0.01891560349568182,0.005057220714792354
0.07606729120016098,0.053487613797187805,0.09372335756197572,0.0587325566764921,0.01891560349568182,0.005057220714792354
0.11824782192707062,0.06478086113929749,0.09372335756197572,0.0587325566764921,0.01891560349568182,0.005057220714792354
0.08637428283691406,0.059231195598840714,0.09372335756197572,0.0587325566764921,0.01891560349568182,0.005057220714792354
0.12446913123130798,0.06799568235874176,0.09372335756197572,0.0587325566764921,0.01891560349568182,0.005057220714792354
0.08234427869319916,0.057367172092199326,0.09372335756197572,0.0587325566764921,0.01891560349568182,0.005057220714792354
0.07195493578910828,0.054195478558540344,0.09372335756197572,0.0587325566764921,0.01891560349568182,0.005057220714792354
0.08343778550624847,0.0603603832423687,0.09372335756197572,0.0587325566764921,0.01891560349568182,0.005057220714792354
0.08588647097349167,0.055549196898937225,0.09372335756197572,0.0587325566764921,0.01891560349568182,0.005057220714792354
0.09254683554172516,0.06265109777450562,0.09372335756197572,0.0587325566764921,0.01891560349568182,0.005057220714792354
0.0972788855433464,0.05981125682592392,0.09372335756197572,0.0587325566764921,0.01891560349568182,0.005057220714792354
0.0942009910941124,0.057198211550712585,0.09372335756197572,0.0587325566764921,0.01891560349568182,0.005057220714792354
0.09447092562913895,0.06100696325302124,0.09372335756197572,0.0587325566764921,0.01891560349568182,0.005057220714792354
0.1049530953168869,0.05691155046224594,0.09372335756197572,0.0587325566764921,0.01891560349568182,0.005057220714792354
0.12002237141132355,0.06182539463043213,0.09372335756197572,0.0587325566764921,0.01891560349568182,0.005057220714792354
0.09190650284290314,0.060543548315763474,0.09372335756197572,0.0587325566764921,0.01891560349568182,0.005057220714792354
0.09279647469520569,0.056387558579444885,0.09372335756197572,0.0587325566764921,0.01891560349568182,0.005057220714792354
0.08877474814653397,0.05112208053469658,0.09372335756197572,0.0587325566764921,0.01891560349568182,0.005057220714792354
0.08332747220993042,0.055669620633125305,0.09372335756197572,0.0587325566764921,0.01891560349568182,0.005057220714792354
0.11644890159368515,0.06298297643661499,0.09372335756197572,0.0587325566764921,0.01891560349568182,0.005057220714792354
0.08459669351577759,0.05378720536828041,0.09372335756197572,0.0587325566764921,0.01891560349568182,0.005057220714792354
0.08236030489206314,0.05724702402949333,0.09372335756197572,0.0587325566764921,0.01891560349568182,0.005057220714792354
0.0875723585486412,0.06006329506635666,0.09372335756197572,0.0587325566764921,0.01891560349568182,0.005057220714792354
0.09626099467277527,0.057789288461208344,0.09372335756197572,0.0587325566764921,0.01891560349568182,0.005057220714792354
0.12868298590183258,0.06199692189693451,0.09372335756197572,0.0587325566764921,0.01891560349568182,0.005057220714792354
0.07711885869503021,0.057503487914800644,0.09372335756197572,0.0587325566764921,0.01891560349568182,0.005057220714792354
0.08061909675598145,0.053911905735731125,0.09372335756197572,0.0587325566764921,0.01891560349568182,0.005057220714792354
0.13129501044750214,0.06440349668264389,0.09372335756197572,0.0587325566764921,0.01891560349568182,0.005057220714792354
0.06756530702114105,0.05132264271378517,0.09372335756197572,0.0587325566764921,0.01891560349568182,0.005057220714792354
0.1227383017539978,0.06624787300825119,0.09372335756197572,0.0587325566764921,0.01891560349568182,0.005057220714792354
0.087373748421669,0.05934528261423111,0.09372335756197572,0.0587325566764921,0.01891560349568182,0.005057220714792354
0.08847614377737045,0.056257687509059906,0.09372335756197572,0.0587325566764921,0.01891560349568182,0.005057220714792354
0.08874242752790451,0.0605570524930954,0.09372335756197572,0.0587325566764921,0.01891560349568182,0.005057220714792354
0.10559617727994919,0.0663379654288292,0.09372335756197572,0.0587325566764921,0.01891560349568182,0.005057220714792354
0.07319464534521103,0.05109330639243126,0.09372335756197572,0.0587325566764921,0.01891560349568182,0.005057220714792354
0.08002125471830368,0.056909482926130295,0.09372335756197572,0.0587325566764921,0.01891560349568182,0.005057220714792354
0.1306154429912567,0.0675310492515564,0.09372335756197572,0.0587325566764921,0.01891560349568182,0.005057220714792354
0.12432891875505447,0.06716212630271912,0.09372335756197572,0.0587325566764921,0.01891560349568182,0.005057220714792354
0.0932924896478653,0.057410452514886856,0.09372335756197572,0.0587325566764921,0.01891560349568182,0.005057220714792354
0.07282642275094986,0.05386941507458687,0.09372335756197572,0.0587325566764921,0.01891560349568182,0.005057220714792354
0.12988197803497314,0.07068965584039688,0.09372335756197572,0.0587325566764921,0.01891560349568182,0.005057220714792354
0.07378198206424713,0.055435724556446075,0.09372335756197572,0.0587325566764921,0.01891560349568182,0.005057220714792354
0.11974041163921356,0.06715089082717896,0.09372335756197572,0.0587325566764921,0.01891560349568182,0.005057220714792354
0.07791852205991745,0.05503777414560318,0.09372335756197572,0.0587325566764921,0.01891560349568182,0.005057220714792354
0.07053854316473007,0.051624197512865067,0.09372335756197572,0.0587325566764921,0.01891560349568182,0.005057220714792354
0.10038735717535019,0.05973565950989723,0.09372335756197572,0.0587325566764921,0.01891560349568182,0.005057220714792354
0.06905538588762283,0.05624783784151077,0.09372335756197572,0.0587325566764921,0.01891560349568182,0.005057220714792354
0.11088734865188599,0.06037662923336029,0.09372335756197572,0.0587325566764921,0.01891560349568182,0.005057220714792354
0.06351181119680405,0.04793692007660866,0.09372335756197572,0.0587325566764921,0.01891560349568182,0.005057220714792354
0.08715812861919403,0.05588945001363754,0.09372335756197572,0.0587325566764921,0.01891560349568182,0.005057220714792354
0.09230343997478485,0.05874596908688545,0.09372335756197572,0.0587325566764921,0.01891560349568182,0.005057220714792354
0.09185554832220078,0.05763493850827217,0.09372335756197572,0.0587325566764921,0.01891560349568182,0.005057220714792354
0.1175287514925003,0.06719539314508438,0.09372335756197572,0.0587325566764921,0.01891560349568182,0.005057220714792354
0.11235148459672928,0.062042806297540665,0.09372335756197572,0.0587325566764921,0.01891560349568182,0.005057220714792354
0.11739274859428406,0.06405770778656006,0.09372335756197572,0.0587325566764921,0.01891560349568182,0.005057220714792354
0.10321071743965149,0.0603802390396595,0.09372335756197572,0.0587325566764921,0.01891560349568182,0.005057220714792354
0.09841591864824295,0.05657333880662918,0.09372335756197572,0.0587325566764921,0.01891560349568182,0.005057220714792354
0.0919763371348381,0.06371236592531204,0.09372335756197572,0.0587325566764921,0.01891560349568182,0.005057220714792354
0.10397174954414368,0.0627414733171463,0.09372335756197572,0.0587325566764921,0.01891560349568182,0.005057220714792354
0.10222247242927551,0.06298617273569107,0.09372335756197572,0.0587325566764921,0.01891560349568182,0.005057220714792354
0.1016116663813591,0.06040523946285248,0.09372335756197572,0.0587325566764921,0.01891560349568182,0.005057220714792354
0.07975450903177261,0.05723012983798981,0.09372335756197572,0.0587325566764921,0.01891560349568182,0.005057220714792354
0.08616320788860321,0.0606551356613636,0.09372335756197572,0.0587325566764921,0.01891560349568182,0.005057220714792354
0.06222086027264595,0.05297030135989189,0.09372335756197572,0.0587325566764921,0.01891560349568182,0.005057220714792354
0.1029413640499115,0.05840152129530907,0.09372335756197572,0.0587325566764921,0.01891560349568182,0.005057220714792354
0.08583556860685349,0.05918941646814346,0.09372335756197572,0.0587325566764921,0.01891560349568182,0.005057220714792354
0.11331325769424438,0.0634642019867897,0.09372335756197572,0.0587325566764921,0.01891560349568182,0.005057220714792354
0.1134888231754303,0.0670737624168396,0.09372335756197572,0.0587325566764921,0.01891560349568182,0.005057220714792354
0.12417274713516235,0.06768620014190674,0.09372335756197572,0.0587325566764921,0.01891560349568182,0.005057220714792354
0.08946718275547028,0.05783793330192566,0.09372335756197572,0.0587325566764921,0.01891560349568182,0.005057220714792354
0.08236004412174225,0.05518088862299919,0.09372335756197572,0.0587325566764921,0.01891560349568182,0.005057220714792354
0.07740414142608643,0.053294163197278976,0.09372335756197572,0.0587325566764921,0.01891560349568182,0.005057220714792354
0.0862702950835228,0.0521424375474453,0.09372335756197572,0.0587325566764921,0.01891560349568182,0.005057220714792354
0.08937987685203552,0.05570456385612488,0.09372335756197572,0.0587325566764921,0.01891560349568182,0.005057220714792354
0.08351301401853561,0.05607687309384346,0.09372335756197572,0.0587325566764921,0.01891560349568182,0.005057220714792354
0.11152072250843048,0.05644679814577103,0.09372335756197572,0.0587325566764921,0.01891560349568182,0.005057220714792354
0.12035853415727615,0.06132899597287178,0.09372335756197572,0.0587325566764921,0.01891560349568182,0.005057220714792354
0.1469568908214569,0.06972267478704453,0.09372335756197572,0.0587325566764921,0.01891560349568182,0.005057220714792354
0.08329841494560242,0.057690493762493134,0.09372335756197572,0.0587325566764921,0.01891560349568182,0.005057220714792354
0.07513579726219177,0.05650023743510246,0.09372335756197572,0.0587325566764921,0.01891560349568182,0.005057220714792354
0.08028452098369598,0.05603717640042305,0.09372335756197572,0.0587325566764921,0.01891560349568182,0.005057220714792354
0.07660951465368271,0.05210483819246292,0.09372335756197572,0.0587325566764921,0.01891560349568182,0.005057220714792354
0.10649776458740234,0.07084473967552185,0.09372335756197572,0.0587325566764921,0.01891560349568182,0.005057220714792354
0.07001587003469467,0.05084461718797684,0.09372335756197572,0.0587325566764921,0.01891560349568182,0.005057220714792354
0.06950507313013077,0.05081457644701004,0.09372335756197572,0.0587325566764921,0.01891560349568182,0.005057220714792354
0.06878601759672165,0.05228578671813011,0.09372335756197572,0.0587325566764921,0.01891560349568182,0.005057220714792354
0.06142277270555496,0.049410559237003326,0.09372335756197572,0.0587325566764921,0.01891560349568182,0.005057220714792354
0.07403627038002014,0.05153244361281395,0.09372335756197572,0.0587325566764921,0.01891560349568182,0.005057220714792354
0.0983295813202858,0.06201644614338875,0.09372335756197572,0.0587325566764921,0.01891560349568182,0.005057220714792354
0.09133736789226532,0.06361100822687149,0.09372335756197572,0.0587325566764921,0.01891560349568182,0.005057220714792354
0.12384045869112015,0.0669526606798172,0.09372335756197572,0.0587325566764921,0.01891560349568182,0.005057220714792354
0.09427636116743088,0.05461285635828972,0.09372335756197572,0.0587325566764921,0.01891560349568182,0.005057220714792354
0.10874243080615997,0.06176329031586647,0.09372335756197572,0.0587325566764921,0.01891560349568182,0.005057220714792354
0.09192899614572525,0.05744956433773041,0.09372335756197572,0.0587325566764921,0.01891560349568182,0.005057220714792354
0.08510676771402359,0.06079067289829254,0.09372335756197572,0.0587325566764921,0.01891560349568182,0.005057220714792354
0.08717715740203857,0.05623578652739525,0.09372335756197572,0.0587325566764921,0.01891560349568182,0.005057220714792354
0.08623431622982025,0.0572158545255661,0.09372335756197572,0.0587325566764921,0.01891560349568182,0.005057220714792354
0.08236472308635712,0.054138001054525375,0.09372335756197572,0.0587325566764921,0.01891560349568182,0.005057220714792354
0.07568325847387314,0.05708764120936394,0.09372335756197572,0.0587325566764921,0.01891560349568182,0.005057220714792354
0.1162974089384079,0.06537336856126785,0.09372335756197572,0.0587325566764921,0.01891560349568182,0.005057220714792354
0.08980126678943634,0.06219818815588951,0.09372335756197572,0.0587325566764921,0.01891560349568182,0.005057220714792354
0.07118740677833557,0.05370306968688965,0.09372335756197572,0.0587325566764921,0.01891560349568182,0.005057220714792354
0.08050045371055603,0.06220356747508049,0.09372335756197572,0.0587325566764921,0.01891560349568182,0.005057220714792354
0.09018905460834503,0.05784102901816368,0.09372335756197572,0.0587325566764921,0.01891560349568182,0.005057220714792354
0.0689496323466301,0.052726879715919495,0.09372335756197572,0.0587325566764921,0.01891560349568182,0.005057220714792354
0.09081193804740906,0.05623922497034073,0.09372335756197572,0.0587325566764921,0.01891560349568182,0.005057220714792354
0.11990697681903839,0.06675189733505249,0.09372335756197572,0.0587325566764921,0.01891560349568182,0.005057220714792354
0.08722663670778275,0.06036578491330147,0.09372335756197572,0.0587325566764921,0.01891560349568182,0.005057220714792354
0.13433590531349182,0.06642761826515198,0.09372335756197572,0.0587325566764921,0.01891560349568182,0.005057220714792354
0.102324940264225,0.06308742612600327,0.09372335756197572,0.0587325566764921,0.01891560349568182,0.005057220714792354
0.08854848146438599,0.053253259509801865,0.09372335756197572,0.0587325566764921,0.01891560349568182,0.005057220714792354
0.07044097036123276,0.054697081446647644,0.09372335756197572,0.0587325566764921,0.01891560349568182,0.005057220714792354
0.09943101555109024,0.06121951714158058,0.09372335756197572,0.0587325566764921,0.01891560349568182,0.005057220714792354
0.12374144792556763,0.06549389660358429,0.09372335756197572,0.0587325566764921,0.01891560349568182,0.005057220714792354
0.08118467032909393,0.057449959218502045,0.09372335756197572,0.0587325566764921,0.01891560349568182,0.005057220714792354
0.11185865849256516,0.06167789548635483,0.09372335756197572,0.0587325566764921,0.01891560349568182,0.005057220714792354
0.08390402793884277,0.0531773641705513,0.09372335756197572,0.0587325566764921,0.01891560349568182,0.005057220714792354
0.07437016069889069,0.053024519234895706,0.09372335756197572,0.0587325566764921,0.01891560349568182,0.005057220714792354
0.1030876487493515,0.05749566853046417,0.09372335756197572,0.0587325566764921,0.01891560349568182,0.005057220714792354
0.1128317192196846,0.06096010282635689,0.09372335756197572,0.0587325566764921,0.01891560349568182,0.005057220714792354
0.12970279157161713,0.06749289482831955,0.09372335756197572,0.0587325566764921,0.01891560349568182,0.005057220714792354
0.11124639213085175,0.05836080387234688,0.09372335756197572,0.0587325566764921,0.01891560349568182,0.005057220714792354
0.10474726557731628,0.05965297296643257,0.09372335756197572,0.0587325566764921,0.01891560349568182,0.005057220714792354
0.09202151000499725,0.05718177929520607,0.09372335756197572,0.0587325566764921,0.01891560349568182,0.005057220714792354
0.09717129915952682,0.06077156960964203,0.09372335756197572,0.0587325566764921,0.01891560349568182,0.005057220714792354
0.08156098425388336,0.05806400999426842,0.09372335756197572,0.0587325566764921,0.01891560349568182,0.005057220714792354
0.11955372244119644,0.06336863338947296,0.09372335756197572,0.0587325566764921,0.01891560349568182,0.005057220714792354
0.06928997486829758,0.05246427655220032,0.09372335756197572,0.0587325566764921,0.01891560349568182,0.005057220714792354
0.08590181916952133,0.05522242933511734,0.09372335756197572,0.0587325566764921,0.01891560349568182,0.005057220714792354
0.09740323573350906,0.05908948555588722,0.09372335756197572,0.0587325566764921,0.01891560349568182,0.005057220714792354
0.10992355644702911,0.060883715748786926,0.09372335756197572,0.0587325566764921,0.01891560349568182,0.005057220714792354
0.1027558296918869,0.061792612075805664,0.09372335756197572,0.0587325566764921,0.01891560349568182,0.005057220714792354
0.08261430263519287,0.057781171053647995,0.09372335756197572,0.0587325566764921,0.01891560349568182,0.005057220714792354
0.08969567716121674,0.054581187665462494,0.09372335756197572,0.0587325566764921,0.01891560349568182,0.005057220714792354
0.07901782542467117,0.057438839226961136,0.09372335756197572,0.0587325566764921,0.01891560349568182,0.005057220714792354
0.07922827452421188,0.057267144322395325,0.09372335756197572,0.0587325566764921,0.01891560349568182,0.005057220714792354
0.11031907796859741,0.06598696112632751,0.09372335756197572,0.0587325566764921,0.01891560349568182,0.005057220714792354
0.09137285500764847,0.06503961980342865,0.09372335756197572,0.0587325566764921,0.01891560349568182,0.005057220714792354
0.09581742435693741,0.057033199816942215,0.09372335756197572,0.0587325566764921,0.01891560349568182,0.005057220714792354
0.08031748980283737,0.05351686477661133,0.09372335756197572,0.0587325566764921,0.01891560349568182,0.005057220714792354
0.08887013047933578,0.05847625806927681,0.09372335756197572,0.0587325566764921,0.01891560349568182,0.005057220714792354
0.09854964166879654,0.05714172124862671,0.09372335756197572,0.0587325566764921,0.01891560349568182,0.005057220714792354
0.09433338046073914,0.06279748678207397,0.09372335756197572,0.0587325566764921,0.01891560349568182,0.005057220714792354
0.062540702521801,0.05033084377646446,0.09372335756197572,0.0587325566764921,0.01891560349568182,0.005057220714792354
0.13295847177505493,0.06950297951698303,0.09372335756197572,0.0587325566764921,0.01891560349568182,0.005057220714792354
0.1305844932794571,0.06750127673149109,0.09372335756197572,0.0587325566764921,0.01891560349568182,0.005057220714792354
0.11717324703931808,0.06574149429798126,0.09372335756197572,0.0587325566764921,0.01891560349568182,0.005057220714792354
0.06515645235776901,0.051359422504901886,0.09372335756197572,0.0587325566764921,0.01891560349568182,0.005057220714792354
0.05750718712806702,0.048591628670692444,0.09372335756197572,0.0587325566764921,0.01891560349568182,0.005057220714792354
0.0911148190498352,0.05819622054696083,0.09372335756197572,0.0587325566764921,0.01891560349568182,0.005057220714792354
0.08680655062198639,0.06264495104551315,0.09372335756197572,0.0587325566764921,0.01891560349568182,0.005057220714792354
0.08490771055221558,0.05556104704737663,0.09372335756197572,0.0587325566764921,0.01891560349568182,0.005057220714792354
0.08487428724765778,0.0548616498708725,0.09372335756197572,0.0587325566764921,0.01891560349568182,0.005057220714792354
0.07847704738378525,0.05437282845377922,0.09372335756197572,0.0587325566764921,0.01891560349568182,0.005057220714792354
0.08613066375255585,0.05460288003087044,0.09372335756197572,0.0587325566764921,0.01891560349568182,0.005057220714792354
0.07731521874666214,0.05560218170285225,0.09372335756197572,0.0587325566764921,0.01891560349568182,0.005057220714792354
0.1439177691936493,0.07061435282230377,0.09372335756197572,0.0587325566764921,0.01891560349568182,0.005057220714792354
0.12820208072662354,0.0660930946469307,0.09372335756197572,0.0587325566764921,0.01891560349568182,0.005057220714792354
0.08388335257768631,0.055903393775224686,0.09372335756197572,0.0587325566764921,0.01891560349568182,0.005057220714792354
0.08938003331422806,0.056828711181879044,0.09372335756197572,0.0587325566764921,0.01891560349568182,0.005057220714792354
0.08990564942359924,0.0560031533241272,0.09372335756197572,0.0587325566764921,0.01891560349568182,0.005057220714792354
0.1227017194032669,0.06342390179634094,0.09372335756197572,0.0587325566764921,0.01891560349568182,0.005057220714792354
0.08027811348438263,0.05547478049993515,0.09372335756197572,0.0587325566764921,0.01891560349568182,0.005057220714792354
0.0957121029496193,0.0600651353597641,0.09372335756197572,0.0587325566764921,0.01891560349568182,0.005057220714792354
0.08231920003890991,0.05738641694188118,0.09372335756197572,0.0587325566764921,0.01891560349568182,0.005057220714792354
0.11263831704854965,0.06381203979253769,0.09372335756197572,0.0587325566764921,0.01891560349568182,0.005057220714792354
0.06874850392341614,0.046945568174123764,0.09372335756197572,0.0587325566764921,0.01891560349568182,0.005057220714792354
0.09253719449043274,0.061023224145174026,0.09372335756197572,0.0587325566764921,0.01891560349568182,0.005057220714792354
0.12010741233825684,0.05799712613224983,0.09372335756197572,0.0587325566764921,0.01891560349568182,0.005057220714792354
0.11315670609474182,0.06286727637052536,0.09372335756197572,0.0587325566764921,0.01891560349568182,0.005057220714792354
0.13448160886764526,0.06867749243974686,0.09372335756197572,0.0587325566764921,0.01891560349568182,0.005057220714792354
0.10073476284742355,0.05784515663981438,0.09372335756197572,0.0587325566764921,0.01891560349568182,0.005057220714792354
0.10021562874317169,0.06046266108751297,0.09372335756197572,0.0587325566764921,0.01891560349568182,0.005057220714792354
0.1341855823993683,0.0701836496591568,0.09372335756197572,0.0587325566764921,0.01891560349568182,0.005057220714792354
0.0694488063454628,0.05330092832446098,0.09372335756197572,0.0587325566764921,0.01891560349568182,0.005057220714792354
0.08396051824092865,0.05804368481040001,0.09372335756197572,0.0587325566764921,0.01891560349568182,0.005057220714792354
0.10246982425451279,0.058223508298397064,0.09372335756197572,0.0587325566764921,0.01891560349568182,0.005057220714792354
0.088185615837574,0.059084825217723846,0.09372335756197572,0.0587325566764921,0.01891560349568182,0.005057220714792354
0.10497142374515533,0.06125399470329285,0.09372335756197572,0.0587325566764921,0.01891560349568182,0.005057220714792354
0.05951637402176857,0.05023553967475891,0.09372335756197572,0.0587325566764921,0.01891560349568182,0.005057220714792354
0.058909811079502106,0.048208512365818024,0.09372335756197572,0.0587325566764921,0.01891560349568182,0.005057220714792354
0.11887897551059723,0.06720546633005142,0.09372335756197572,0.0587325566764921,0.01891560349568182,0.005057220714792354
0.1285329908132553,0.06852457672357559,0.09372335756197572,0.0587325566764921,0.01891560349568182,0.005057220714792354
0.10052861273288727,0.05784258246421814,0.09372335756197572,0.0587325566764921,0.01891560349568182,0.005057220714792354
0.07826826721429825,0.055091530084609985,0.09372335756197572,0.0587325566764921,0.01891560349568182,0.005057220714792354
0.0919220969080925,0.060493215918540955,0.09372335756197572,0.0587325566764921,0.01891560349568182,0.005057220714792354
0.0819125771522522,0.05432994291186333,0.09372335756197572,0.0587325566764921,0.01891560349568182,0.005057220714792354
0.10588666796684265,0.06158280745148659,0.09372335756197572,0.0587325566764921,0.01891560349568182,0.005057220714792354
0.08062434196472168,0.05676603317260742,0.09372335756197572,0.0587325566764921,0.01891560349568182,0.005057220714792354
0.0928906798362732,0.057533666491508484,0.09372335756197572,0.0587325566764921,0.01891560349568182,0.005057220714792354
0.06974343210458755,0.052667807787656784,0.09372335756197572,0.0587325566764921,0.01891560349568182,0.005057220714792354
0.07063182443380356,0.05212688446044922,0.09372335756197572,0.0587325566764921,0.01891560349568182,0.005057220714792354
0.07396417111158371,0.05626819282770157,0.09372335756197572,0.0587325566764921,0.01891560349568182,0.005057220714792354
0.09002529829740524,0.0633736103773117,0.09372335756197572,0.0587325566764921,0.01891560349568182,0.005057220714792354
0.09823931008577347,0.058071836829185486,0.09372335756197572,0.0587325566764921,0.01891560349568182,0.005057220714792354
0.08415713161230087,0.05839850381016731,0.09372335756197572,0.0587325566764921,0.01891560349568182,0.005057220714792354
0.07762668281793594,0.057002633810043335,0.09372335756197572,0.0587325566764921,0.01891560349568182,0.005057220714792354
0.09044240415096283,0.054447658360004425,0.09372335756197572,0.0587325566764921,0.01891560349568182,0.005057220714792354
0.09095270931720734,0.05886349827051163,0.09372335756197572,0.0587325566764921,0.01891560349568182,0.005057220714792354
0.07025381177663803,0.05436808615922928,0.09372335756197572,0.0587325566764921,0.01891560349568182,0.005057220714792354
0.09500923752784729,0.054984480142593384,0.09372335756197572,0.0587325566764921,0.01891560349568182,0.005057220714792354
0.13408046960830688,0.06571050733327866,0.09372335756197572,0.0587325566764921,0.01891560349568182,0.005057220714792354
0.08354109525680542,0.055675625801086426,0.09372335756197572,0.0587325566764921,0.01891560349568182,0.005057220714792354
0.11651819944381714,0.060454774647951126,0.09372335756197572,0.0587325566764921,0.01891560349568182,0.005057220714792354
0.10824044048786163,0.0635763555765152,0.09372335756197572,0.0587325566764921,0.01891560349568182,0.005057220714792354
0.09156563878059387,0.056853096932172775,0.09372335756197572,0.0587325566764921,0.01891560349568182,0.005057220714792354
0.07986069470643997,0.0565844289958477,0.09372335756197572,0.0587325566764921,0.01891560349568182,0.005057220714792354
0.1093694269657135,0.06583967059850693,0.09372335756197572,0.0587325566764921,0.01891560349568182,0.005057220714792354
0.07981070876121521,0.05755341053009033,0.09372335756197572,0.0587325566764921,0.01891560349568182,0.005057220714792354
0.06949073076248169,0.05186806991696358,0.09372335756197572,0.0587325566764921,0.01891560349568182,0.005057220714792354
0.0852653980255127,0.05621404945850372,0.09372335756197572,0.0587325566764921,0.01891560349568182,0.005057220714792354
0.0722283348441124,0.05464189499616623,0.09372335756197572,0.0587325566764921,0.01891560349568182,0.005057220714792354
0.07387389242649078,0.051040586084127426,0.09372335756197572,0.0587325566764921,0.01891560349568182,0.005057220714792354
0.0932072252035141,0.057964470237493515,0.09372335756197572,0.0587325566764921,0.01891560349568182,0.005057220714792354
0.09906620532274246,0.06123722344636917,0.09372335756197572,0.0587325566764921,0.01891560349568182,0.005057220714792354
0.06624872237443924,0.05063788220286369,0.09372335756197572,0.0587325566764921,0.01891560349568182,0.005057220714792354
0.10665933787822723,0.0633348599076271,0.09372335756197572,0.0587325566764921,0.01891560349568182,0.005057220714792354
0.0894189327955246,0.05716371163725853,0.09372335756197572,0.0587325566764921,0.01891560349568182,0.005057220714792354
0.06570940464735031,0.05436660349369049,0.09372335756197572,0.0587325566764921,0.01891560349568182,0.005057220714792354
0.10410552471876144,0.0587361678481102,0.09372335756197572,0.0587325566764921,0.01891560349568182,0.005057220714792354
0.08693034201860428,0.05703774467110634,0.09372335756197572,0.0587325566764921,0.01891560349568182,0.005057220714792354
0.08059486746788025,0.054407861083745956,0.09372335756197572,0.0587325566764921,0.01891560349568182,0.005057220714792354
0.1128971129655838,0.06427840143442154,0.09372335756197572,0.0587325566764921,0.01891560349568182,0.005057220714792354
0.11443756520748138,0.06498509645462036,0.09372335756197572,0.0587325566764921,0.01891560349568182,0.005057220714792354
0.08285826444625854,0.058101456612348557,0.09372335756197572,0.0587325566764921,0.01891560349568182,0.005057220714792354
0.09710168093442917,0.06393009424209595,0.09372335756197572,0.0587325566764921,0.01891560349568182,0.005057220714792354
0.07228229939937592,0.05296345800161362,0.09372335756197572,0.0587325566764921,0.01891560349568182,0.005057220714792354
0.08489018678665161,0.0552644319832325,0.09372335756197572,0.0587325566764921,0.01891560349568182,0.005057220714792354
0.10431718081235886,0.06147678941488266,0.09372335756197572,0.0587325566764921,0.01891560349568182,0.005057220714792354
0.09211034327745438,0.05851190164685249,0.09372335756197572,0.0587325566764921,0.01891560349568182,0.005057220714792354
0.08513811975717545,0.055516183376312256,0.09372335756197572,0.0587325566764921,0.01891560349568182,0.005057220714792354
0.09377232939004898,0.06315471231937408,0.09372335756197572,0.0587325566764921,0.01891560349568182,0.005057220714792354
0.08730921894311905,0.0545329786837101,0.09372335756197572,0.0587325566764921,0.01891560349568182,0.005057220714792354
0.10474436730146408,0.06393196433782578,0.09372335756197572,0.0587325566764921,0.01891560349568182,0.005057220714792354
0.09953418374061584,0.05902424454689026,0.09372335756197572,0.0587325566764921,0.01891560349568182,0.005057220714792354
0.07619918882846832,0.05157431215047836,0.09372335756197572,0.0587325566764921,0.01891560349568182,0.005057220714792354
0.14564870297908783,0.07409926503896713,0.09372335756197572,0.0587325566764921,0.01891560349568182,0.005057220714792354
0.07540904730558395,0.05423822999000549,0.09372335756197572,0.0587325566764921,0.01891560349568182,0.005057220714792354
0.12594373524188995,0.06611810624599457,0.09372335756197572,0.0587325566764921,0.01891560349568182,0.005057220714792354
0.11836911737918854,0.06795298308134079,0.09372335756197572,0.0587325566764921,0.01891560349568182,0.005057220714792354
0.07305126637220383,0.05659392476081848,0.09372335756197572,0.0587325566764921,0.01891560349568182,0.005057220714792354
0.09285800904035568,0.059345658868551254,0.09372335756197572,0.0587325566764921,0.01891560349568182,0.005057220714792354
0.10905888676643372,0.05784627050161362,0.09372335756197572,0.0587325566764921,0.01891560349568182,0.005057220714792354
0.06748593598604202,0.05310448259115219,0.09372335756197572,0.0587325566764921,0.01891560349568182,0.005057220714792354
0.0974058136343956,0.05726388469338417,0.09372335756197572,0.0587325566764921,0.01891560349568182,0.005057220714792354
0.12818928062915802,0.07754933089017868,0.09372335756197572,0.0587325566764921,0.01891560349568182,0.005057220714792354
0.07943838834762573,0.05656515434384346,0.09372335756197572,0.0587325566764921,0.01891560349568182,0.005057220714792354
0.10676217824220657,0.05996984988451004,0.09372335756197572,0.0587325566764921,0.01891560349568182,0.005057220714792354
0.09226128458976746,0.054719939827919006,0.09372335756197572,0.0587325566764921,0.01891560349568182,0.005057220714792354
0.09419701993465424,0.06127554923295975,0.09372335756197572,0.0587325566764921,0.01891560349568182,0.005057220714792354
0.12912026047706604,0.06804990023374557,0.09372335756197572,0.0587325566764921,0.01891560349568182,0.005057220714792354
0.11869809776544571,0.06682265549898148,0.09372335756197572,0.0587325566764921,0.01891560349568182,0.005057220714792354
0.09249668568372726,0.05532233789563179,0.09372335756197572,0.0587325566764921,0.01891560349568182,0.005057220714792354
0.0778254047036171,0.05267839878797531,0.09372335756197572,0.0587325566764921,0.01891560349568182,0.005057220714792354
0.11665944010019302,0.06411157548427582,0.09372335756197572,0.0587325566764921,0.01891560349568182,0.005057220714792354
0.06907346099615097,0.05457186698913574,0.09372335756197572,0.0587325566764921,0.01891560349568182,0.005057220714792354
0.09922872483730316,0.056825295090675354,0.09372335756197572,0.0587325566764921,0.01891560349568182,0.005057220714792354
0.11880006641149521,0.06683655083179474,0.09372335756197572,0.0587325566764921,0.01891560349568182,0.005057220714792354
0.10575871169567108,0.06536245346069336,0.09372335756197572,0.0587325566764921,0.01891560349568182,0.005057220714792354
0.1147637888789177,0.06642702221870422,0.09372335756197572,0.0587325566764921,0.01891560349568182,0.005057220714792354
0.06487004458904266,0.04997449740767479,0.09372335756197572,0.0587325566764921,0.01891560349568182,0.005057220714792354
0.06941913068294525,0.0526992529630661,0.09372335756197572,0.0587325566764921,0.01891560349568182,0.005057220714792354
0.12882459163665771,0.07339152693748474,0.09372335756197572,0.0587325566764921,0.01891560349568182,0.005057220714792354
0.11087441444396973,0.06031635031104088,0.09372335756197572,0.0587325566764921,0.01891560349568182,0.005057220714792354
0.07789018005132675,0.053678374737501144,0.09372335756197572,0.0587325566764921,0.01891560349568182,0.005057220714792354
0.06003677845001221,0.05014514923095703,0.09372335756197572,0.0587325566764921,0.01891560349568182,0.005057220714792354
0.08603217452764511,0.060608796775341034,0.09372335756197572,0.0587325566764921,0.01891560349568182,0.005057220714792354
0.09394066780805588,0.0622619092464447,0.09372335756197572,0.0587325566764921,0.01891560349568182,0.005057220714792354
0.09392974525690079,0.06122925132513046,0.09372335756197572,0.0587325566764921,0.01891560349568182,0.005057220714792354
0.07375558465719223,0.05464036017656326,0.09372335756197572,0.0587325566764921,0.01891560349568182,0.005057220714792354
0.06135803461074829,0.05033664405345917,0.09372335756197572,0.0587325566764921,0.01891560349568182,0.005057220714792354
0.11232517659664154,0.06516615301370621,0.09372335756197572,0.0587325566764921,0.01891560349568182,0.005057220714792354
0.08433584123849869,0.06029631197452545,0.09372335756197572,0.0587325566764921,0.01891560349568182,0.005057220714792354
0.11214098334312439,0.06469567865133286,0.09372335756197572,0.0587325566764921,0.01891560349568182,0.005057220714792354
0.07950438559055328,0.056538455188274384,0.09372335756197572,0.0587325566764921,0.01891560349568182,0.005057220714792354
0.09812170267105103,0.05888262391090393,0.09372335756197572,0.0587325566764921,0.01891560349568182,0.005057220714792354
0.11006014049053192,0.06909116357564926,0.09372335756197572,0.0587325566764921,0.01891560349568182,0.005057220714792354
0.08230948448181152,0.0563037283718586,0.09372335756197572,0.0587325566764921,0.01891560349568182,0.005057220714792354
0.08282684534788132,0.0543210506439209,0.09372335756197572,0.0587325566764921,0.01891560349568182,0.005057220714792354
0.09400572627782822,0.05857991427183151,0.09372335756197572,0.0587325566764921,0.01891560349568182,0.005057220714792354
0.10591820627450943,0.06133288890123367,0.09372335756197572,0.0587325566764921,0.01891560349568182,0.005057220714792354
0.07527470588684082,0.05627533048391342,0.09372335756197572,0.0587325566764921,0.01891560349568182,0.005057220714792354
0.0965242013335228,0.05703422427177429,0.09372335756197572,0.0587325566764921,0.01891560349568182,0.005057220714792354
0.09162374585866928,0.06189701333642006,0.09372335756197572,0.0587325566764921,0.01891560349568182,0.005057220714792354
0.0863075777888298,0.05836052820086479,0.09372335756197572,0.0587325566764921,0.01891560349568182,0.005057220714792354
0.10667356848716736,0.05829525738954544,0.09372335756197572,0.0587325566764921,0.01891560349568182,0.005057220714792354
0.09624260663986206,0.06189636141061783,0.09372335756197572,0.0587325566764921,0.01891560349568182,0.005057220714792354
0.13301245868206024,0.06826683133840561,0.09372335756197572,0.0587325566764921,0.01891560349568182,0.005057220714792354
0.10443273186683655,0.05897660553455353,0.09372335756197572,0.0587325566764921,0.01891560349568182,0.005057220714792354
0.09081805497407913,0.06250761449337006,0.09372335756197572,0.0587325566764921,0.01891560349568182,0.005057220714792354
0.08273785561323166,0.05585017427802086,0.09372335756197572,0.0587325566764921,0.01891560349568182,0.005057220714792354
0.09770680963993073,0.06257917732000351,0.09372335756197572,0.0587325566764921,0.01891560349568182,0.005057220714792354
0.09489109367132187,0.059130750596523285,0.09372335756197572,0.0587325566764921,0.01891560349568182,0.005057220714792354
0.07742809504270554,0.05311236158013344,0.09372335756197572,0.0587325566764921,0.01891560349568182,0.005057220714792354
0.08642318844795227,0.0552922785282135,0.09372335756197572,0.0587325566764921,0.01891560349568182,0.005057220714792354
0.07786407321691513,0.053430330008268356,0.09372335756197572,0.0587325566764921,0.01891560349568182,0.005057220714792354
0.09285363554954529,0.05859963595867157,0.09372335756197572,0.0587325566764921,0.01891560349568182,0.005057220714792354
0.06448931992053986,0.05084746703505516,0.09372335756197572,0.0587325566764921,0.01891560349568182,0.005057220714792354
0.08318538218736649,0.05516703799366951,0.09372335756197572,0.0587325566764921,0.01891560349568182,0.005057220714792354
0.0631871223449707,0.05265039950609207,0.09372335756197572,0.0587325566764921,0.01891560349568182,0.005057220714792354
0.0666065588593483,0.04962923377752304,0.09372335756197572,0.0587325566764921,0.01891560349568182,0.005057220714792354
0.09916550666093826,0.05739473178982735,0.09372335756197572,0.0587325566764921,0.01891560349568182,0.005057220714792354
0.11218320578336716,0.0647827759385109,0.09372335756197572,0.0587325566764921,0.01891560349568182,0.005057220714792354
0.10373661667108536,0.061279892921447754,0.09372335756197572,0.0587325566764921,0.01891560349568182,0.005057220714792354
0.10628485679626465,0.0618775449693203,0.09372335756197572,0.0587325566764921,0.01891560349568182,0.005057220714792354
0.11448316276073456,0.061689332127571106,0.09372335756197572,0.0587325566764921,0.01891560349568182,0.005057220714792354
0.08456636965274811,0.0589219406247139,0.09372335756197572,0.0587325566764921,0.01891560349568182,0.005057220714792354
0.10353511571884155,0.05817200243473053,0.09372335756197572,0.0587325566764921,0.01891560349568182,0.005057220714792354
0.12307962775230408,0.06319504231214523,0.09372335756197572,0.0587325566764921,0.01891560349568182,0.005057220714792354
0.07522590458393097,0.05371604487299919,0.09372335756197572,0.0587325566764921,0.01891560349568182,0.005057220714792354
0.0768032968044281,0.057573143392801285,0.09372335756197572,0.0587325566764921,0.01891560349568182,0.005057220714792354
0.10767439752817154,0.062457360327243805,0.09372335756197572,0.0587325566764921,0.01891560349568182,0.005057220714792354
0.09449165314435959,0.05874679237604141,0.09372335756197572,0.0587325566764921,0.01891560349568182,0.005057220714792354
0.09439794719219208,0.05701132491230965,0.09372335756197572,0.0587325566764921,0.01891560349568182,0.005057220714792354
0.06280843168497086,0.0519263856112957,0.09372335756197572,0.0587325566764921,0.01891560349568182,0.005057220714792354
0.08104924112558365,0.05821673944592476,0.09372335756197572,0.0587325566764921,0.01891560349568182,0.005057220714792354
0.10601852089166641,0.06333596259355545,0.09372335756197572,0.0587325566764921,0.01891560349568182,0.005057220714792354
0.0857548788189888,0.058943092823028564,0.09372335756197572,0.0587325566764921,0.01891560349568182,0.005057220714792354
0.10068175941705704,0.05720270425081253,0.09372335756197572,0.0587325566764921,0.01891560349568182,0.005057220714792354
0.09668605774641037,0.05971859022974968,0.09372335756197572,0.0587325566764921,0.01891560349568182,0.005057220714792354
0.11940164119005203,0.06483042240142822,0.09372335756197572,0.0587325566764921,0.01891560349568182,0.005057220714792354
0.06239233538508415,0.05004628747701645,0.09372335756197572,0.0587325566764921,0.01891560349568182,0.005057220714792354
0.10047128796577454,0.05880993604660034,0.09372335756197572,0.0587325566764921,0.01891560349568182,0.005057220714792354
0.06406477838754654,0.05156388878822327,0.09372335756197572,0.0587325566764921,0.01891560349568182,0.005057220714792354
0.1179547905921936,0.061197444796562195,0.09372335756197572,0.0587325566764921,0.01891560349568182,0.005057220714792354
0.14237730205059052,0.07415620237588882,0.09372335756197572,0.0587325566764921,0.01891560349568182,0.005057220714792354
0.07696211338043213,0.05936630815267563,0.09372335756197572,0.0587325566764921,0.01891560349568182,0.005057220714792354
0.09679251909255981,0.06275380402803421,0.09372335756197572,0.0587325566764921,0.01891560349568182,0.005057220714792354
0.1056504026055336,0.06374559551477432,0.09372335756197572,0.0587325566764921,0.01891560349568182,0.005057220714792354
0.11833339929580688,0.06792964786291122,0.09372335756197572,0.0587325566764921,0.01891560349568182,0.005057220714792354
0.12768962979316711,0.06540580093860626,0.09372335756197572,0.0587325566764921,0.01891560349568182,0.005057220714792354
0.09990128874778748,0.06003281846642494,0.09372335756197572,0.0587325566764921,0.01891560349568182,0.005057220714792354
0.11065327376127243,0.059690553694963455,0.09372335756197572,0.0587325566764921,0.01891560349568182,0.005057220714792354
0.11603809148073196,0.061796460300683975,0.09372335756197572,0.0587325566764921,0.01891560349568182,0.005057220714792354
0.10094356536865234,0.05892259627580643,0.09372335756197572,0.0587325566764921,0.01891560349568182,0.005057220714792354
0.07255998998880386,0.05601596459746361,0.09372335756197572,0.0587325566764921,0.01891560349568182,0.005057220714792354
0.10794676095247269,0.06010955572128296,0.09372335756197572,0.0587325566764921,0.01891560349568182,0.005057220714792354
0.13555750250816345,0.06782564520835876,0.09372335756197572,0.0587325566764921,0.01891560349568182,0.005057220714792354
0.0842285230755806,0.05784161388874054,0.09372335756197572,0.0587325566764921,0.01891560349568182,0.005057220714792354
0.09105740487575531,0.061255283653736115,0.09372335756197572,0.0587325566764921,0.01891560349568182,0.005057220714792354
0.11172433942556381,0.061459872871637344,0.09372335756197572,0.0587325566764921,0.01891560349568182,0.005057220714792354
0.08057603240013123,0.05667746439576149,0.09372335756197572,0.0587325566764921,0.01891560349568182,0.005057220714792354
0.07303775101900101,0.05626962333917618,0.09372335756197572,0.0587325566764921,0.01891560349568182,0.005057220714792354
0.09168574959039688,0.06048380956053734,0.09372335756197572,0.0587325566764921,0.01891560349568182,0.005057220714792354
0.08649951964616776,0.058857131749391556,0.09372335756197572,0.0587325566764921,0.01891560349568182,0.005057220714792354
0.10464464128017426,0.06397354602813721,0.09372335756197572,0.0587325566764921,0.01891560349568182,0.005057220714792354
0.10989031940698624,0.06326672434806824,0.09372335756197572,0.0587325566764921,0.01891560349568182,0.005057220714792354
0.07993736863136292,0.05426311120390892,0.09372335756197572,0.0587325566764921,0.01891560349568182,0.005057220714792354
0.07714828103780746,0.05406172201037407,0.09372335756197572,0.0587325566764921,0.01891560349568182,0.005057220714792354
0.06655824929475784,0.05273089185357094,0.09372335756197572,0.0587325566764921,0.01891560349568182,0.005057220714792354
0.11463920027017593,0.05721574276685715,0.09372335756197572,0.0587325566764921,0.01891560349568182,0.005057220714792354
0.07651752233505249,0.05894894152879715,0.09372335756197572,0.0587325566764921,0.01891560349568182,0.005057220714792354
0.08923105150461197,0.05920305848121643,0.09372335756197572,0.0587325566764921,0.01891560349568182,0.005057220714792354
0.06961788982152939,0.05176481977105141,0.09372335756197572,0.0587325566764921,0.01891560349568182,0.005057220714792354
0.08954925835132599,0.060744937509298325,0.09372335756197572,0.0587325566764921,0.01891560349568182,0.005057220714792354
0.11162446439266205,0.061980970203876495,0.09372335756197572,0.0587325566764921,0.01891560349568182,0.005057220714792354
0.06211220473051071,0.05021388456225395,0.09372335756197572,0.0587325566764921,0.01891560349568182,0.005057220714792354
0.06918781250715256,0.055376775562763214,0.09372335756197572,0.0587325566764921,0.01891560349568182,0.005057220714792354
0.09835175424814224,0.06183047220110893,0.09372335756197572,0.0587325566764921,0.01891560349568182,0.005057220714792354
0.12053308635950089,0.06572885066270828,0.09372335756197572,0.0587325566764921,0.01891560349568182,0.005057220714792354
0.09477531164884567,0.057224005460739136,0.09372335756197572,0.0587325566764921,0.01891560349568182,0.005057220714792354
0.08968466520309448,0.058902204036712646,0.09372335756197572,0.0587325566764921,0.01891560349568182,0.005057220714792354
0.06970364600419998,0.04921775683760643,0.09372335756197572,0.0587325566764921,0.01891560349568182,0.005057220714792354
0.08494816720485687,0.05300462990999222,0.09372335756197572,0.0587325566764921,0.01891560349568182,0.005057220714792354
0.12454111874103546,0.06521941721439362,0.09372335756197572,0.0587325566764921,0.01891560349568182,0.005057220714792354
0.10225825011730194,0.060886211693286896,0.09372335756197572,0.0587325566764921,0.01891560349568182,0.005057220714792354
0.08133300393819809,0.05534284934401512,0.09372335756197572,0.0587325566764921,0.01891560349568182,0.005057220714792354
0.08449430018663406,0.05915261059999466,0.09372335756197572,0.0587325566764921,0.01891560349568182,0.005057220714792354
0.10872761905193329,0.061542123556137085,0.09372335756197572,0.0587325566764921,0.01891560349568182,0.005057220714792354
0.091273233294487,0.059027936309576035,0.09372335756197572,0.0587325566764921,0.01891560349568182,0.005057220714792354
0.09555015712976456,0.05740032717585564,0.09372335756197572,0.0587325566764921,0.01891560349568182,0.005057220714792354
0.07801122963428497,0.05580776929855347,0.09372335756197572,0.0587325566764921,0.01891560349568182,0.005057220714792354
0.08743912726640701,0.05755656212568283,0.09372335756197572,0.0587325566764921,0.01891560349568182,0.005057220714792354
0.11120618134737015,0.061679717153310776,0.09372335756197572,0.0587325566764921,0.01891560349568182,0.005057220714792354
0.07954275608062744,0.05845481902360916,0.09372335756197572,0.0587325566764921,0.01891560349568182,0.005057220714792354
0.07682594656944275,0.06063632294535637,0.09372335756197572,0.0587325566764921,0.01891560349568182,0.005057220714792354
0.09900034219026566,0.05812136083841324,0.09372335756197572,0.0587325566764921,0.01891560349568182,0.005057220714792354
0.09182950854301453,0.05921359360218048,0.09372335756197572,0.0587325566764921,0.01891560349568182,0.005057220714792354
0.08471798151731491,0.055388376116752625,0.09372335756197572,0.0587325566764921,0.01891560349568182,0.005057220714792354
0.08299069106578827,0.05404447019100189,0.09372335756197572,0.0587325566764921,0.01891560349568182,0.005057220714792354
0.09907139837741852,0.061245933175086975,0.09372335756197572,0.0587325566764921,0.01891560349568182,0.005057220714792354
0.08887149393558502,0.058982059359550476,0.09372335756197572,0.0587325566764921,0.01891560349568182,0.005057220714792354
0.09724622219800949,0.06195128336548805,0.09372335756197572,0.0587325566764921,0.01891560349568182,0.005057220714792354
0.08045050501823425,0.05416696146130562,0.09372335756197572,0.0587325566764921,0.01891560349568182,0.005057220714792354
0.08010657876729965,0.056411225348711014,0.09372335756197572,0.0587325566764921,0.01891560349568182,0.005057220714792354
0.09036975353956223,0.059336114674806595,0.09372335756197572,0.0587325566764921,0.01891560349568182,0.005057220714792354
0.08813830465078354,0.05974894016981125,0.09372335756197572,0.0587325566764921,0.01891560349568182,0.005057220714792354
0.11187499016523361,0.06146898865699768,0.09372335756197572,0.0587325566764921,0.01891560349568182,0.005057220714792354
0.09133253246545792,0.05635003000497818,0.09372335756197572,0.0587325566764921,0.01891560349568182,0.005057220714792354
0.11208681762218475,0.06152638792991638,0.09372335756197572,0.0587325566764921,0.01891560349568182,0.005057220714792354
0.09879390150308609,0.05972204729914665,0.09372335756197572,0.0587325566764921,0.01891560349568182,0.005057220714792354
0.10280074924230576,0.056682609021663666,0.09372335756197572,0.0587325566764921,0.01891560349568182,0.005057220714792354
0.07909899950027466,0.0519656278192997,0.09372335756197572,0.0587325566764921,0.01891560349568182,0.005057220714792354
0.08325953036546707,0.05690963566303253,0.09372335756197572,0.0587325566764921,0.01891560349568182,0.005057220714792354
0.09141477942466736,0.059973400086164474,0.09372335756197572,0.0587325566764921,0.01891560349568182,0.005057220714792354
0.10618270933628082,0.06351815909147263,0.09372335756197572,0.0587325566764921,0.01891560349568182,0.005057220714792354
0.12331611663103104,0.06568151712417603,0.09372335756197572,0.0587325566764921,0.01891560349568182,0.005057220714792354
0.12160710245370865,0.06923152506351471,0.09372335756197572,0.0587325566764921,0.01891560349568182,0.005057220714792354
0.08443577587604523,0.06258462369441986,0.09372335756197572,0.0587325566764921,0.01891560349568182,0.005057220714792354
0.09785404801368713,0.059557415544986725,0.09372335756197572,0.0587325566764921,0.01891560349568182,0.005057220714792354
0.09155884385108948,0.052791375666856766,0.09372335756197572,0.0587325566764921,0.01891560349568182,0.005057220714792354
0.07620811462402344,0.05575920641422272,0.09372335756197572,0.0587325566764921,0.01891560349568182,0.005057220714792354
0.07619231194257736,0.05722706392407417,0.09372335756197572,0.0587325566764921,0.01891560349568182,0.005057220714792354
0.10742975771427155,0.06244702264666557,0.09372335756197572,0.0587325566764921,0.01891560349568182,0.005057220714792354
0.09775780886411667,0.056153539568185806,0.09372335756197572,0.0587325566764921,0.01891560349568182,0.005057220714792354
0.08473839610815048,0.057908885180950165,0.09372335756197572,0.0587325566764921,0.01891560349568182,0.005057220714792354
0.09759044647216797,0.057868119329214096,0.09372335756197572,0.0587325566764921,0.01891560349568182,0.005057220714792354
0.1148914098739624,0.0615035817027092,0.09372335756197572,0.0587325566764921,0.01891560349568182,0.005057220714792354
0.07044210284948349,0.05365849658846855,0.09372335756197572,0.0587325566764921,0.01891560349568182,0.005057220714792354
0.08771966397762299,0.055605512112379074,0.09372335756197572,0.0587325566764921,0.01891560349568182,0.005057220714792354
0.11807301640510559,0.06032513827085495,0.09372335756197572,0.0587325566764921,0.01891560349568182,0.005057220714792354
0.12875200808048248,0.06638329476118088,0.09372335756197572,0.0587325566764921,0.01891560349568182,0.005057220714792354
0.1188240721821785,0.06623130291700363,0.09372335756197572,0.0587325566764921,0.01891560349568182,0.005057220714792354
0.1099732294678688,0.060376595705747604,0.09372335756197572,0.0587325566764921,0.01891560349568182,0.005057220714792354
0.09807999432086945,0.06398738920688629,0.09372335756197572,0.0587325566764921,0.01891560349568182,0.005057220714792354
0.07447388768196106,0.057054974138736725,0.09372335756197572,0.0587325566764921,0.01891560349568182,0.005057220714792354
0.11505619436502457,0.05816665664315224,0.09372335756197572,0.0587325566764921,0.01891560349568182,0.005057220714792354
0.0717058777809143,0.05396743491292,0.09372335756197572,0.0587325566764921,0.01891560349568182,0.005057220714792354
0.08909154683351517,0.05847104266285896,0.09372335756197572,0.0587325566764921,0.01891560349568182,0.005057220714792354
0.142006516456604,0.06910384446382523,0.09372335756197572,0.0587325566764921,0.01891560349568182,0.005057220714792354
0.06163977459073067,0.05041614919900894,0.09372335756197572,0.0587325566764921,0.01891560349568182,0.005057220714792354
0.0795605257153511,0.05966958776116371,0.09372335756197572,0.0587325566764921,0.01891560349568182,0.005057220714792354
0.10809255391359329,0.06561242043972015,0.09372335756197572,0.0587325566764921,0.01891560349568182,0.005057220714792354
0.10332673043012619,0.060786958783864975,0.09372335756197572,0.0587325566764921,0.01891560349568182,0.005057220714792354
0.07892195135354996,0.05762409046292305,0.09372335756197572,0.0587325566764921,0.01891560349568182,0.005057220714792354
0.10480564087629318,0.05995149910449982,0.09372335756197572,0.0587325566764921,0.01891560349568182,0.005057220714792354
0.0764559656381607,0.056401871144771576,0.09372335756197572,0.0587325566764921,0.01891560349568182,0.005057220714792354
0.06293296068906784,0.04775693640112877,0.09372335756197572,0.0587325566764921,0.01891560349568182,0.005057220714792354
0.08551529049873352,0.06003259867429733,0.09372335756197572,0.0587325566764921,0.01891560349568182,0.005057220714792354
